image,text
./data/synthetic/synthetic_data_b/Aircraft_Syn/0.jpeg,a photo of a cucumber.
./data/synthetic/synthetic_data_b/Aircraft_Syn/1.jpeg,a photo of a bow window/outdoor.
./data/synthetic/synthetic_data_b/Aircraft_Syn/2.jpeg,a photo of a dining car.
./data/synthetic/synthetic_data_b/Aircraft_Syn/3.jpeg,a photo of a Cairn Terrier.
./data/synthetic/synthetic_data_b/Aircraft_Syn/4.jpeg,"a photo of a Chevrolet TrailBlazer SS 2009, a type of car."
./data/synthetic/synthetic_data_b/Aircraft_Syn/5.jpeg,"a photo of a giant white arum lily, a type of flower."
./data/synthetic/synthetic_data_b/Aircraft_Syn/6.jpeg,a photo of a barometer.
./data/synthetic/synthetic_data_b/Aircraft_Syn/7.jpeg,a photo of a tea cup.
./data/synthetic/synthetic_data_b/Aircraft_Syn/8.jpeg,a photo of a balaclava ski mask.
./data/synthetic/synthetic_data_b/Aircraft_Syn/9.jpeg,"a photo of a wild pansy, a type of flower."
./data/synthetic/synthetic_data_b/Aircraft_Syn/10.jpeg,a photo of a one-piece bathing suit.
./data/synthetic/synthetic_data_b/Aircraft_Syn/11.jpeg,a photo of a ford model t.
./data/synthetic/synthetic_data_b/Aircraft_Syn/12.jpeg,a photo of a small white butterfly.
./data/synthetic/synthetic_data_b/Aircraft_Syn/13.jpeg,"a photo of a spring rolls, a type of food."
./data/synthetic/synthetic_data_b/Aircraft_Syn/14.jpeg,a photo of a bazaar/outdoor.
./data/synthetic/synthetic_data_b/Aircraft_Syn/15.jpeg,a photo of a partridge.
./data/synthetic/synthetic_data_b/Aircraft_Syn/16.jpeg,a photo of a car interior/frontseat.
./data/synthetic/synthetic_data_b/Aircraft_Syn/17.jpeg,"a photo of a Honda Odyssey Minivan 2012, a type of car."
./data/synthetic/synthetic_data_b/Aircraft_Syn/18.jpeg,"a photo of a Chevrolet Malibu Hybrid Sedan 2010, a type of car."
./data/synthetic/synthetic_data_b/Aircraft_Syn/19.jpeg,a photo of a Siberian Husky.
./data/synthetic/synthetic_data_b/Aircraft_Syn/20.jpeg,a photo of a crash helmet.
./data/synthetic/synthetic_data_b/Aircraft_Syn/21.jpeg,a photo of a daisy.
./data/synthetic/synthetic_data_b/Aircraft_Syn/22.jpeg,"a photo of a Abyssinian, a type of pet."
./data/synthetic/synthetic_data_b/Aircraft_Syn/23.jpeg,a photo of a jigsaw puzzle.
./data/synthetic/synthetic_data_b/Aircraft_Syn/24.jpeg,a photo of a altar.
./data/synthetic/synthetic_data_b/Aircraft_Syn/25.jpeg,a photo of a plant pot.
./data/synthetic/synthetic_data_b/Aircraft_Syn/26.jpeg,a photo of a veranda.
./data/synthetic/synthetic_data_b/Aircraft_Syn/27.jpeg,a photo of a wombat.
./data/synthetic/synthetic_data_b/Aircraft_Syn/28.jpeg,a photo of a ski lodge.
./data/synthetic/synthetic_data_b/Aircraft_Syn/29.jpeg,"a photo of a pincushion flower, a type of flower."
./data/synthetic/synthetic_data_b/Aircraft_Syn/30.jpeg,a photo of a ring binder.
./data/synthetic/synthetic_data_b/Aircraft_Syn/31.jpeg,a photo of a collie.
./data/synthetic/synthetic_data_b/Aircraft_Syn/32.jpeg,a photo of a castle.
./data/synthetic/synthetic_data_b/Aircraft_Syn/33.jpeg,"a photo of a waffles, a type of food."
./data/synthetic/synthetic_data_b/Aircraft_Syn/34.jpeg,a photo of a violin.
./data/synthetic/synthetic_data_b/Aircraft_Syn/35.jpeg,a photo of a monitor.
./data/synthetic/synthetic_data_b/Aircraft_Syn/36.jpeg,a photo of a American bullfrog.
./data/synthetic/synthetic_data_b/Aircraft_Syn/37.jpeg,a photo of a wild boar.
./data/synthetic/synthetic_data_b/Aircraft_Syn/38.jpeg,a photo of a harbor.
./data/synthetic/synthetic_data_b/Aircraft_Syn/39.jpeg,a photo of a freight car.
./data/synthetic/synthetic_data_b/Aircraft_Syn/40.jpeg,"a photo of a baby back ribs, a type of food."
./data/synthetic/synthetic_data_b/Aircraft_Syn/41.jpeg,a photo of a French Bulldog.
./data/synthetic/synthetic_data_b/Aircraft_Syn/42.jpeg,a photo of a keyboard space bar.
./data/synthetic/synthetic_data_b/Aircraft_Syn/43.jpeg,a photo of a gazebo/exterior.
./data/synthetic/synthetic_data_b/Aircraft_Syn/44.jpeg,a photo of a church.
./data/synthetic/synthetic_data_b/Aircraft_Syn/45.jpeg,a photo of a magpie.
./data/synthetic/synthetic_data_b/Aircraft_Syn/46.jpeg,a photo of a partridge.
./data/synthetic/synthetic_data_b/Aircraft_Syn/47.jpeg,"a photo of a Volkswagen Golf Hatchback 1991, a type of car."
./data/synthetic/synthetic_data_b/Aircraft_Syn/48.jpeg,a photo of a food court.
./data/synthetic/synthetic_data_b/Aircraft_Syn/49.jpeg,"a photo of a gazania, a type of flower."
./data/synthetic/synthetic_data_b/Aircraft_Syn/50.jpeg,a photo of a coral reef.
./data/synthetic/synthetic_data_b/Aircraft_Syn/51.jpeg,"a photo of a osteospermum, a type of flower."
./data/synthetic/synthetic_data_b/Aircraft_Syn/52.jpeg,"a photo of a club sandwich, a type of food."
./data/synthetic/synthetic_data_b/Aircraft_Syn/53.jpeg,a photo of a leafhopper.
./data/synthetic/synthetic_data_b/Aircraft_Syn/54.jpeg,a photo of a refrigerator.
./data/synthetic/synthetic_data_b/Aircraft_Syn/55.jpeg,a photo of a dining car.
./data/synthetic/synthetic_data_b/Aircraft_Syn/56.jpeg,a photo of a Kerry Blue Terrier.
./data/synthetic/synthetic_data_b/Aircraft_Syn/57.jpeg,a photo of a candy store.
./data/synthetic/synthetic_data_b/Aircraft_Syn/58.jpeg,a photo of a ringlet butterfly.
./data/synthetic/synthetic_data_b/Aircraft_Syn/59.jpeg,"a photo of a Audi S4 Sedan 2007, a type of car."
./data/synthetic/synthetic_data_b/Aircraft_Syn/60.jpeg,a photo of a Yorkshire Terrier.
./data/synthetic/synthetic_data_b/Aircraft_Syn/61.jpeg,"a photo of a cautleya spicata, a type of flower."
./data/synthetic/synthetic_data_b/Aircraft_Syn/62.jpeg,"a photo of a pad thai, a type of food."
./data/synthetic/synthetic_data_b/Aircraft_Syn/63.jpeg,a photo of a paddle.
./data/synthetic/synthetic_data_b/Aircraft_Syn/64.jpeg,a photo of a control room.
./data/synthetic/synthetic_data_b/Aircraft_Syn/65.jpeg,"a photo of a risotto, a type of food."
./data/synthetic/synthetic_data_b/Aircraft_Syn/66.jpeg,a photo of a American lobster.
./data/synthetic/synthetic_data_b/Aircraft_Syn/67.jpeg,a photo of a American lobster.
./data/synthetic/synthetic_data_b/Aircraft_Syn/68.jpeg,a photo of a plastic bag.
./data/synthetic/synthetic_data_b/Aircraft_Syn/69.jpeg,"a photo of a English Setter, a type of pet."
./data/synthetic/synthetic_data_b/Aircraft_Syn/70.jpeg,a photo of a praying mantis.
./data/synthetic/synthetic_data_b/Aircraft_Syn/71.jpeg,"a photo of a ball moss, a type of flower."
./data/synthetic/synthetic_data_b/Aircraft_Syn/72.jpeg,"a photo of a FIAT 500 Abarth 2012, a type of car."
./data/synthetic/synthetic_data_b/Aircraft_Syn/73.jpeg,a photo of a golf course.
./data/synthetic/synthetic_data_b/Aircraft_Syn/74.jpeg,a photo of a Cocker Spaniel.
./data/synthetic/synthetic_data_b/Aircraft_Syn/75.jpeg,a photo of a Great Pyrenees dog.
./data/synthetic/synthetic_data_b/Aircraft_Syn/76.jpeg,a photo of a toilet paper.
./data/synthetic/synthetic_data_b/Aircraft_Syn/77.jpeg,a photo of a carousel.
./data/synthetic/synthetic_data_b/Aircraft_Syn/78.jpeg,a photo of a medicine cabinet.
./data/synthetic/synthetic_data_b/Aircraft_Syn/79.jpeg,"a photo of a Jaguar XK XKR 2012, a type of car."
./data/synthetic/synthetic_data_b/Aircraft_Syn/80.jpeg,a photo of a garbage dump.
./data/synthetic/synthetic_data_b/Aircraft_Syn/81.jpeg,"a photo of a English Setter, a type of pet."
./data/synthetic/synthetic_data_b/Aircraft_Syn/82.jpeg,a photo of a cockpit.
./data/synthetic/synthetic_data_b/Aircraft_Syn/83.jpeg,a photo of a perfume.
./data/synthetic/synthetic_data_b/Aircraft_Syn/84.jpeg,a photo of a inn/outdoor.
./data/synthetic/synthetic_data_b/Aircraft_Syn/85.jpeg,a photo of a waiting room.
./data/synthetic/synthetic_data_b/Aircraft_Syn/86.jpeg,a photo of a water bottle.
./data/synthetic/synthetic_data_b/Aircraft_Syn/87.jpeg,a photo of a bookstore.
./data/synthetic/synthetic_data_b/Aircraft_Syn/88.jpeg,a photo of a gar fish.
./data/synthetic/synthetic_data_b/Aircraft_Syn/89.jpeg,a photo of a frilled-necked lizard.
./data/synthetic/synthetic_data_b/Aircraft_Syn/90.jpeg,"a photo of a bearded iris, a type of flower."
./data/synthetic/synthetic_data_b/Aircraft_Syn/91.jpeg,a photo of a salt shaker.
./data/synthetic/synthetic_data_b/Aircraft_Syn/92.jpeg,a photo of a pole.
./data/synthetic/synthetic_data_b/Aircraft_Syn/93.jpeg,a photo of a baseball field.
./data/synthetic/synthetic_data_b/Aircraft_Syn/94.jpeg,a photo of a African wild dog.
./data/synthetic/synthetic_data_b/Aircraft_Syn/95.jpeg,a photo of a cornet.
./data/synthetic/synthetic_data_b/Aircraft_Syn/96.jpeg,a photo of a wrestling ring/indoor.
./data/synthetic/synthetic_data_b/Aircraft_Syn/97.jpeg,a photo of a black grouse.
./data/synthetic/synthetic_data_b/Aircraft_Syn/98.jpeg,a photo of a gyromitra.
./data/synthetic/synthetic_data_b/Aircraft_Syn/99.jpeg,a photo of a airplane cabin.
./data/synthetic/synthetic_data_b/Aircraft_Syn/100.jpeg,a photo of a sink.
./data/synthetic/synthetic_data_b/Aircraft_Syn/101.jpeg,"a photo of a Jeep Patriot SUV 2012, a type of car."
./data/synthetic/synthetic_data_b/Aircraft_Syn/102.jpeg,a photo of a horse-drawn vehicle.
./data/synthetic/synthetic_data_b/Aircraft_Syn/103.jpeg,"a photo of a Ford GT Coupe 2006, a type of car."
./data/synthetic/synthetic_data_b/Aircraft_Syn/104.jpeg,"a photo of a columbine, a type of flower."
./data/synthetic/synthetic_data_b/Aircraft_Syn/105.jpeg,"a photo of a Acura TL Type-S 2008, a type of car."
./data/synthetic/synthetic_data_b/Aircraft_Syn/106.jpeg,a photo of a giant panda.
./data/synthetic/synthetic_data_b/Aircraft_Syn/107.jpeg,"a photo of a Mercedes-Benz 300-Class Convertible 1993, a type of car."
./data/synthetic/synthetic_data_b/Aircraft_Syn/108.jpeg,a photo of a common squirrel monkey.
./data/synthetic/synthetic_data_b/Aircraft_Syn/109.jpeg,"a photo of a Ford F-150 Regular Cab 2007, a type of car."
./data/synthetic/synthetic_data_b/Aircraft_Syn/110.jpeg,a photo of a Petri dish.
./data/synthetic/synthetic_data_b/Aircraft_Syn/111.jpeg,a photo of a modem.
./data/synthetic/synthetic_data_b/Aircraft_Syn/112.jpeg,a photo of a boat deck.
./data/synthetic/synthetic_data_b/Aircraft_Syn/113.jpeg,a photo of a carbonara.
./data/synthetic/synthetic_data_b/Aircraft_Syn/114.jpeg,a photo of a fountain pen.
./data/synthetic/synthetic_data_b/Aircraft_Syn/115.jpeg,a photo of a stable.
./data/synthetic/synthetic_data_b/Aircraft_Syn/116.jpeg,a photo of a office building.
./data/synthetic/synthetic_data_b/Aircraft_Syn/117.jpeg,"a photo of a deviled eggs, a type of food."
./data/synthetic/synthetic_data_b/Aircraft_Syn/118.jpeg,a photo of a shed.
./data/synthetic/synthetic_data_b/Aircraft_Syn/119.jpeg,"a photo of a Hyundai Accent Sedan 2012, a type of car."
./data/synthetic/synthetic_data_b/Aircraft_Syn/120.jpeg,a photo of a sea urchin.
./data/synthetic/synthetic_data_b/Aircraft_Syn/121.jpeg,a photo of a common redshank.
./data/synthetic/synthetic_data_b/Aircraft_Syn/122.jpeg,"a photo of a Dodge Sprinter Cargo Van 2009, a type of car."
./data/synthetic/synthetic_data_b/Aircraft_Syn/123.jpeg,a photo of a leafhopper.
./data/synthetic/synthetic_data_b/Aircraft_Syn/124.jpeg,a photo of a traffic light.
./data/synthetic/synthetic_data_b/Aircraft_Syn/125.jpeg,a photo of a iPod.
./data/synthetic/synthetic_data_b/Aircraft_Syn/126.jpeg,a photo of a manufactured home.
./data/synthetic/synthetic_data_b/Aircraft_Syn/127.jpeg,a photo of a doormat.
./data/synthetic/synthetic_data_b/Aircraft_Syn/128.jpeg,"a photo of a Ford Edge SUV 2012, a type of car."
./data/synthetic/synthetic_data_b/Aircraft_Syn/129.jpeg,a photo of a race car.
./data/synthetic/synthetic_data_b/Aircraft_Syn/130.jpeg,a photo of a popsicle.
./data/synthetic/synthetic_data_b/Aircraft_Syn/131.jpeg,a photo of a goldfish.
./data/synthetic/synthetic_data_b/Aircraft_Syn/132.jpeg,a photo of a elevator/interior.
./data/synthetic/synthetic_data_b/Aircraft_Syn/133.jpeg,"a photo of the number: ""9 - nine""."
./data/synthetic/synthetic_data_b/Aircraft_Syn/134.jpeg,"a photo of a BMW X3 SUV 2012, a type of car."
./data/synthetic/synthetic_data_b/Aircraft_Syn/135.jpeg,a photo of a saxophone.
./data/synthetic/synthetic_data_b/Aircraft_Syn/136.jpeg,a photo of a booth/indoor.
./data/synthetic/synthetic_data_b/Aircraft_Syn/137.jpeg,a photo of a howler monkey.
./data/synthetic/synthetic_data_b/Aircraft_Syn/138.jpeg,a photo of a train station/platform.
./data/synthetic/synthetic_data_b/Aircraft_Syn/139.jpeg,a photo of a banded gecko.
./data/synthetic/synthetic_data_b/Aircraft_Syn/140.jpeg,"a photo of a panna cotta, a type of food."
./data/synthetic/synthetic_data_b/Aircraft_Syn/141.jpeg,a photo of a ruin.
./data/synthetic/synthetic_data_b/Aircraft_Syn/142.jpeg,a photo of a projector.
./data/synthetic/synthetic_data_b/Aircraft_Syn/143.jpeg,a photo of a elevator/interior.
./data/synthetic/synthetic_data_b/Aircraft_Syn/144.jpeg,"a photo of a peking duck, a type of food."
./data/synthetic/synthetic_data_b/Aircraft_Syn/145.jpeg,a photo of a chain-link fence.
./data/synthetic/synthetic_data_b/Aircraft_Syn/146.jpeg,a photo of a minivan.
./data/synthetic/synthetic_data_b/Aircraft_Syn/147.jpeg,a photo of a ball pit.
./data/synthetic/synthetic_data_b/Aircraft_Syn/148.jpeg,a photo of a spoonbill.
./data/synthetic/synthetic_data_b/Aircraft_Syn/149.jpeg,"a photo of a english marigold, a type of flower."
./data/synthetic/synthetic_data_b/Aircraft_Syn/150.jpeg,"a photo of a Ferrari 458 Italia Coupe 2012, a type of car."
./data/synthetic/synthetic_data_b/Aircraft_Syn/151.jpeg,a photo of a mansion.
./data/synthetic/synthetic_data_b/Aircraft_Syn/152.jpeg,a photo of a shower cap.
./data/synthetic/synthetic_data_b/Aircraft_Syn/153.jpeg,a photo of a giant panda.
./data/synthetic/synthetic_data_b/Aircraft_Syn/154.jpeg,"a photo of a Chevrolet Silverado 1500 Extended Cab 2012, a type of car."
./data/synthetic/synthetic_data_b/Aircraft_Syn/155.jpeg,"a photo of a bishop of llandaff, a type of flower."
./data/synthetic/synthetic_data_b/Aircraft_Syn/156.jpeg,"a photo of a Audi TT Hatchback 2011, a type of car."
./data/synthetic/synthetic_data_b/Aircraft_Syn/157.jpeg,a photo of a cubicle/office.
./data/synthetic/synthetic_data_b/Aircraft_Syn/158.jpeg,"a photo of a Hyundai Veloster Hatchback 2012, a type of car."
./data/synthetic/synthetic_data_b/Aircraft_Syn/159.jpeg,a photo of a praying mantis.
./data/synthetic/synthetic_data_b/Aircraft_Syn/160.jpeg,"a photo of a lasagna, a type of food."
./data/synthetic/synthetic_data_b/Aircraft_Syn/161.jpeg,a photo of a grand piano.
./data/synthetic/synthetic_data_b/Aircraft_Syn/162.jpeg,a photo of a mobile home.
./data/synthetic/synthetic_data_b/Aircraft_Syn/163.jpeg,a photo of a suspension bridge.
./data/synthetic/synthetic_data_b/Aircraft_Syn/164.jpeg,"a photo of a Bengal, a type of pet."
./data/synthetic/synthetic_data_b/Aircraft_Syn/165.jpeg,a photo of a mixing bowl.
./data/synthetic/synthetic_data_b/Aircraft_Syn/166.jpeg,a photo of a Briard.
./data/synthetic/synthetic_data_b/Aircraft_Syn/167.jpeg,a photo of a Giant Schnauzer.
./data/synthetic/synthetic_data_b/Aircraft_Syn/168.jpeg,"a photo of a Chevrolet Monte Carlo Coupe 2007, a type of car."
./data/synthetic/synthetic_data_b/Aircraft_Syn/169.jpeg,"a photo of a tiger lily, a type of flower."
./data/synthetic/synthetic_data_b/Aircraft_Syn/170.jpeg,a photo of a common gallinule.
./data/synthetic/synthetic_data_b/Aircraft_Syn/171.jpeg,a photo of a sulphur-crested cockatoo.
./data/synthetic/synthetic_data_b/Aircraft_Syn/172.jpeg,a photo of a pantry.
./data/synthetic/synthetic_data_b/Aircraft_Syn/173.jpeg,a photo of a Toy Poodle.
./data/synthetic/synthetic_data_b/Aircraft_Syn/174.jpeg,a photo of a orangutan.
./data/synthetic/synthetic_data_b/Aircraft_Syn/175.jpeg,a photo of a swimming pool/outdoor.
./data/synthetic/synthetic_data_b/Aircraft_Syn/176.jpeg,a photo of a green mamba.
./data/synthetic/synthetic_data_b/Aircraft_Syn/177.jpeg,a photo of a assault rifle.
./data/synthetic/synthetic_data_b/Aircraft_Syn/178.jpeg,a photo of a Cocker Spaniel.
./data/synthetic/synthetic_data_b/Aircraft_Syn/179.jpeg,a photo of a stinkhorn mushroom.
./data/synthetic/synthetic_data_b/Aircraft_Syn/180.jpeg,a photo of a rock beauty fish.
./data/synthetic/synthetic_data_b/Aircraft_Syn/181.jpeg,a photo of a Soft-coated Wheaten Terrier.
./data/synthetic/synthetic_data_b/Aircraft_Syn/182.jpeg,a photo of a sea snake.
./data/synthetic/synthetic_data_b/Aircraft_Syn/183.jpeg,"a photo of a Nissan Juke Hatchback 2012, a type of car."
./data/synthetic/synthetic_data_b/Aircraft_Syn/184.jpeg,"a photo of a Bombay, a type of pet."
./data/synthetic/synthetic_data_b/Aircraft_Syn/185.jpeg,a photo of a parking garage/indoor.
./data/synthetic/synthetic_data_b/Aircraft_Syn/186.jpeg,a photo of a ski.
./data/synthetic/synthetic_data_b/Aircraft_Syn/187.jpeg,"a photo of a sweet pea, a type of flower."
./data/synthetic/synthetic_data_b/Aircraft_Syn/188.jpeg,"a photo of a Acura TL Type-S 2008, a type of car."
./data/synthetic/synthetic_data_b/Aircraft_Syn/189.jpeg,"a photo of a Chrysler Sebring Convertible 2010, a type of car."
./data/synthetic/synthetic_data_b/Aircraft_Syn/190.jpeg,"a photo of a ramen, a type of food."
./data/synthetic/synthetic_data_b/Aircraft_Syn/191.jpeg,"a photo of a ball moss, a type of flower."
./data/synthetic/synthetic_data_b/Aircraft_Syn/192.jpeg,"a photo of a cannoli, a type of food."
./data/synthetic/synthetic_data_b/Aircraft_Syn/193.jpeg,a photo of a cuirass.
./data/synthetic/synthetic_data_b/Aircraft_Syn/194.jpeg,a photo of a black swan.
./data/synthetic/synthetic_data_b/Aircraft_Syn/195.jpeg,a photo of a quilt.
./data/synthetic/synthetic_data_b/Aircraft_Syn/196.jpeg,a photo of a poke bonnet.
./data/synthetic/synthetic_data_b/Aircraft_Syn/197.jpeg,"a photo of a fried rice, a type of food."
./data/synthetic/synthetic_data_b/Aircraft_Syn/198.jpeg,a photo of a badlands.
./data/synthetic/synthetic_data_b/Aircraft_Syn/199.jpeg,a photo of a king penguin.
./data/synthetic/synthetic_data_b/Aircraft_Syn/200.jpeg,a photo of a smooth newt.
./data/synthetic/synthetic_data_b/Aircraft_Syn/201.jpeg,a photo of a barrel.
./data/synthetic/synthetic_data_b/Aircraft_Syn/202.jpeg,"a photo of a Wheaten Terrier, a type of pet."
./data/synthetic/synthetic_data_b/Aircraft_Syn/203.jpeg,"a photo of a Acura ZDX Hatchback 2012, a type of car."
./data/synthetic/synthetic_data_b/Aircraft_Syn/204.jpeg,a photo of a vineyard.
./data/synthetic/synthetic_data_b/Aircraft_Syn/205.jpeg,a photo of a oilrig.
./data/synthetic/synthetic_data_b/Aircraft_Syn/206.jpeg,a photo of a Bloodhound.
./data/synthetic/synthetic_data_b/Aircraft_Syn/207.jpeg,a photo of a hay.
./data/synthetic/synthetic_data_b/Aircraft_Syn/208.jpeg,a photo of a hunting lodge/outdoor.
./data/synthetic/synthetic_data_b/Aircraft_Syn/209.jpeg,"a photo of a American Bulldog, a type of pet."
./data/synthetic/synthetic_data_b/Aircraft_Syn/210.jpeg,a photo of a crayfish.
./data/synthetic/synthetic_data_b/Aircraft_Syn/211.jpeg,a photo of a potter's wheel.
./data/synthetic/synthetic_data_b/Aircraft_Syn/212.jpeg,"a photo of a Isuzu Ascender SUV 2008, a type of car."
./data/synthetic/synthetic_data_b/Aircraft_Syn/213.jpeg,a photo of a candy store.
./data/synthetic/synthetic_data_b/Aircraft_Syn/214.jpeg,a photo of a volcano.
./data/synthetic/synthetic_data_b/Aircraft_Syn/215.jpeg,a photo of a television.
./data/synthetic/synthetic_data_b/Aircraft_Syn/216.jpeg,a photo of a mausoleum.
./data/synthetic/synthetic_data_b/Aircraft_Syn/217.jpeg,a photo of a radio telescope.
./data/synthetic/synthetic_data_b/Aircraft_Syn/218.jpeg,a photo of a harbor.
./data/synthetic/synthetic_data_b/Aircraft_Syn/219.jpeg,a photo of a amphitheater.
./data/synthetic/synthetic_data_b/Aircraft_Syn/220.jpeg,a photo of a rock crab.
./data/synthetic/synthetic_data_b/Aircraft_Syn/221.jpeg,a photo of a monastery/outdoor.
./data/synthetic/synthetic_data_b/Aircraft_Syn/222.jpeg,"a photo of a omelette, a type of food."
./data/synthetic/synthetic_data_b/Aircraft_Syn/223.jpeg,a photo of a Dutch oven.
./data/synthetic/synthetic_data_b/Aircraft_Syn/224.jpeg,"a photo of a Dodge Caliber Wagon 2007, a type of car."
./data/synthetic/synthetic_data_b/Aircraft_Syn/225.jpeg,a photo of a prairie grouse.
./data/synthetic/synthetic_data_b/Aircraft_Syn/226.jpeg,a photo of a botanical garden.
./data/synthetic/synthetic_data_b/Aircraft_Syn/227.jpeg,a photo of a pelican.
./data/synthetic/synthetic_data_b/Aircraft_Syn/228.jpeg,a photo of a pagoda.
./data/synthetic/synthetic_data_b/Aircraft_Syn/229.jpeg,a photo of a lens cap.
./data/synthetic/synthetic_data_b/Aircraft_Syn/230.jpeg,a photo of a Rhodesian Ridgeback.
./data/synthetic/synthetic_data_b/Aircraft_Syn/231.jpeg,a photo of a bell tower.
./data/synthetic/synthetic_data_b/Aircraft_Syn/232.jpeg,"a photo of a Chevrolet Express Cargo Van 2007, a type of car."
./data/synthetic/synthetic_data_b/Aircraft_Syn/233.jpeg,a photo of a Standard Schnauzer.
./data/synthetic/synthetic_data_b/Aircraft_Syn/234.jpeg,a photo of a Golden Retriever.
./data/synthetic/synthetic_data_b/Aircraft_Syn/235.jpeg,a photo of a basilica.
./data/synthetic/synthetic_data_b/Aircraft_Syn/236.jpeg,a photo of a can opener.
./data/synthetic/synthetic_data_b/Aircraft_Syn/237.jpeg,"a photo of a Dodge Journey SUV 2012, a type of car."
./data/synthetic/synthetic_data_b/Aircraft_Syn/238.jpeg,a photo of a shoji screen / room divider.
./data/synthetic/synthetic_data_b/Aircraft_Syn/239.jpeg,a photo of a giant panda.
./data/synthetic/synthetic_data_b/Aircraft_Syn/240.jpeg,a photo of a gar fish.
./data/synthetic/synthetic_data_b/Aircraft_Syn/241.jpeg,"a photo of a Chrysler Town and Country Minivan 2012, a type of car."
./data/synthetic/synthetic_data_b/Aircraft_Syn/242.jpeg,"a photo of a hard-leaved pocket orchid, a type of flower."
./data/synthetic/synthetic_data_b/Aircraft_Syn/243.jpeg,a photo of a candy store.
./data/synthetic/synthetic_data_b/Aircraft_Syn/244.jpeg,"a photo of a Nissan Leaf Hatchback 2012, a type of car."
./data/synthetic/synthetic_data_b/Aircraft_Syn/245.jpeg,"a photo of a risotto, a type of food."
./data/synthetic/synthetic_data_b/Aircraft_Syn/246.jpeg,a photo of a gorilla.
./data/synthetic/synthetic_data_b/Aircraft_Syn/247.jpeg,"a photo of a Jaguar XK XKR 2012, a type of car."
./data/synthetic/synthetic_data_b/Aircraft_Syn/248.jpeg,a photo of a chalet.
./data/synthetic/synthetic_data_b/Aircraft_Syn/249.jpeg,"a photo of a Jaguar XK XKR 2012, a type of car."
./data/synthetic/synthetic_data_b/Aircraft_Syn/250.jpeg,a photo of a teddy bear.
./data/synthetic/synthetic_data_b/Aircraft_Syn/251.jpeg,a photo of a castle.
./data/synthetic/synthetic_data_b/Aircraft_Syn/252.jpeg,a photo of a Clumber Spaniel.
./data/synthetic/synthetic_data_b/Aircraft_Syn/253.jpeg,a photo of a dam.
./data/synthetic/synthetic_data_b/Aircraft_Syn/254.jpeg,"a photo of a Abyssinian, a type of pet."
./data/synthetic/synthetic_data_b/Aircraft_Syn/255.jpeg,"a photo of a Suzuki Aerio Sedan 2007, a type of car."
./data/synthetic/synthetic_data_b/Aircraft_Syn/256.jpeg,a photo of a pole.
./data/synthetic/synthetic_data_b/Aircraft_Syn/257.jpeg,"a photo of a great masterwort, a type of flower."
./data/synthetic/synthetic_data_b/Aircraft_Syn/258.jpeg,a photo of a zucchini.
./data/synthetic/synthetic_data_b/Aircraft_Syn/259.jpeg,"a photo of a bougainvillea, a type of flower."
./data/synthetic/synthetic_data_b/Aircraft_Syn/260.jpeg,"a photo of a balloon flower, a type of flower."
./data/synthetic/synthetic_data_b/Aircraft_Syn/261.jpeg,a photo of a trolleybus.
./data/synthetic/synthetic_data_b/Aircraft_Syn/262.jpeg,a photo of a train station/platform.
./data/synthetic/synthetic_data_b/Aircraft_Syn/263.jpeg,a photo of a Irish Setter.
./data/synthetic/synthetic_data_b/Aircraft_Syn/264.jpeg,a photo of a pig.
./data/synthetic/synthetic_data_b/Aircraft_Syn/265.jpeg,a photo of a greenhouse/outdoor.
./data/synthetic/synthetic_data_b/Aircraft_Syn/266.jpeg,a photo of a siamang.
./data/synthetic/synthetic_data_b/Aircraft_Syn/267.jpeg,"a photo of a Honda Odyssey Minivan 2007, a type of car."
./data/synthetic/synthetic_data_b/Aircraft_Syn/268.jpeg,a photo of a steel drum.
./data/synthetic/synthetic_data_b/Aircraft_Syn/269.jpeg,"a photo of a BMW M3 Coupe 2012, a type of car."
./data/synthetic/synthetic_data_b/Aircraft_Syn/270.jpeg,a photo of a oxygen mask.
./data/synthetic/synthetic_data_b/Aircraft_Syn/271.jpeg,"a photo of a canterbury bells, a type of flower."
./data/synthetic/synthetic_data_b/Aircraft_Syn/272.jpeg,a photo of a monarch butterfly.
./data/synthetic/synthetic_data_b/Aircraft_Syn/273.jpeg,"a photo of a Dodge Durango SUV 2012, a type of car."
./data/synthetic/synthetic_data_b/Aircraft_Syn/274.jpeg,"a photo of a dumplings, a type of food."
./data/synthetic/synthetic_data_b/Aircraft_Syn/275.jpeg,a photo of a wine bottle.
./data/synthetic/synthetic_data_b/Aircraft_Syn/276.jpeg,a photo of a pillow.
./data/synthetic/synthetic_data_b/Aircraft_Syn/277.jpeg,a photo of a maypole.
./data/synthetic/synthetic_data_b/Aircraft_Syn/278.jpeg,"a photo of a Honda Odyssey Minivan 2007, a type of car."
./data/synthetic/synthetic_data_b/Aircraft_Syn/279.jpeg,a photo of a monitor.
./data/synthetic/synthetic_data_b/Aircraft_Syn/280.jpeg,a photo of a pond.
./data/synthetic/synthetic_data_b/Aircraft_Syn/281.jpeg,a photo of a remote control.
./data/synthetic/synthetic_data_b/Aircraft_Syn/282.jpeg,a photo of a electrical switch.
./data/synthetic/synthetic_data_b/Aircraft_Syn/283.jpeg,a photo of a creek.
./data/synthetic/synthetic_data_b/Aircraft_Syn/284.jpeg,"a photo of a waffles, a type of food."
./data/synthetic/synthetic_data_b/Aircraft_Syn/285.jpeg,a photo of a upright piano.
./data/synthetic/synthetic_data_b/Aircraft_Syn/286.jpeg,a photo of a mountain snowy.
./data/synthetic/synthetic_data_b/Aircraft_Syn/287.jpeg,a photo of a basketball court/outdoor.
./data/synthetic/synthetic_data_b/Aircraft_Syn/288.jpeg,a photo of a modem.
./data/synthetic/synthetic_data_b/Aircraft_Syn/289.jpeg,"a photo of a grilled salmon, a type of food."
./data/synthetic/synthetic_data_b/Aircraft_Syn/290.jpeg,a photo of a storage chest.
./data/synthetic/synthetic_data_b/Aircraft_Syn/291.jpeg,"a photo of a Land Rover Range Rover SUV 2012, a type of car."
./data/synthetic/synthetic_data_b/Aircraft_Syn/292.jpeg,"a photo of a GMC Terrain SUV 2012, a type of car."
./data/synthetic/synthetic_data_b/Aircraft_Syn/293.jpeg,a photo of a beaker.
./data/synthetic/synthetic_data_b/Aircraft_Syn/294.jpeg,a photo of a rugby ball.
./data/synthetic/synthetic_data_b/Aircraft_Syn/295.jpeg,a photo of a cubicle/office.
./data/synthetic/synthetic_data_b/Aircraft_Syn/296.jpeg,"a photo of a Honda Odyssey Minivan 2007, a type of car."
./data/synthetic/synthetic_data_b/Aircraft_Syn/297.jpeg,a photo of a car interior/backseat.
./data/synthetic/synthetic_data_b/Aircraft_Syn/298.jpeg,a photo of a infant bed.
./data/synthetic/synthetic_data_b/Aircraft_Syn/299.jpeg,a photo of a soda bottle.
./data/synthetic/synthetic_data_b/Aircraft_Syn/300.jpeg,a photo of a hot pot.
./data/synthetic/synthetic_data_b/Aircraft_Syn/301.jpeg,a photo of a website.
./data/synthetic/synthetic_data_b/Aircraft_Syn/302.jpeg,a photo of a spatula.
./data/synthetic/synthetic_data_b/Aircraft_Syn/303.jpeg,a photo of a tench.
./data/synthetic/synthetic_data_b/Aircraft_Syn/304.jpeg,a photo of a bathroom.
./data/synthetic/synthetic_data_b/Aircraft_Syn/305.jpeg,a photo of a harvestman.
./data/synthetic/synthetic_data_b/Aircraft_Syn/306.jpeg,a photo of a grocery store.
./data/synthetic/synthetic_data_b/Aircraft_Syn/307.jpeg,"a photo of a clam chowder, a type of food."
./data/synthetic/synthetic_data_b/Aircraft_Syn/308.jpeg,a photo of a loggerhead sea turtle.
./data/synthetic/synthetic_data_b/Aircraft_Syn/309.jpeg,"a photo of a Chevrolet Impala Sedan 2007, a type of car."
./data/synthetic/synthetic_data_b/Aircraft_Syn/310.jpeg,a photo of a hyena.
./data/synthetic/synthetic_data_b/Aircraft_Syn/311.jpeg,a photo of a volcano.
./data/synthetic/synthetic_data_b/Aircraft_Syn/312.jpeg,a photo of a ladle.
./data/synthetic/synthetic_data_b/Aircraft_Syn/313.jpeg,a photo of a junco.
./data/synthetic/synthetic_data_b/Aircraft_Syn/314.jpeg,a photo of a knee pad.
./data/synthetic/synthetic_data_b/Aircraft_Syn/315.jpeg,a photo of a bookstore.
./data/synthetic/synthetic_data_b/Aircraft_Syn/316.jpeg,a photo of a military hat (bearskin or shako).
./data/synthetic/synthetic_data_b/Aircraft_Syn/317.jpeg,a photo of a rock arch.
./data/synthetic/synthetic_data_b/Aircraft_Syn/318.jpeg,a photo of a matchstick.
./data/synthetic/synthetic_data_b/Aircraft_Syn/319.jpeg,a photo of a alligator lizard.
./data/synthetic/synthetic_data_b/Aircraft_Syn/320.jpeg,a photo of a discotheque.
./data/synthetic/synthetic_data_b/Aircraft_Syn/321.jpeg,a photo of a mausoleum.
./data/synthetic/synthetic_data_b/Aircraft_Syn/322.jpeg,"a photo of a windflower, a type of flower."
./data/synthetic/synthetic_data_b/Aircraft_Syn/323.jpeg,a photo of a medina.
./data/synthetic/synthetic_data_b/Aircraft_Syn/324.jpeg,a photo of a freight car.
./data/synthetic/synthetic_data_b/Aircraft_Syn/325.jpeg,"a photo of a Hyundai Sonata Hybrid Sedan 2012, a type of car."
./data/synthetic/synthetic_data_b/Aircraft_Syn/326.jpeg,"a photo of a Buick Rainier SUV 2007, a type of car."
./data/synthetic/synthetic_data_b/Aircraft_Syn/327.jpeg,"a photo of a Hyundai Azera Sedan 2012, a type of car."
./data/synthetic/synthetic_data_b/Aircraft_Syn/328.jpeg,"a photo of a Nissan NV Passenger Van 2012, a type of car."
./data/synthetic/synthetic_data_b/Aircraft_Syn/329.jpeg,"a photo of a Nissan 240SX Coupe 1998, a type of car."
./data/synthetic/synthetic_data_b/Aircraft_Syn/330.jpeg,a photo of a cicada.
./data/synthetic/synthetic_data_b/Aircraft_Syn/331.jpeg,a photo of a Australian Terrier.
./data/synthetic/synthetic_data_b/Aircraft_Syn/332.jpeg,a photo of a wolf spider.
./data/synthetic/synthetic_data_b/Aircraft_Syn/333.jpeg,a photo of a butternut squash.
./data/synthetic/synthetic_data_b/Aircraft_Syn/334.jpeg,a photo of a plastic bag.
./data/synthetic/synthetic_data_b/Aircraft_Syn/335.jpeg,a photo of a dragonfly.
./data/synthetic/synthetic_data_b/Aircraft_Syn/336.jpeg,a photo of a Persian cat.
./data/synthetic/synthetic_data_b/Aircraft_Syn/337.jpeg,a photo of a drumstick.
./data/synthetic/synthetic_data_b/Aircraft_Syn/338.jpeg,a photo of a race car.
./data/synthetic/synthetic_data_b/Aircraft_Syn/339.jpeg,a photo of a village.
./data/synthetic/synthetic_data_b/Aircraft_Syn/340.jpeg,"a photo of a Volvo C30 Hatchback 2012, a type of car."
./data/synthetic/synthetic_data_b/Aircraft_Syn/341.jpeg,a photo of a convertible.
./data/synthetic/synthetic_data_b/Aircraft_Syn/342.jpeg,a photo of a tool kit.
./data/synthetic/synthetic_data_b/Aircraft_Syn/343.jpeg,a photo of a cuirass.
./data/synthetic/synthetic_data_b/Aircraft_Syn/344.jpeg,a photo of a labyrinth/outdoor.
./data/synthetic/synthetic_data_b/Aircraft_Syn/345.jpeg,a photo of a knee pad.
./data/synthetic/synthetic_data_b/Aircraft_Syn/346.jpeg,a photo of a Wire Fox Terrier.
./data/synthetic/synthetic_data_b/Aircraft_Syn/347.jpeg,"a photo of a Nissan NV Passenger Van 2012, a type of car."
./data/synthetic/synthetic_data_b/Aircraft_Syn/348.jpeg,a photo of a spotlight.
./data/synthetic/synthetic_data_b/Aircraft_Syn/349.jpeg,"a photo of a Mercedes-Benz Sprinter Van 2012, a type of car."
./data/synthetic/synthetic_data_b/Aircraft_Syn/350.jpeg,a photo of a bikini.
./data/synthetic/synthetic_data_b/Aircraft_Syn/351.jpeg,a photo of a botanical garden.
./data/synthetic/synthetic_data_b/Aircraft_Syn/352.jpeg,a photo of a toy terrier.
./data/synthetic/synthetic_data_b/Aircraft_Syn/353.jpeg,a photo of a barn.
./data/synthetic/synthetic_data_b/Aircraft_Syn/354.jpeg,a photo of a monitor.
./data/synthetic/synthetic_data_b/Aircraft_Syn/355.jpeg,a photo of a gymnasium/indoor.
./data/synthetic/synthetic_data_b/Aircraft_Syn/356.jpeg,a photo of a acorn.
./data/synthetic/synthetic_data_b/Aircraft_Syn/357.jpeg,a photo of a arabian camel.
./data/synthetic/synthetic_data_b/Aircraft_Syn/358.jpeg,a photo of a toilet paper.
./data/synthetic/synthetic_data_b/Aircraft_Syn/359.jpeg,a photo of a mountain snowy.
./data/synthetic/synthetic_data_b/Aircraft_Syn/360.jpeg,a photo of a yard.
./data/synthetic/synthetic_data_b/Aircraft_Syn/361.jpeg,"a photo of a windflower, a type of flower."
./data/synthetic/synthetic_data_b/Aircraft_Syn/362.jpeg,"a photo of a camellia, a type of flower."
./data/synthetic/synthetic_data_b/Aircraft_Syn/363.jpeg,"a photo of a Suzuki Aerio Sedan 2007, a type of car."
./data/synthetic/synthetic_data_b/Aircraft_Syn/364.jpeg,a photo of a manufactured home.
./data/synthetic/synthetic_data_b/Aircraft_Syn/365.jpeg,a photo of a Boston Terrier.
./data/synthetic/synthetic_data_b/Aircraft_Syn/366.jpeg,"a photo of a churros, a type of food."
./data/synthetic/synthetic_data_b/Aircraft_Syn/367.jpeg,"a photo of a Boxer, a type of pet."
./data/synthetic/synthetic_data_b/Aircraft_Syn/368.jpeg,a photo of a knee pad.
./data/synthetic/synthetic_data_b/Aircraft_Syn/369.jpeg,a photo of a tarantula.
./data/synthetic/synthetic_data_b/Aircraft_Syn/370.jpeg,a photo of a biology laboratory.
./data/synthetic/synthetic_data_b/Aircraft_Syn/371.jpeg,a photo of a kasbah.
./data/synthetic/synthetic_data_b/Aircraft_Syn/372.jpeg,"a photo of a Suzuki Aerio Sedan 2007, a type of car."
./data/synthetic/synthetic_data_b/Aircraft_Syn/373.jpeg,a photo of a scoreboard.
./data/synthetic/synthetic_data_b/Aircraft_Syn/374.jpeg,a photo of a Afghan Hound.
./data/synthetic/synthetic_data_b/Aircraft_Syn/375.jpeg,a photo of a field/cultivated.
./data/synthetic/synthetic_data_b/Aircraft_Syn/376.jpeg,a photo of a slug.
./data/synthetic/synthetic_data_b/Aircraft_Syn/377.jpeg,a photo of a dining car.
./data/synthetic/synthetic_data_b/Aircraft_Syn/378.jpeg,a photo of a ocarina.
./data/synthetic/synthetic_data_b/Aircraft_Syn/379.jpeg,a photo of a Petri dish.
./data/synthetic/synthetic_data_b/Aircraft_Syn/380.jpeg,a photo of a ticket booth.
./data/synthetic/synthetic_data_b/Aircraft_Syn/381.jpeg,a photo of a living room.
./data/synthetic/synthetic_data_b/Aircraft_Syn/382.jpeg,a photo of a violin.
./data/synthetic/synthetic_data_b/Aircraft_Syn/383.jpeg,a photo of a thatched roof.
./data/synthetic/synthetic_data_b/Aircraft_Syn/384.jpeg,a photo of a stadium/baseball.
./data/synthetic/synthetic_data_b/Aircraft_Syn/385.jpeg,a photo of a Great Dane.
./data/synthetic/synthetic_data_b/Aircraft_Syn/386.jpeg,a photo of a street.
./data/synthetic/synthetic_data_b/Aircraft_Syn/387.jpeg,a photo of a dinette/vehicle.
./data/synthetic/synthetic_data_b/Aircraft_Syn/388.jpeg,a photo of a buckle.
./data/synthetic/synthetic_data_b/Aircraft_Syn/389.jpeg,a photo of a cathedral/outdoor.
./data/synthetic/synthetic_data_b/Aircraft_Syn/390.jpeg,"a photo of a Samoyed, a type of pet."
./data/synthetic/synthetic_data_b/Aircraft_Syn/391.jpeg,a photo of a raceway.
./data/synthetic/synthetic_data_b/Aircraft_Syn/392.jpeg,"a photo of a filet mignon, a type of food."
./data/synthetic/synthetic_data_b/Aircraft_Syn/393.jpeg,a photo of a vulture.
./data/synthetic/synthetic_data_b/Aircraft_Syn/394.jpeg,"a photo of the number: ""1 - one""."
./data/synthetic/synthetic_data_b/Aircraft_Syn/395.jpeg,a photo of a escalator/indoor.
./data/synthetic/synthetic_data_b/Aircraft_Syn/396.jpeg,"a photo of a tiramisu, a type of food."
./data/synthetic/synthetic_data_b/Aircraft_Syn/397.jpeg,a photo of a screw.
./data/synthetic/synthetic_data_b/Aircraft_Syn/398.jpeg,a photo of a flatworm.
./data/synthetic/synthetic_data_b/Aircraft_Syn/399.jpeg,a photo of a library.
./data/synthetic/synthetic_data_b/Aircraft_Syn/400.jpeg,"a photo of a Chevrolet Silverado 1500 Extended Cab 2012, a type of car."
./data/synthetic/synthetic_data_b/Aircraft_Syn/401.jpeg,a photo of a peafowl.
./data/synthetic/synthetic_data_b/Aircraft_Syn/402.jpeg,a photo of a milk can.
./data/synthetic/synthetic_data_b/Aircraft_Syn/403.jpeg,"a photo of a Ford F-450 Super Duty Crew Cab 2012, a type of car."
./data/synthetic/synthetic_data_b/Aircraft_Syn/404.jpeg,"a photo of a MINI Cooper Roadster Convertible 2012, a type of car."
./data/synthetic/synthetic_data_b/Aircraft_Syn/405.jpeg,a photo of a rhinoceros beetle.
./data/synthetic/synthetic_data_b/Aircraft_Syn/406.jpeg,a photo of a mosquito net.
./data/synthetic/synthetic_data_b/Aircraft_Syn/407.jpeg,"a photo of a BMW 3 Series Sedan 2012, a type of car."
./data/synthetic/synthetic_data_b/Aircraft_Syn/408.jpeg,"a photo of a tree mallow, a type of flower."
./data/synthetic/synthetic_data_b/Aircraft_Syn/409.jpeg,a photo of a poke bonnet.
./data/synthetic/synthetic_data_b/Aircraft_Syn/410.jpeg,a photo of a stick insect.
./data/synthetic/synthetic_data_b/Aircraft_Syn/411.jpeg,a photo of a platypus.
./data/synthetic/synthetic_data_b/Aircraft_Syn/412.jpeg,"a photo of a ruby-lipped cattleya, a type of flower."
./data/synthetic/synthetic_data_b/Aircraft_Syn/413.jpeg,a photo of a boardwalk.
./data/synthetic/synthetic_data_b/Aircraft_Syn/414.jpeg,a photo of a soap dispenser.
./data/synthetic/synthetic_data_b/Aircraft_Syn/415.jpeg,a photo of a split-rail fence.
./data/synthetic/synthetic_data_b/Aircraft_Syn/416.jpeg,a photo of a church/outdoor.
./data/synthetic/synthetic_data_b/Aircraft_Syn/417.jpeg,"a photo of a chocolate mousse, a type of food."
./data/synthetic/synthetic_data_b/Aircraft_Syn/418.jpeg,"a photo of a Spyker C8 Convertible 2009, a type of car."
./data/synthetic/synthetic_data_b/Aircraft_Syn/419.jpeg,"a photo of a BMW M3 Coupe 2012, a type of car."
./data/synthetic/synthetic_data_b/Aircraft_Syn/420.jpeg,a photo of a Irish Terrier.
./data/synthetic/synthetic_data_b/Aircraft_Syn/421.jpeg,a photo of a bookstore.
./data/synthetic/synthetic_data_b/Aircraft_Syn/422.jpeg,a photo of a vaulted or arched ceiling.
./data/synthetic/synthetic_data_b/Aircraft_Syn/423.jpeg,a photo of a harmonica.
./data/synthetic/synthetic_data_b/Aircraft_Syn/424.jpeg,a photo of a fountain.
./data/synthetic/synthetic_data_b/Aircraft_Syn/425.jpeg,a photo of a solar thermal collector.
./data/synthetic/synthetic_data_b/Aircraft_Syn/426.jpeg,a photo of a longhorn beetle.
./data/synthetic/synthetic_data_b/Aircraft_Syn/427.jpeg,a photo of a Alaskan tundra wolf.
./data/synthetic/synthetic_data_b/Aircraft_Syn/428.jpeg,a photo of a oscilloscope.
./data/synthetic/synthetic_data_b/Aircraft_Syn/429.jpeg,a photo of a borzoi.
./data/synthetic/synthetic_data_b/Aircraft_Syn/430.jpeg,a photo of a geyser.
./data/synthetic/synthetic_data_b/Aircraft_Syn/431.jpeg,"a photo of a Nissan 240SX Coupe 1998, a type of car."
./data/synthetic/synthetic_data_b/Aircraft_Syn/432.jpeg,a photo of a carrousel.
./data/synthetic/synthetic_data_b/Aircraft_Syn/433.jpeg,a photo of a black swan.
./data/synthetic/synthetic_data_b/Aircraft_Syn/434.jpeg,"a photo of a Geo Metro Convertible 1993, a type of car."
./data/synthetic/synthetic_data_b/Aircraft_Syn/435.jpeg,a photo of a sports car.
./data/synthetic/synthetic_data_b/Aircraft_Syn/436.jpeg,a photo of a dog sled.
./data/synthetic/synthetic_data_b/Aircraft_Syn/437.jpeg,a photo of a Norwegian Elkhound.
./data/synthetic/synthetic_data_b/Aircraft_Syn/438.jpeg,a photo of a spindle.
./data/synthetic/synthetic_data_b/Aircraft_Syn/439.jpeg,"a photo of a BMW 1 Series Coupe 2012, a type of car."
./data/synthetic/synthetic_data_b/Aircraft_Syn/440.jpeg,a photo of a violin.
./data/synthetic/synthetic_data_b/Aircraft_Syn/441.jpeg,a photo of a driveway.
./data/synthetic/synthetic_data_b/Aircraft_Syn/442.jpeg,"a photo of a tree mallow, a type of flower."
./data/synthetic/synthetic_data_b/Aircraft_Syn/443.jpeg,a photo of a Standard Poodle.
./data/synthetic/synthetic_data_b/Aircraft_Syn/444.jpeg,a photo of a cottage garden.
./data/synthetic/synthetic_data_b/Aircraft_Syn/445.jpeg,a photo of a hyena.
./data/synthetic/synthetic_data_b/Aircraft_Syn/446.jpeg,a photo of a rapeseed.
./data/synthetic/synthetic_data_b/Aircraft_Syn/447.jpeg,"a photo of a Jeep Wrangler SUV 2012, a type of car."
./data/synthetic/synthetic_data_b/Aircraft_Syn/448.jpeg,a photo of a airship.
./data/synthetic/synthetic_data_b/Aircraft_Syn/449.jpeg,a photo of a toilet paper.
./data/synthetic/synthetic_data_b/Aircraft_Syn/450.jpeg,a photo of a soup bowl.
./data/synthetic/synthetic_data_b/Aircraft_Syn/451.jpeg,"a photo of a Saint Bernard, a type of pet."
./data/synthetic/synthetic_data_b/Aircraft_Syn/452.jpeg,"a photo of a Nissan 240SX Coupe 1998, a type of car."
./data/synthetic/synthetic_data_b/Aircraft_Syn/453.jpeg,a photo of a accordion.
./data/synthetic/synthetic_data_b/Aircraft_Syn/454.jpeg,"a photo of a Lamborghini Reventon Coupe 2008, a type of car."
./data/synthetic/synthetic_data_b/Aircraft_Syn/455.jpeg,"a photo of a mussels, a type of food."
./data/synthetic/synthetic_data_b/Aircraft_Syn/456.jpeg,a photo of a bowling alley.
./data/synthetic/synthetic_data_b/Aircraft_Syn/457.jpeg,"a photo of a Chevrolet Silverado 1500 Extended Cab 2012, a type of car."
./data/synthetic/synthetic_data_b/Aircraft_Syn/458.jpeg,a photo of a coffee mug.
./data/synthetic/synthetic_data_b/Aircraft_Syn/459.jpeg,a photo of a Christmas stocking.
./data/synthetic/synthetic_data_b/Aircraft_Syn/460.jpeg,a photo of a albatross.
./data/synthetic/synthetic_data_b/Aircraft_Syn/461.jpeg,a photo of a electric fan.
./data/synthetic/synthetic_data_b/Aircraft_Syn/462.jpeg,a photo of a elevator shaft.
./data/synthetic/synthetic_data_b/Aircraft_Syn/463.jpeg,a photo of a unicycle.
./data/synthetic/synthetic_data_b/Aircraft_Syn/464.jpeg,a photo of a modem.
./data/synthetic/synthetic_data_b/Aircraft_Syn/465.jpeg,"a photo of a orange dahlia, a type of flower."
./data/synthetic/synthetic_data_b/Aircraft_Syn/466.jpeg,"a photo of a Spyker C8 Coupe 2009, a type of car."
./data/synthetic/synthetic_data_b/Aircraft_Syn/467.jpeg,a photo of a Kerry Blue Terrier.
./data/synthetic/synthetic_data_b/Aircraft_Syn/468.jpeg,a photo of a Shetland Sheepdog.
./data/synthetic/synthetic_data_b/Aircraft_Syn/469.jpeg,"a photo of a garden phlox, a type of flower."
./data/synthetic/synthetic_data_b/Aircraft_Syn/470.jpeg,a photo of a tank.
./data/synthetic/synthetic_data_b/Aircraft_Syn/471.jpeg,a photo of a semi-trailer truck.
./data/synthetic/synthetic_data_b/Aircraft_Syn/472.jpeg,a photo of a purse.
./data/synthetic/synthetic_data_b/Aircraft_Syn/473.jpeg,a photo of a photocopier.
./data/synthetic/synthetic_data_b/Aircraft_Syn/474.jpeg,a photo of a eel.
./data/synthetic/synthetic_data_b/Aircraft_Syn/475.jpeg,a photo of a minivan.
./data/synthetic/synthetic_data_b/Aircraft_Syn/476.jpeg,a photo of a railroad car.
./data/synthetic/synthetic_data_b/Aircraft_Syn/477.jpeg,"a photo of a chicken wings, a type of food."
./data/synthetic/synthetic_data_b/Aircraft_Syn/478.jpeg,"a photo of a Wheaten Terrier, a type of pet."
./data/synthetic/synthetic_data_b/Aircraft_Syn/479.jpeg,a photo of a Nile crocodile.
./data/synthetic/synthetic_data_b/Aircraft_Syn/480.jpeg,a photo of a dinette/home.
./data/synthetic/synthetic_data_b/Aircraft_Syn/481.jpeg,a photo of a library.
./data/synthetic/synthetic_data_b/Aircraft_Syn/482.jpeg,a photo of a water buffalo.
./data/synthetic/synthetic_data_b/Aircraft_Syn/483.jpeg,a photo of a picket fence.
./data/synthetic/synthetic_data_b/Aircraft_Syn/484.jpeg,"a photo of a nachos, a type of food."
./data/synthetic/synthetic_data_b/Aircraft_Syn/485.jpeg,a photo of a martial arts gym.
./data/synthetic/synthetic_data_b/Aircraft_Syn/486.jpeg,a photo of a ice skating rink/indoor.
./data/synthetic/synthetic_data_b/Aircraft_Syn/487.jpeg,a photo of a window shade.
./data/synthetic/synthetic_data_b/Aircraft_Syn/488.jpeg,"a photo of a pulled pork sandwich, a type of food."
./data/synthetic/synthetic_data_b/Aircraft_Syn/489.jpeg,a photo of a mongoose.
./data/synthetic/synthetic_data_b/Aircraft_Syn/490.jpeg,a photo of a whistle.
./data/synthetic/synthetic_data_b/Aircraft_Syn/491.jpeg,a photo of a coucal.
./data/synthetic/synthetic_data_b/Aircraft_Syn/492.jpeg,a photo of a lock chamber.
./data/synthetic/synthetic_data_b/Aircraft_Syn/493.jpeg,a photo of a cardboard box / carton.
./data/synthetic/synthetic_data_b/Aircraft_Syn/494.jpeg,a photo of a amphibious vehicle.
./data/synthetic/synthetic_data_b/Aircraft_Syn/495.jpeg,"a photo of a pink-yellow dahlia, a type of flower."
./data/synthetic/synthetic_data_b/Aircraft_Syn/496.jpeg,a photo of a rocking chair.
./data/synthetic/synthetic_data_b/Aircraft_Syn/497.jpeg,a photo of a dragonfly.
./data/synthetic/synthetic_data_b/Aircraft_Syn/498.jpeg,a photo of a computer room.
./data/synthetic/synthetic_data_b/Aircraft_Syn/499.jpeg,a photo of a bazaar/outdoor.
./data/synthetic/synthetic_data_b/Aircraft_Syn/500.jpeg,a photo of a restaurant.
./data/synthetic/synthetic_data_b/Aircraft_Syn/501.jpeg,a photo of a Otterhound.
./data/synthetic/synthetic_data_b/Aircraft_Syn/502.jpeg,a photo of a Shetland Sheepdog.
./data/synthetic/synthetic_data_b/Aircraft_Syn/503.jpeg,a photo of a butchers shop.
./data/synthetic/synthetic_data_b/Aircraft_Syn/504.jpeg,a photo of a nematode.
./data/synthetic/synthetic_data_b/Aircraft_Syn/505.jpeg,a photo of a church.
./data/synthetic/synthetic_data_b/Aircraft_Syn/506.jpeg,"a photo of a pho, a type of food."
./data/synthetic/synthetic_data_b/Aircraft_Syn/507.jpeg,a photo of a ground beetle.
./data/synthetic/synthetic_data_b/Aircraft_Syn/508.jpeg,a photo of a stage/indoor.
./data/synthetic/synthetic_data_b/Aircraft_Syn/509.jpeg,a photo of a oilrig.
./data/synthetic/synthetic_data_b/Aircraft_Syn/510.jpeg,a photo of a market/indoor.
./data/synthetic/synthetic_data_b/Aircraft_Syn/511.jpeg,a photo of a hair dryer.
./data/synthetic/synthetic_data_b/Aircraft_Syn/512.jpeg,a photo of a spotted salamander.
./data/synthetic/synthetic_data_b/Aircraft_Syn/513.jpeg,a photo of a park bench.
./data/synthetic/synthetic_data_b/Aircraft_Syn/514.jpeg,"a photo of a passion flower, a type of flower."
./data/synthetic/synthetic_data_b/Aircraft_Syn/515.jpeg,a photo of a igloo.
./data/synthetic/synthetic_data_b/Aircraft_Syn/516.jpeg,a photo of a Australian Kelpie.
./data/synthetic/synthetic_data_b/Aircraft_Syn/517.jpeg,a photo of a library.
./data/synthetic/synthetic_data_b/Aircraft_Syn/518.jpeg,a photo of a dust jacket.
./data/synthetic/synthetic_data_b/Aircraft_Syn/519.jpeg,a photo of a pot pie.
./data/synthetic/synthetic_data_b/Aircraft_Syn/520.jpeg,a photo of a European green lizard.
./data/synthetic/synthetic_data_b/Aircraft_Syn/521.jpeg,a photo of a necklace.
./data/synthetic/synthetic_data_b/Aircraft_Syn/522.jpeg,a photo of a wheelbarrow.
./data/synthetic/synthetic_data_b/Aircraft_Syn/523.jpeg,a photo of a butte.
./data/synthetic/synthetic_data_b/Aircraft_Syn/524.jpeg,"a photo of a Ferrari California Convertible 2012, a type of car."
./data/synthetic/synthetic_data_b/Aircraft_Syn/525.jpeg,a photo of a swimming cap.
./data/synthetic/synthetic_data_b/Aircraft_Syn/526.jpeg,a photo of a balloon.
./data/synthetic/synthetic_data_b/Aircraft_Syn/527.jpeg,"a photo of a GMC Yukon Hybrid SUV 2012, a type of car."
./data/synthetic/synthetic_data_b/Aircraft_Syn/528.jpeg,"a photo of a Chevrolet Monte Carlo Coupe 2007, a type of car."
./data/synthetic/synthetic_data_b/Aircraft_Syn/529.jpeg,a photo of a chemistry lab.
./data/synthetic/synthetic_data_b/Aircraft_Syn/530.jpeg,a photo of a diaper.
./data/synthetic/synthetic_data_b/Aircraft_Syn/531.jpeg,"a photo of a HUMMER H3T Crew Cab 2010, a type of car."
./data/synthetic/synthetic_data_b/Aircraft_Syn/532.jpeg,a photo of a rose hip.
./data/synthetic/synthetic_data_b/Aircraft_Syn/533.jpeg,"a photo of a prime rib, a type of food."
./data/synthetic/synthetic_data_b/Aircraft_Syn/534.jpeg,a photo of a bedroom.
./data/synthetic/synthetic_data_b/Aircraft_Syn/535.jpeg,a photo of a snow leopard.
./data/synthetic/synthetic_data_b/Aircraft_Syn/536.jpeg,"a photo of a anthurium, a type of flower."
./data/synthetic/synthetic_data_b/Aircraft_Syn/537.jpeg,"a photo of a cyclamen, a type of flower."
./data/synthetic/synthetic_data_b/Aircraft_Syn/538.jpeg,"a photo of a grape hyacinth, a type of flower."
./data/synthetic/synthetic_data_b/Aircraft_Syn/539.jpeg,a photo of a box turtle.
./data/synthetic/synthetic_data_b/Aircraft_Syn/540.jpeg,a photo of a safe.
./data/synthetic/synthetic_data_b/Aircraft_Syn/541.jpeg,"a photo of a Volvo 240 Sedan 1993, a type of car."
./data/synthetic/synthetic_data_b/Aircraft_Syn/542.jpeg,"a photo of a yellow iris, a type of flower."
./data/synthetic/synthetic_data_b/Aircraft_Syn/543.jpeg,"a photo of a Chrysler 300 SRT-8 2010, a type of car."
./data/synthetic/synthetic_data_b/Aircraft_Syn/544.jpeg,a photo of a sulphur-crested cockatoo.
./data/synthetic/synthetic_data_b/Aircraft_Syn/545.jpeg,a photo of a crutch.
./data/synthetic/synthetic_data_b/Aircraft_Syn/546.jpeg,a photo of a ram (adult male sheep).
./data/synthetic/synthetic_data_b/Aircraft_Syn/547.jpeg,a photo of a spiny lobster.
./data/synthetic/synthetic_data_b/Aircraft_Syn/548.jpeg,a photo of a radiator grille.
./data/synthetic/synthetic_data_b/Aircraft_Syn/549.jpeg,a photo of a apron.
./data/synthetic/synthetic_data_b/Aircraft_Syn/550.jpeg,a photo of a gazebo/exterior.
./data/synthetic/synthetic_data_b/Aircraft_Syn/551.jpeg,"a photo of a hibiscus, a type of flower."
./data/synthetic/synthetic_data_b/Aircraft_Syn/552.jpeg,"a photo of a oysters, a type of food."
./data/synthetic/synthetic_data_b/Aircraft_Syn/553.jpeg,a photo of a fire truck.
./data/synthetic/synthetic_data_b/Aircraft_Syn/554.jpeg,a photo of a sea anemone.
./data/synthetic/synthetic_data_b/Aircraft_Syn/555.jpeg,a photo of a fig.
./data/synthetic/synthetic_data_b/Aircraft_Syn/556.jpeg,"a photo of a Sphynx, a type of pet."
./data/synthetic/synthetic_data_b/Aircraft_Syn/557.jpeg,a photo of a jay.
./data/synthetic/synthetic_data_b/Aircraft_Syn/558.jpeg,a photo of a common gallinule.
./data/synthetic/synthetic_data_b/Aircraft_Syn/559.jpeg,a photo of a ski.
./data/synthetic/synthetic_data_b/Aircraft_Syn/560.jpeg,"a photo of a monkshood, a type of flower."
./data/synthetic/synthetic_data_b/Aircraft_Syn/561.jpeg,a photo of a fire truck.
./data/synthetic/synthetic_data_b/Aircraft_Syn/562.jpeg,"a photo of a spear thistle, a type of flower."
./data/synthetic/synthetic_data_b/Aircraft_Syn/563.jpeg,a photo of a residential neighborhood.
./data/synthetic/synthetic_data_b/Aircraft_Syn/564.jpeg,"a photo of a bird of paradise, a type of flower."
./data/synthetic/synthetic_data_b/Aircraft_Syn/565.jpeg,a photo of a soda bottle.
./data/synthetic/synthetic_data_b/Aircraft_Syn/566.jpeg,a photo of a ski slope.
./data/synthetic/synthetic_data_b/Aircraft_Syn/567.jpeg,a photo of a Sussex Spaniel.
./data/synthetic/synthetic_data_b/Aircraft_Syn/568.jpeg,a photo of a green iguana.
./data/synthetic/synthetic_data_b/Aircraft_Syn/569.jpeg,a photo of a honeycomb.
./data/synthetic/synthetic_data_b/Aircraft_Syn/570.jpeg,a photo of a stable.
./data/synthetic/synthetic_data_b/Aircraft_Syn/571.jpeg,a photo of a tree farm.
./data/synthetic/synthetic_data_b/Aircraft_Syn/572.jpeg,"a photo of a Newfoundland, a type of pet."
./data/synthetic/synthetic_data_b/Aircraft_Syn/573.jpeg,a photo of a shopping cart.
./data/synthetic/synthetic_data_b/Aircraft_Syn/574.jpeg,a photo of a can opener.
./data/synthetic/synthetic_data_b/Aircraft_Syn/575.jpeg,a photo of a school bus.
./data/synthetic/synthetic_data_b/Aircraft_Syn/576.jpeg,"a photo of a Bentley Continental GT Coupe 2012, a type of car."
./data/synthetic/synthetic_data_b/Aircraft_Syn/577.jpeg,a photo of a anechoic chamber.
./data/synthetic/synthetic_data_b/Aircraft_Syn/578.jpeg,a photo of a West Highland White Terrier.
./data/synthetic/synthetic_data_b/Aircraft_Syn/579.jpeg,a photo of a maze.
./data/synthetic/synthetic_data_b/Aircraft_Syn/580.jpeg,a photo of a agaric.
./data/synthetic/synthetic_data_b/Aircraft_Syn/581.jpeg,a photo of a squash court.
./data/synthetic/synthetic_data_b/Aircraft_Syn/582.jpeg,"a photo of a crab cakes, a type of food."
./data/synthetic/synthetic_data_b/Aircraft_Syn/583.jpeg,"a photo of a Dodge Journey SUV 2012, a type of car."
./data/synthetic/synthetic_data_b/Aircraft_Syn/584.jpeg,a photo of a American Staffordshire Terrier.
./data/synthetic/synthetic_data_b/Aircraft_Syn/585.jpeg,a photo of a Geoffroy's spider monkey.
./data/synthetic/synthetic_data_b/Aircraft_Syn/586.jpeg,a photo of a ambulance.
./data/synthetic/synthetic_data_b/Aircraft_Syn/587.jpeg,"a photo of a BMW ActiveHybrid 5 Sedan 2012, a type of car."
./data/synthetic/synthetic_data_b/Aircraft_Syn/588.jpeg,a photo of a broccoli.
./data/synthetic/synthetic_data_b/Aircraft_Syn/589.jpeg,"a photo of a Jeep Compass SUV 2012, a type of car."
./data/synthetic/synthetic_data_b/Aircraft_Syn/590.jpeg,a photo of a archive.
./data/synthetic/synthetic_data_b/Aircraft_Syn/591.jpeg,a photo of a alligator lizard.
./data/synthetic/synthetic_data_b/Aircraft_Syn/592.jpeg,a photo of a ptarmigan.
./data/synthetic/synthetic_data_b/Aircraft_Syn/593.jpeg,a photo of a spiral or coil.
./data/synthetic/synthetic_data_b/Aircraft_Syn/594.jpeg,"a photo of a Dodge Caravan Minivan 1997, a type of car."
./data/synthetic/synthetic_data_b/Aircraft_Syn/595.jpeg,a photo of a library.
./data/synthetic/synthetic_data_b/Aircraft_Syn/596.jpeg,a photo of a oboe.
./data/synthetic/synthetic_data_b/Aircraft_Syn/597.jpeg,"a photo of a Acura TL Type-S 2008, a type of car."
./data/synthetic/synthetic_data_b/Aircraft_Syn/598.jpeg,a photo of a soccer ball.
./data/synthetic/synthetic_data_b/Aircraft_Syn/599.jpeg,a photo of a car interior/backseat.
./data/synthetic/synthetic_data_b/Aircraft_Syn/600.jpeg,a photo of a red admiral butterfly.
./data/synthetic/synthetic_data_b/Aircraft_Syn/601.jpeg,a photo of a box turtle.
./data/synthetic/synthetic_data_b/Aircraft_Syn/602.jpeg,a photo of a pencil sharpener.
./data/synthetic/synthetic_data_b/Aircraft_Syn/603.jpeg,"a photo of a geranium, a type of flower."
./data/synthetic/synthetic_data_b/Aircraft_Syn/604.jpeg,a photo of a pill bottle.
./data/synthetic/synthetic_data_b/Aircraft_Syn/605.jpeg,a photo of a planetarium.
./data/synthetic/synthetic_data_b/Aircraft_Syn/606.jpeg,"a photo of a risotto, a type of food."
./data/synthetic/synthetic_data_b/Aircraft_Syn/607.jpeg,a photo of a lampshade.
./data/synthetic/synthetic_data_b/Aircraft_Syn/608.jpeg,a photo of a castle.
./data/synthetic/synthetic_data_b/Aircraft_Syn/609.jpeg,"a photo of a BMW 1 Series Convertible 2012, a type of car."
./data/synthetic/synthetic_data_b/Aircraft_Syn/610.jpeg,a photo of a four-poster bed.
./data/synthetic/synthetic_data_b/Aircraft_Syn/611.jpeg,a photo of a lake/natural.
./data/synthetic/synthetic_data_b/Aircraft_Syn/612.jpeg,a photo of a isopod.
./data/synthetic/synthetic_data_b/Aircraft_Syn/613.jpeg,"a photo of a samosa, a type of food."
./data/synthetic/synthetic_data_b/Aircraft_Syn/614.jpeg,a photo of a desktop computer.
./data/synthetic/synthetic_data_b/Aircraft_Syn/615.jpeg,a photo of a thriftshop.
./data/synthetic/synthetic_data_b/Aircraft_Syn/616.jpeg,a photo of a shovel.
./data/synthetic/synthetic_data_b/Aircraft_Syn/617.jpeg,a photo of a volcano.
./data/synthetic/synthetic_data_b/Aircraft_Syn/618.jpeg,a photo of a library/outdoor.
./data/synthetic/synthetic_data_b/Aircraft_Syn/619.jpeg,a photo of a night snake.
./data/synthetic/synthetic_data_b/Aircraft_Syn/620.jpeg,"a photo of a Hyundai Genesis Sedan 2012, a type of car."
./data/synthetic/synthetic_data_b/Aircraft_Syn/621.jpeg,a photo of a go-kart.
./data/synthetic/synthetic_data_b/Aircraft_Syn/622.jpeg,a photo of a breastplate.
./data/synthetic/synthetic_data_b/Aircraft_Syn/623.jpeg,a photo of a ant.
./data/synthetic/synthetic_data_b/Aircraft_Syn/624.jpeg,a photo of a pan flute.
./data/synthetic/synthetic_data_b/Aircraft_Syn/625.jpeg,a photo of a windmill.
./data/synthetic/synthetic_data_b/Aircraft_Syn/626.jpeg,a photo of a soap dispenser.
./data/synthetic/synthetic_data_b/Aircraft_Syn/627.jpeg,"a photo of a hard-leaved pocket orchid, a type of flower."
./data/synthetic/synthetic_data_b/Aircraft_Syn/628.jpeg,a photo of a tabby cat.
./data/synthetic/synthetic_data_b/Aircraft_Syn/629.jpeg,a photo of a Staffordshire Bull Terrier.
./data/synthetic/synthetic_data_b/Aircraft_Syn/630.jpeg,a photo of a bedroom.
./data/synthetic/synthetic_data_b/Aircraft_Syn/631.jpeg,a photo of a CRT monitor.
./data/synthetic/synthetic_data_b/Aircraft_Syn/632.jpeg,"a photo of a Chevrolet Malibu Hybrid Sedan 2010, a type of car."
./data/synthetic/synthetic_data_b/Aircraft_Syn/633.jpeg,"a photo of a bolero deep blue, a type of flower."
./data/synthetic/synthetic_data_b/Aircraft_Syn/634.jpeg,"a photo of a ice cream, a type of food."
./data/synthetic/synthetic_data_b/Aircraft_Syn/635.jpeg,a photo of a swimming pool/indoor.
./data/synthetic/synthetic_data_b/Aircraft_Syn/636.jpeg,"a photo of a samosa, a type of food."
./data/synthetic/synthetic_data_b/Aircraft_Syn/637.jpeg,"a photo of a japanese anemone, a type of flower."
./data/synthetic/synthetic_data_b/Aircraft_Syn/638.jpeg,a photo of a bulletproof vest.
./data/synthetic/synthetic_data_b/Aircraft_Syn/639.jpeg,a photo of a front curtain.
./data/synthetic/synthetic_data_b/Aircraft_Syn/640.jpeg,a photo of a storage chest.
./data/synthetic/synthetic_data_b/Aircraft_Syn/641.jpeg,"a photo of a Ram C/V Cargo Van Minivan 2012, a type of car."
./data/synthetic/synthetic_data_b/Aircraft_Syn/642.jpeg,a photo of a cricket insect.
./data/synthetic/synthetic_data_b/Aircraft_Syn/643.jpeg,a photo of a triumphal arch.
./data/synthetic/synthetic_data_b/Aircraft_Syn/644.jpeg,a photo of a one-piece bathing suit.
./data/synthetic/synthetic_data_b/Aircraft_Syn/645.jpeg,"a photo of a fried calamari, a type of food."
./data/synthetic/synthetic_data_b/Aircraft_Syn/646.jpeg,a photo of a mousetrap.
./data/synthetic/synthetic_data_b/Aircraft_Syn/647.jpeg,a photo of a traffic or street sign.
./data/synthetic/synthetic_data_b/Aircraft_Syn/648.jpeg,"a photo of a Ford Ranger SuperCab 2011, a type of car."
./data/synthetic/synthetic_data_b/Aircraft_Syn/649.jpeg,a photo of a grey wolf.
./data/synthetic/synthetic_data_b/Aircraft_Syn/650.jpeg,a photo of a barber chair.
./data/synthetic/synthetic_data_b/Aircraft_Syn/651.jpeg,"a photo of a Samoyed, a type of pet."
./data/synthetic/synthetic_data_b/Aircraft_Syn/652.jpeg,a photo of a Persian cat.
./data/synthetic/synthetic_data_b/Aircraft_Syn/653.jpeg,"a photo of a Volkswagen Golf Hatchback 2012, a type of car."
./data/synthetic/synthetic_data_b/Aircraft_Syn/654.jpeg,"a photo of a Ford Expedition EL SUV 2009, a type of car."
./data/synthetic/synthetic_data_b/Aircraft_Syn/655.jpeg,"a photo of a gaura, a type of flower."
./data/synthetic/synthetic_data_b/Aircraft_Syn/656.jpeg,a photo of a hotel room.
./data/synthetic/synthetic_data_b/Aircraft_Syn/657.jpeg,a photo of a backpack.
./data/synthetic/synthetic_data_b/Aircraft_Syn/658.jpeg,a photo of a shower.
./data/synthetic/synthetic_data_b/Aircraft_Syn/659.jpeg,a photo of a tiger cat.
./data/synthetic/synthetic_data_b/Aircraft_Syn/660.jpeg,a photo of a music speaker.
./data/synthetic/synthetic_data_b/Aircraft_Syn/661.jpeg,"a photo of a spring crocus, a type of flower."
./data/synthetic/synthetic_data_b/Aircraft_Syn/662.jpeg,"a photo of a trumpet creeper, a type of flower."
./data/synthetic/synthetic_data_b/Aircraft_Syn/663.jpeg,a photo of a wrestling ring/indoor.
./data/synthetic/synthetic_data_b/Aircraft_Syn/664.jpeg,"a photo of a Chevrolet Malibu Sedan 2007, a type of car."
./data/synthetic/synthetic_data_b/Aircraft_Syn/665.jpeg,a photo of a hyena.
./data/synthetic/synthetic_data_b/Aircraft_Syn/666.jpeg,a photo of a unicycle.
./data/synthetic/synthetic_data_b/Aircraft_Syn/667.jpeg,a photo of a dinette/vehicle.
./data/synthetic/synthetic_data_b/Aircraft_Syn/668.jpeg,a photo of a sloth bear.
./data/synthetic/synthetic_data_b/Aircraft_Syn/669.jpeg,"a photo of a Yorkshire Terrier, a type of pet."
./data/synthetic/synthetic_data_b/Aircraft_Syn/670.jpeg,"a photo of a MINI Cooper Roadster Convertible 2012, a type of car."
./data/synthetic/synthetic_data_b/Aircraft_Syn/671.jpeg,a photo of a monarch butterfly.
./data/synthetic/synthetic_data_b/Aircraft_Syn/672.jpeg,a photo of a microphone.
./data/synthetic/synthetic_data_b/Aircraft_Syn/673.jpeg,a photo of a bustard.
./data/synthetic/synthetic_data_b/Aircraft_Syn/674.jpeg,"a photo of a Infiniti QX56 SUV 2011, a type of car."
./data/synthetic/synthetic_data_b/Aircraft_Syn/675.jpeg,"a photo of a Dodge Magnum Wagon 2008, a type of car."
./data/synthetic/synthetic_data_b/Aircraft_Syn/676.jpeg,a photo of a bakery/shop.
./data/synthetic/synthetic_data_b/Aircraft_Syn/677.jpeg,a photo of a Boxer.
./data/synthetic/synthetic_data_b/Aircraft_Syn/678.jpeg,a photo of a marmoset.
./data/synthetic/synthetic_data_b/Aircraft_Syn/679.jpeg,a photo of a microphone.
./data/synthetic/synthetic_data_b/Aircraft_Syn/680.jpeg,a photo of a pharmacy.
./data/synthetic/synthetic_data_b/Aircraft_Syn/681.jpeg,a photo of a ticket booth.
./data/synthetic/synthetic_data_b/Aircraft_Syn/682.jpeg,a photo of a mongoose.
./data/synthetic/synthetic_data_b/Aircraft_Syn/683.jpeg,a photo of a bayou.
./data/synthetic/synthetic_data_b/Aircraft_Syn/684.jpeg,a photo of a night snake.
./data/synthetic/synthetic_data_b/Aircraft_Syn/685.jpeg,a photo of a crosswalk.
./data/synthetic/synthetic_data_b/Aircraft_Syn/686.jpeg,a photo of a military uniform.
./data/synthetic/synthetic_data_b/Aircraft_Syn/687.jpeg,a photo of a toll plaza.
./data/synthetic/synthetic_data_b/Aircraft_Syn/688.jpeg,a photo of a tank.
./data/synthetic/synthetic_data_b/Aircraft_Syn/689.jpeg,a photo of a swim trunks / shorts.
./data/synthetic/synthetic_data_b/Aircraft_Syn/690.jpeg,a photo of a lawn mower.
./data/synthetic/synthetic_data_b/Aircraft_Syn/691.jpeg,a photo of a wine bottle.
./data/synthetic/synthetic_data_b/Aircraft_Syn/692.jpeg,a photo of a casino/indoor.
./data/synthetic/synthetic_data_b/Aircraft_Syn/693.jpeg,a photo of a martial arts gym.
./data/synthetic/synthetic_data_b/Aircraft_Syn/694.jpeg,a photo of a waterfall/plunge.
./data/synthetic/synthetic_data_b/Aircraft_Syn/695.jpeg,"a photo of the number: ""7 - seven""."
./data/synthetic/synthetic_data_b/Aircraft_Syn/696.jpeg,a photo of a burial chamber.
./data/synthetic/synthetic_data_b/Aircraft_Syn/697.jpeg,a photo of a football helmet.
./data/synthetic/synthetic_data_b/Aircraft_Syn/698.jpeg,a photo of a grasshopper.
./data/synthetic/synthetic_data_b/Aircraft_Syn/699.jpeg,a photo of a fairway.
./data/synthetic/synthetic_data_b/Aircraft_Syn/700.jpeg,a photo of a indri.
./data/synthetic/synthetic_data_b/Aircraft_Syn/701.jpeg,a photo of a Welsh Springer Spaniel.
./data/synthetic/synthetic_data_b/Aircraft_Syn/702.jpeg,a photo of a grey wolf.
./data/synthetic/synthetic_data_b/Aircraft_Syn/703.jpeg,a photo of a white-headed capuchin.
./data/synthetic/synthetic_data_b/Aircraft_Syn/704.jpeg,a photo of a ring-necked snake.
./data/synthetic/synthetic_data_b/Aircraft_Syn/705.jpeg,a photo of a courthouse.
./data/synthetic/synthetic_data_b/Aircraft_Syn/706.jpeg,"a photo of a hummus, a type of food."
./data/synthetic/synthetic_data_b/Aircraft_Syn/707.jpeg,"a photo of a omelette, a type of food."
./data/synthetic/synthetic_data_b/Aircraft_Syn/708.jpeg,a photo of a electric guitar.
./data/synthetic/synthetic_data_b/Aircraft_Syn/709.jpeg,"a photo of a fried rice, a type of food."
./data/synthetic/synthetic_data_b/Aircraft_Syn/710.jpeg,"a photo of a Mercedes-Benz C-Class Sedan 2012, a type of car."
./data/synthetic/synthetic_data_b/Aircraft_Syn/711.jpeg,"a photo of a ice cream, a type of food."
./data/synthetic/synthetic_data_b/Aircraft_Syn/712.jpeg,a photo of a canoe.
./data/synthetic/synthetic_data_b/Aircraft_Syn/713.jpeg,"a photo of a club sandwich, a type of food."
./data/synthetic/synthetic_data_b/Aircraft_Syn/714.jpeg,a photo of a car mirror.
./data/synthetic/synthetic_data_b/Aircraft_Syn/715.jpeg,a photo of a canoe.
./data/synthetic/synthetic_data_b/Aircraft_Syn/716.jpeg,"a photo of a silverbush, a type of flower."
./data/synthetic/synthetic_data_b/Aircraft_Syn/717.jpeg,a photo of a ring-necked snake.
./data/synthetic/synthetic_data_b/Aircraft_Syn/718.jpeg,a photo of a poncho.
./data/synthetic/synthetic_data_b/Aircraft_Syn/719.jpeg,a photo of a Beagle.
./data/synthetic/synthetic_data_b/Aircraft_Syn/720.jpeg,"a photo of a osteospermum, a type of flower."
./data/synthetic/synthetic_data_b/Aircraft_Syn/721.jpeg,a photo of a field/cultivated.
./data/synthetic/synthetic_data_b/Aircraft_Syn/722.jpeg,a photo of a promontory.
./data/synthetic/synthetic_data_b/Aircraft_Syn/723.jpeg,a photo of a dhole.
./data/synthetic/synthetic_data_b/Aircraft_Syn/724.jpeg,"a photo of a BMW 3 Series Sedan 2012, a type of car."
./data/synthetic/synthetic_data_b/Aircraft_Syn/725.jpeg,a photo of a poolroom/home.
./data/synthetic/synthetic_data_b/Aircraft_Syn/726.jpeg,"a photo of a french toast, a type of food."
./data/synthetic/synthetic_data_b/Aircraft_Syn/727.jpeg,a photo of a chocolate syrup.
./data/synthetic/synthetic_data_b/Aircraft_Syn/728.jpeg,a photo of a arch.
./data/synthetic/synthetic_data_b/Aircraft_Syn/729.jpeg,"a photo of a Persian, a type of pet."
./data/synthetic/synthetic_data_b/Aircraft_Syn/730.jpeg,a photo of a rocking chair.
./data/synthetic/synthetic_data_b/Aircraft_Syn/731.jpeg,a photo of a proboscis monkey.
./data/synthetic/synthetic_data_b/Aircraft_Syn/732.jpeg,a photo of a residential neighborhood.
./data/synthetic/synthetic_data_b/Aircraft_Syn/733.jpeg,a photo of a shower cap.
./data/synthetic/synthetic_data_b/Aircraft_Syn/734.jpeg,"a photo of a Acura ZDX Hatchback 2012, a type of car."
./data/synthetic/synthetic_data_b/Aircraft_Syn/735.jpeg,a photo of a mountain.
./data/synthetic/synthetic_data_b/Aircraft_Syn/736.jpeg,a photo of a tabby cat.
./data/synthetic/synthetic_data_b/Aircraft_Syn/737.jpeg,a photo of a fox squirrel.
./data/synthetic/synthetic_data_b/Aircraft_Syn/738.jpeg,a photo of a gar fish.
./data/synthetic/synthetic_data_b/Aircraft_Syn/739.jpeg,a photo of a bucket.
./data/synthetic/synthetic_data_b/Aircraft_Syn/740.jpeg,a photo of a Saharan horned viper.
./data/synthetic/synthetic_data_b/Aircraft_Syn/741.jpeg,a photo of a sunglasses.
./data/synthetic/synthetic_data_b/Aircraft_Syn/742.jpeg,a photo of a creek.
./data/synthetic/synthetic_data_b/Aircraft_Syn/743.jpeg,a photo of a American bullfrog.
./data/synthetic/synthetic_data_b/Aircraft_Syn/744.jpeg,a photo of a feather boa.
./data/synthetic/synthetic_data_b/Aircraft_Syn/745.jpeg,a photo of a syringe.
./data/synthetic/synthetic_data_b/Aircraft_Syn/746.jpeg,a photo of a bottle cap.
./data/synthetic/synthetic_data_b/Aircraft_Syn/747.jpeg,a photo of a canal/natural.
./data/synthetic/synthetic_data_b/Aircraft_Syn/748.jpeg,"a photo of a carnation, a type of flower."
./data/synthetic/synthetic_data_b/Aircraft_Syn/749.jpeg,a photo of a bakery.
./data/synthetic/synthetic_data_b/Aircraft_Syn/750.jpeg,a photo of a computer room.
./data/synthetic/synthetic_data_b/Aircraft_Syn/751.jpeg,a photo of a ballpoint pen.
./data/synthetic/synthetic_data_b/Aircraft_Syn/752.jpeg,a photo of a limpkin.
./data/synthetic/synthetic_data_b/Aircraft_Syn/753.jpeg,a photo of a badger.
./data/synthetic/synthetic_data_b/Aircraft_Syn/754.jpeg,a photo of a water jug.
./data/synthetic/synthetic_data_b/Aircraft_Syn/755.jpeg,a photo of a squash court.
./data/synthetic/synthetic_data_b/Aircraft_Syn/756.jpeg,"a photo of a omelette, a type of food."
./data/synthetic/synthetic_data_b/Aircraft_Syn/757.jpeg,"a photo of a Acura TL Type-S 2008, a type of car."
./data/synthetic/synthetic_data_b/Aircraft_Syn/758.jpeg,"a photo of a californian poppy, a type of flower."
./data/synthetic/synthetic_data_b/Aircraft_Syn/759.jpeg,a photo of a moped.
./data/synthetic/synthetic_data_b/Aircraft_Syn/760.jpeg,a photo of a squash court.
./data/synthetic/synthetic_data_b/Aircraft_Syn/761.jpeg,a photo of a broccoli.
./data/synthetic/synthetic_data_b/Aircraft_Syn/762.jpeg,a photo of a veranda.
./data/synthetic/synthetic_data_b/Aircraft_Syn/763.jpeg,a photo of a coffeemaker.
./data/synthetic/synthetic_data_b/Aircraft_Syn/764.jpeg,a photo of a trombone.
./data/synthetic/synthetic_data_b/Aircraft_Syn/765.jpeg,a photo of a tram.
./data/synthetic/synthetic_data_b/Aircraft_Syn/766.jpeg,a photo of a elevator/interior.
./data/synthetic/synthetic_data_b/Aircraft_Syn/767.jpeg,a photo of a quail.
./data/synthetic/synthetic_data_b/Aircraft_Syn/768.jpeg,"a photo of a grilled cheese sandwich, a type of food."
./data/synthetic/synthetic_data_b/Aircraft_Syn/769.jpeg,a photo of a bow window/outdoor.
./data/synthetic/synthetic_data_b/Aircraft_Syn/770.jpeg,a photo of a mosque/outdoor.
./data/synthetic/synthetic_data_b/Aircraft_Syn/771.jpeg,a photo of a school bus.
./data/synthetic/synthetic_data_b/Aircraft_Syn/772.jpeg,a photo of a balcony/exterior.
./data/synthetic/synthetic_data_b/Aircraft_Syn/773.jpeg,a photo of a manhole cover.
./data/synthetic/synthetic_data_b/Aircraft_Syn/774.jpeg,a photo of a solar thermal collector.
./data/synthetic/synthetic_data_b/Aircraft_Syn/775.jpeg,"a photo of a huevos rancheros, a type of food."
./data/synthetic/synthetic_data_b/Aircraft_Syn/776.jpeg,a photo of a canal/natural.
./data/synthetic/synthetic_data_b/Aircraft_Syn/777.jpeg,"a photo of a Plymouth Neon Coupe 1999, a type of car."
./data/synthetic/synthetic_data_b/Aircraft_Syn/778.jpeg,"a photo of a chicken wings, a type of food."
./data/synthetic/synthetic_data_b/Aircraft_Syn/779.jpeg,"a photo of a FIAT 500 Abarth 2012, a type of car."
./data/synthetic/synthetic_data_b/Aircraft_Syn/780.jpeg,"a photo of a Chrysler Aspen SUV 2009, a type of car."
./data/synthetic/synthetic_data_b/Aircraft_Syn/781.jpeg,"a photo of a Birman, a type of pet."
./data/synthetic/synthetic_data_b/Aircraft_Syn/782.jpeg,a photo of a temple/south asia.
./data/synthetic/synthetic_data_b/Aircraft_Syn/783.jpeg,"a photo of a bromelia, a type of flower."
./data/synthetic/synthetic_data_b/Aircraft_Syn/784.jpeg,a photo of a galley.
./data/synthetic/synthetic_data_b/Aircraft_Syn/785.jpeg,a photo of a tick.
./data/synthetic/synthetic_data_b/Aircraft_Syn/786.jpeg,"a photo of a Chevrolet Malibu Hybrid Sedan 2010, a type of car."
./data/synthetic/synthetic_data_b/Aircraft_Syn/787.jpeg,a photo of a Schipperke.
./data/synthetic/synthetic_data_b/Aircraft_Syn/788.jpeg,a photo of a guacamole.
./data/synthetic/synthetic_data_b/Aircraft_Syn/789.jpeg,a photo of a mashed potatoes.
./data/synthetic/synthetic_data_b/Aircraft_Syn/790.jpeg,a photo of a museum/indoor.
./data/synthetic/synthetic_data_b/Aircraft_Syn/791.jpeg,a photo of a theater/indoor procenium.
./data/synthetic/synthetic_data_b/Aircraft_Syn/792.jpeg,a photo of a partridge.
./data/synthetic/synthetic_data_b/Aircraft_Syn/793.jpeg,a photo of a theater/indoor procenium.
./data/synthetic/synthetic_data_b/Aircraft_Syn/794.jpeg,a photo of a cocktail shaker.
./data/synthetic/synthetic_data_b/Aircraft_Syn/795.jpeg,"a photo of a Chevrolet Sonic Sedan 2012, a type of car."
./data/synthetic/synthetic_data_b/Aircraft_Syn/796.jpeg,"a photo of a Ferrari California Convertible 2012, a type of car."
./data/synthetic/synthetic_data_b/Aircraft_Syn/797.jpeg,a photo of a keyboard space bar.
./data/synthetic/synthetic_data_b/Aircraft_Syn/798.jpeg,a photo of a bow window/outdoor.
./data/synthetic/synthetic_data_b/Aircraft_Syn/799.jpeg,a photo of a black grouse.
./data/synthetic/synthetic_data_b/Aircraft_Syn/800.jpeg,"a photo of a Isuzu Ascender SUV 2008, a type of car."
./data/synthetic/synthetic_data_b/Aircraft_Syn/801.jpeg,a photo of a shower cap.
./data/synthetic/synthetic_data_b/Aircraft_Syn/802.jpeg,"a photo of a Chevrolet Traverse SUV 2012, a type of car."
./data/synthetic/synthetic_data_b/Aircraft_Syn/803.jpeg,a photo of a crosswalk.
./data/synthetic/synthetic_data_b/Aircraft_Syn/804.jpeg,"a photo of a sushi, a type of food."
./data/synthetic/synthetic_data_b/Aircraft_Syn/805.jpeg,a photo of a black swan.
./data/synthetic/synthetic_data_b/Aircraft_Syn/806.jpeg,a photo of a giant panda.
./data/synthetic/synthetic_data_b/Aircraft_Syn/807.jpeg,a photo of a hatchet.
./data/synthetic/synthetic_data_b/Aircraft_Syn/808.jpeg,a photo of a water tower.
./data/synthetic/synthetic_data_b/Aircraft_Syn/809.jpeg,a photo of a spider web.
./data/synthetic/synthetic_data_b/Aircraft_Syn/810.jpeg,a photo of a trench.
./data/synthetic/synthetic_data_b/Aircraft_Syn/811.jpeg,a photo of a letter opener.
./data/synthetic/synthetic_data_b/Aircraft_Syn/812.jpeg,a photo of a driveway.
./data/synthetic/synthetic_data_b/Aircraft_Syn/813.jpeg,a photo of a music store.
./data/synthetic/synthetic_data_b/Aircraft_Syn/814.jpeg,a photo of a hair spray.
./data/synthetic/synthetic_data_b/Aircraft_Syn/815.jpeg,a photo of a artichoke.
./data/synthetic/synthetic_data_b/Aircraft_Syn/816.jpeg,a photo of a zebra.
./data/synthetic/synthetic_data_b/Aircraft_Syn/817.jpeg,a photo of a toy store.
./data/synthetic/synthetic_data_b/Aircraft_Syn/818.jpeg,a photo of a gymnastic horizontal bar.
./data/synthetic/synthetic_data_b/Aircraft_Syn/819.jpeg,"a photo of a lasagna, a type of food."
./data/synthetic/synthetic_data_b/Aircraft_Syn/820.jpeg,a photo of a nematode.
./data/synthetic/synthetic_data_b/Aircraft_Syn/821.jpeg,"a photo of a tree poppy, a type of flower."
./data/synthetic/synthetic_data_b/Aircraft_Syn/822.jpeg,"a photo of a Chevrolet Camaro Convertible 2012, a type of car."
./data/synthetic/synthetic_data_b/Aircraft_Syn/823.jpeg,a photo of a lion.
./data/synthetic/synthetic_data_b/Aircraft_Syn/824.jpeg,a photo of a strawberry.
./data/synthetic/synthetic_data_b/Aircraft_Syn/825.jpeg,a photo of a observatory/outdoor.
./data/synthetic/synthetic_data_b/Aircraft_Syn/826.jpeg,"a photo of a Havanese, a type of pet."
./data/synthetic/synthetic_data_b/Aircraft_Syn/827.jpeg,a photo of a consomme.
./data/synthetic/synthetic_data_b/Aircraft_Syn/828.jpeg,a photo of a Norfolk Terrier.
./data/synthetic/synthetic_data_b/Aircraft_Syn/829.jpeg,a photo of a banquet hall.
./data/synthetic/synthetic_data_b/Aircraft_Syn/830.jpeg,"a photo of a BMW ActiveHybrid 5 Sedan 2012, a type of car."
./data/synthetic/synthetic_data_b/Aircraft_Syn/831.jpeg,a photo of a collie.
./data/synthetic/synthetic_data_b/Aircraft_Syn/832.jpeg,a photo of a gibbon.
./data/synthetic/synthetic_data_b/Aircraft_Syn/833.jpeg,a photo of a factory/indoor.
./data/synthetic/synthetic_data_b/Aircraft_Syn/834.jpeg,"a photo of a baklava, a type of food."
./data/synthetic/synthetic_data_b/Aircraft_Syn/835.jpeg,a photo of a waterfall/plunge.
./data/synthetic/synthetic_data_b/Aircraft_Syn/836.jpeg,"a photo of a clematis, a type of flower."
./data/synthetic/synthetic_data_b/Aircraft_Syn/837.jpeg,"a photo of a GMC Yukon Hybrid SUV 2012, a type of car."
./data/synthetic/synthetic_data_b/Aircraft_Syn/838.jpeg,a photo of a red fox.
./data/synthetic/synthetic_data_b/Aircraft_Syn/839.jpeg,a photo of a soccer ball.
./data/synthetic/synthetic_data_b/Aircraft_Syn/840.jpeg,a photo of a table lamp.
./data/synthetic/synthetic_data_b/Aircraft_Syn/841.jpeg,a photo of a modem.
./data/synthetic/synthetic_data_b/Aircraft_Syn/842.jpeg,a photo of a plate.
./data/synthetic/synthetic_data_b/Aircraft_Syn/843.jpeg,a photo of a triceratops.
./data/synthetic/synthetic_data_b/Aircraft_Syn/844.jpeg,a photo of a gorilla.
./data/synthetic/synthetic_data_b/Aircraft_Syn/845.jpeg,a photo of a popsicle.
./data/synthetic/synthetic_data_b/Aircraft_Syn/846.jpeg,"a photo of a cannoli, a type of food."
./data/synthetic/synthetic_data_b/Aircraft_Syn/847.jpeg,a photo of a wind farm.
./data/synthetic/synthetic_data_b/Aircraft_Syn/848.jpeg,a photo of a archive.
./data/synthetic/synthetic_data_b/Aircraft_Syn/849.jpeg,a photo of a wet bar.
./data/synthetic/synthetic_data_b/Aircraft_Syn/850.jpeg,a photo of a assault rifle.
./data/synthetic/synthetic_data_b/Aircraft_Syn/851.jpeg,a photo of a train railway.
./data/synthetic/synthetic_data_b/Aircraft_Syn/852.jpeg,a photo of a bagel.
./data/synthetic/synthetic_data_b/Aircraft_Syn/853.jpeg,a photo of a Irish Terrier.
./data/synthetic/synthetic_data_b/Aircraft_Syn/854.jpeg,a photo of a corkscrew.
./data/synthetic/synthetic_data_b/Aircraft_Syn/855.jpeg,a photo of a monastery.
./data/synthetic/synthetic_data_b/Aircraft_Syn/856.jpeg,"a photo of a water lily, a type of flower."
./data/synthetic/synthetic_data_b/Aircraft_Syn/857.jpeg,"a photo of a Miniature Pinscher, a type of pet."
./data/synthetic/synthetic_data_b/Aircraft_Syn/858.jpeg,a photo of a aqueduct.
./data/synthetic/synthetic_data_b/Aircraft_Syn/859.jpeg,a photo of a hill.
./data/synthetic/synthetic_data_b/Aircraft_Syn/860.jpeg,a photo of a fox squirrel.
./data/synthetic/synthetic_data_b/Aircraft_Syn/861.jpeg,a photo of a badminton court/indoor.
./data/synthetic/synthetic_data_b/Aircraft_Syn/862.jpeg,a photo of a bookstore.
./data/synthetic/synthetic_data_b/Aircraft_Syn/863.jpeg,a photo of a Basenji.
./data/synthetic/synthetic_data_b/Aircraft_Syn/864.jpeg,a photo of a Norwich Terrier.
./data/synthetic/synthetic_data_b/Aircraft_Syn/865.jpeg,a photo of a Bouvier des Flandres dog.
./data/synthetic/synthetic_data_b/Aircraft_Syn/866.jpeg,a photo of a abbey.
./data/synthetic/synthetic_data_b/Aircraft_Syn/867.jpeg,a photo of a traffic light.
./data/synthetic/synthetic_data_b/Aircraft_Syn/868.jpeg,"a photo of the number: ""1 - one""."
./data/synthetic/synthetic_data_b/Aircraft_Syn/869.jpeg,a photo of a prison.
./data/synthetic/synthetic_data_b/Aircraft_Syn/870.jpeg,a photo of a Norwegian Elkhound.
./data/synthetic/synthetic_data_b/Aircraft_Syn/871.jpeg,"a photo of a Chevrolet Malibu Sedan 2007, a type of car."
./data/synthetic/synthetic_data_b/Aircraft_Syn/872.jpeg,a photo of a airport terminal.
./data/synthetic/synthetic_data_b/Aircraft_Syn/873.jpeg,a photo of a sewing machine.
./data/synthetic/synthetic_data_b/Aircraft_Syn/874.jpeg,a photo of a batters box.
./data/synthetic/synthetic_data_b/Aircraft_Syn/875.jpeg,a photo of a golf course.
./data/synthetic/synthetic_data_b/Aircraft_Syn/876.jpeg,"a photo of a Buick Rainier SUV 2007, a type of car."
./data/synthetic/synthetic_data_b/Aircraft_Syn/877.jpeg,"a photo of a hummus, a type of food."
./data/synthetic/synthetic_data_b/Aircraft_Syn/878.jpeg,a photo of a starfish.
./data/synthetic/synthetic_data_b/Aircraft_Syn/879.jpeg,a photo of a sarong.
./data/synthetic/synthetic_data_b/Aircraft_Syn/880.jpeg,"a photo of a Honda Accord Coupe 2012, a type of car."
./data/synthetic/synthetic_data_b/Aircraft_Syn/881.jpeg,a photo of a school bus.
./data/synthetic/synthetic_data_b/Aircraft_Syn/882.jpeg,a photo of a sulphur-crested cockatoo.
./data/synthetic/synthetic_data_b/Aircraft_Syn/883.jpeg,a photo of a desert/vegetation.
./data/synthetic/synthetic_data_b/Aircraft_Syn/884.jpeg,a photo of a bighorn sheep.
./data/synthetic/synthetic_data_b/Aircraft_Syn/885.jpeg,a photo of a oil filter.
./data/synthetic/synthetic_data_b/Aircraft_Syn/886.jpeg,"a photo of a Mazda Tribute SUV 2011, a type of car."
./data/synthetic/synthetic_data_b/Aircraft_Syn/887.jpeg,a photo of a supermarket.
./data/synthetic/synthetic_data_b/Aircraft_Syn/888.jpeg,"a photo of a moon orchid, a type of flower."
./data/synthetic/synthetic_data_b/Aircraft_Syn/889.jpeg,a photo of a shower.
./data/synthetic/synthetic_data_b/Aircraft_Syn/890.jpeg,a photo of a weevil.
./data/synthetic/synthetic_data_b/Aircraft_Syn/891.jpeg,a photo of a Angora rabbit.
./data/synthetic/synthetic_data_b/Aircraft_Syn/892.jpeg,a photo of a stage/indoor.
./data/synthetic/synthetic_data_b/Aircraft_Syn/893.jpeg,a photo of a polar bear.
./data/synthetic/synthetic_data_b/Aircraft_Syn/894.jpeg,a photo of a gorilla.
./data/synthetic/synthetic_data_b/Aircraft_Syn/895.jpeg,a photo of a diner/outdoor.
./data/synthetic/synthetic_data_b/Aircraft_Syn/896.jpeg,a photo of a arch.
./data/synthetic/synthetic_data_b/Aircraft_Syn/897.jpeg,a photo of a koala.
./data/synthetic/synthetic_data_b/Aircraft_Syn/898.jpeg,a photo of a toaster.
./data/synthetic/synthetic_data_b/Aircraft_Syn/899.jpeg,a photo of a slip-on shoe.
./data/synthetic/synthetic_data_b/Aircraft_Syn/900.jpeg,a photo of a loupe magnifying glass.
./data/synthetic/synthetic_data_b/Aircraft_Syn/901.jpeg,a photo of a berth.
./data/synthetic/synthetic_data_b/Aircraft_Syn/902.jpeg,a photo of a diner/indoor.
./data/synthetic/synthetic_data_b/Aircraft_Syn/903.jpeg,a photo of a shipwreck.
./data/synthetic/synthetic_data_b/Aircraft_Syn/904.jpeg,a photo of a handkerchief.
./data/synthetic/synthetic_data_b/Aircraft_Syn/905.jpeg,"a photo of a sashimi, a type of food."
./data/synthetic/synthetic_data_b/Aircraft_Syn/906.jpeg,a photo of a guenon.
./data/synthetic/synthetic_data_b/Aircraft_Syn/907.jpeg,a photo of a Appenzeller Sennenhund.
./data/synthetic/synthetic_data_b/Aircraft_Syn/908.jpeg,a photo of a wrestling ring/indoor.
./data/synthetic/synthetic_data_b/Aircraft_Syn/909.jpeg,a photo of a grey wolf.
./data/synthetic/synthetic_data_b/Aircraft_Syn/910.jpeg,a photo of a bakery.
./data/synthetic/synthetic_data_b/Aircraft_Syn/911.jpeg,a photo of a rooster.
./data/synthetic/synthetic_data_b/Aircraft_Syn/912.jpeg,"a photo of a prime rib, a type of food."
./data/synthetic/synthetic_data_b/Aircraft_Syn/913.jpeg,a photo of a crosswalk.
./data/synthetic/synthetic_data_b/Aircraft_Syn/914.jpeg,a photo of a crash helmet.
./data/synthetic/synthetic_data_b/Aircraft_Syn/915.jpeg,a photo of a fire salamander.
./data/synthetic/synthetic_data_b/Aircraft_Syn/916.jpeg,a photo of a zucchini.
./data/synthetic/synthetic_data_b/Aircraft_Syn/917.jpeg,"a photo of a Audi S6 Sedan 2011, a type of car."
./data/synthetic/synthetic_data_b/Aircraft_Syn/918.jpeg,a photo of a river.
./data/synthetic/synthetic_data_b/Aircraft_Syn/919.jpeg,"a photo of a Audi S5 Coupe 2012, a type of car."
./data/synthetic/synthetic_data_b/Aircraft_Syn/920.jpeg,"a photo of a Ford F-150 Regular Cab 2007, a type of car."
./data/synthetic/synthetic_data_b/Aircraft_Syn/921.jpeg,a photo of a jail cell.
./data/synthetic/synthetic_data_b/Aircraft_Syn/922.jpeg,a photo of a goldfinch.
./data/synthetic/synthetic_data_b/Aircraft_Syn/923.jpeg,"a photo of a grilled cheese sandwich, a type of food."
./data/synthetic/synthetic_data_b/Aircraft_Syn/924.jpeg,a photo of a train railway.
./data/synthetic/synthetic_data_b/Aircraft_Syn/925.jpeg,"a photo of a Aston Martin Virage Coupe 2012, a type of car."
./data/synthetic/synthetic_data_b/Aircraft_Syn/926.jpeg,a photo of a mobile phone.
./data/synthetic/synthetic_data_b/Aircraft_Syn/927.jpeg,a photo of a tandem bicycle.
./data/synthetic/synthetic_data_b/Aircraft_Syn/928.jpeg,"a photo of a breakfast burrito, a type of food."
./data/synthetic/synthetic_data_b/Aircraft_Syn/929.jpeg,"a photo of a moon orchid, a type of flower."
./data/synthetic/synthetic_data_b/Aircraft_Syn/930.jpeg,a photo of a geyser.
./data/synthetic/synthetic_data_b/Aircraft_Syn/931.jpeg,a photo of a popsicle.
./data/synthetic/synthetic_data_b/Aircraft_Syn/932.jpeg,a photo of a suspension bridge.
./data/synthetic/synthetic_data_b/Aircraft_Syn/933.jpeg,a photo of a window screen.
./data/synthetic/synthetic_data_b/Aircraft_Syn/934.jpeg,a photo of a Beagle.
./data/synthetic/synthetic_data_b/Aircraft_Syn/935.jpeg,"a photo of a escargots, a type of food."
./data/synthetic/synthetic_data_b/Aircraft_Syn/936.jpeg,"a photo of a edamame, a type of food."
./data/synthetic/synthetic_data_b/Aircraft_Syn/937.jpeg,a photo of a junco.
./data/synthetic/synthetic_data_b/Aircraft_Syn/938.jpeg,a photo of a cloak.
./data/synthetic/synthetic_data_b/Aircraft_Syn/939.jpeg,a photo of a track/outdoor.
./data/synthetic/synthetic_data_b/Aircraft_Syn/940.jpeg,"a photo of a GMC Acadia SUV 2012, a type of car."
./data/synthetic/synthetic_data_b/Aircraft_Syn/941.jpeg,a photo of a garbage truck.
./data/synthetic/synthetic_data_b/Aircraft_Syn/942.jpeg,"a photo of a panna cotta, a type of food."
./data/synthetic/synthetic_data_b/Aircraft_Syn/943.jpeg,"a photo of a spaghetti carbonara, a type of food."
./data/synthetic/synthetic_data_b/Aircraft_Syn/944.jpeg,"a photo of a Infiniti QX56 SUV 2011, a type of car."
./data/synthetic/synthetic_data_b/Aircraft_Syn/945.jpeg,a photo of a market/indoor.
./data/synthetic/synthetic_data_b/Aircraft_Syn/946.jpeg,a photo of a mountain.
./data/synthetic/synthetic_data_b/Aircraft_Syn/947.jpeg,a photo of a barn.
./data/synthetic/synthetic_data_b/Aircraft_Syn/948.jpeg,a photo of a black swan.
./data/synthetic/synthetic_data_b/Aircraft_Syn/949.jpeg,a photo of a white-headed capuchin.
./data/synthetic/synthetic_data_b/Aircraft_Syn/950.jpeg,a photo of a longhorn beetle.
./data/synthetic/synthetic_data_b/Aircraft_Syn/951.jpeg,a photo of a conch.
./data/synthetic/synthetic_data_b/Aircraft_Syn/952.jpeg,"a photo of a Scottish Terrier, a type of pet."
./data/synthetic/synthetic_data_b/Aircraft_Syn/953.jpeg,a photo of a plectrum.
./data/synthetic/synthetic_data_b/Aircraft_Syn/954.jpeg,a photo of a southern black widow.
./data/synthetic/synthetic_data_b/Aircraft_Syn/955.jpeg,a photo of a sloth bear.
./data/synthetic/synthetic_data_b/Aircraft_Syn/956.jpeg,a photo of a restaurant patio.
./data/synthetic/synthetic_data_b/Aircraft_Syn/957.jpeg,a photo of a Saharan horned viper.
./data/synthetic/synthetic_data_b/Aircraft_Syn/958.jpeg,"a photo of a fritillary, a type of flower."
./data/synthetic/synthetic_data_b/Aircraft_Syn/959.jpeg,"a photo of a Suzuki SX4 Sedan 2012, a type of car."
./data/synthetic/synthetic_data_b/Aircraft_Syn/960.jpeg,a photo of a pasture.
./data/synthetic/synthetic_data_b/Aircraft_Syn/961.jpeg,"a photo of a foie gras, a type of food."
./data/synthetic/synthetic_data_b/Aircraft_Syn/962.jpeg,a photo of a jigsaw puzzle.
./data/synthetic/synthetic_data_b/Aircraft_Syn/963.jpeg,a photo of a neck brace.
./data/synthetic/synthetic_data_b/Aircraft_Syn/964.jpeg,a photo of a Staffordshire Bull Terrier.
./data/synthetic/synthetic_data_b/Aircraft_Syn/965.jpeg,a photo of a black swan.
./data/synthetic/synthetic_data_b/Aircraft_Syn/966.jpeg,a photo of a Schipperke.
./data/synthetic/synthetic_data_b/Aircraft_Syn/967.jpeg,a photo of a thatched roof.
./data/synthetic/synthetic_data_b/Aircraft_Syn/968.jpeg,a photo of a orangutan.
./data/synthetic/synthetic_data_b/Aircraft_Syn/969.jpeg,a photo of a cottontail rabbit.
./data/synthetic/synthetic_data_b/Aircraft_Syn/970.jpeg,"a photo of a love in the mist, a type of flower."
./data/synthetic/synthetic_data_b/Aircraft_Syn/971.jpeg,a photo of a grocery store.
./data/synthetic/synthetic_data_b/Aircraft_Syn/972.jpeg,"a photo of a hot dog, a type of food."
./data/synthetic/synthetic_data_b/Aircraft_Syn/973.jpeg,"a photo of a globe thistle, a type of flower."
./data/synthetic/synthetic_data_b/Aircraft_Syn/974.jpeg,"a photo of a water lily, a type of flower."
./data/synthetic/synthetic_data_b/Aircraft_Syn/975.jpeg,"a photo of a canna lily, a type of flower."
./data/synthetic/synthetic_data_b/Aircraft_Syn/976.jpeg,"a photo of a chocolate mousse, a type of food."
./data/synthetic/synthetic_data_b/Aircraft_Syn/977.jpeg,"a photo of a Porsche Panamera Sedan 2012, a type of car."
./data/synthetic/synthetic_data_b/Aircraft_Syn/978.jpeg,a photo of a game room.
./data/synthetic/synthetic_data_b/Aircraft_Syn/979.jpeg,"a photo of a Lamborghini Gallardo LP 570-4 Superleggera 2012, a type of car."
./data/synthetic/synthetic_data_b/Aircraft_Syn/980.jpeg,a photo of a armadillo.
./data/synthetic/synthetic_data_b/Aircraft_Syn/981.jpeg,a photo of a pretzel.
./data/synthetic/synthetic_data_b/Aircraft_Syn/982.jpeg,a photo of a chalet.
./data/synthetic/synthetic_data_b/Aircraft_Syn/983.jpeg,"a photo of a Toyota Sequoia SUV 2012, a type of car."
./data/synthetic/synthetic_data_b/Aircraft_Syn/984.jpeg,a photo of a soda bottle.
./data/synthetic/synthetic_data_b/Aircraft_Syn/985.jpeg,a photo of a barn spider.
./data/synthetic/synthetic_data_b/Aircraft_Syn/986.jpeg,a photo of a Sealyham Terrier.
./data/synthetic/synthetic_data_b/Aircraft_Syn/987.jpeg,a photo of a desert/vegetation.
./data/synthetic/synthetic_data_b/Aircraft_Syn/988.jpeg,a photo of a rickshaw.
./data/synthetic/synthetic_data_b/Aircraft_Syn/989.jpeg,a photo of a ford model t.
./data/synthetic/synthetic_data_b/Aircraft_Syn/990.jpeg,a photo of a radio.
./data/synthetic/synthetic_data_b/Aircraft_Syn/991.jpeg,a photo of a wine cellar/barrel storage.
./data/synthetic/synthetic_data_b/Aircraft_Syn/992.jpeg,a photo of a saxophone.
./data/synthetic/synthetic_data_b/Aircraft_Syn/993.jpeg,a photo of a market/indoor.
./data/synthetic/synthetic_data_b/Aircraft_Syn/994.jpeg,a photo of a bustard.
./data/synthetic/synthetic_data_b/Aircraft_Syn/995.jpeg,a photo of a conference room.
./data/synthetic/synthetic_data_b/Aircraft_Syn/996.jpeg,a photo of a trombone.
./data/synthetic/synthetic_data_b/Aircraft_Syn/997.jpeg,a photo of a plaza.
./data/synthetic/synthetic_data_b/Aircraft_Syn/998.jpeg,"a photo of a Honda Accord Coupe 2012, a type of car."
./data/synthetic/synthetic_data_b/Aircraft_Syn/999.jpeg,a photo of a great egret.
