image,text
./data/synthetic/synthetic_data_b/CIFAR100_Syn/0.jpeg,"a photo of a 747-400, a type of aircraft."
./data/synthetic/synthetic_data_b/CIFAR100_Syn/1.jpeg,"a photo of a bolero deep blue, a type of flower."
./data/synthetic/synthetic_data_b/CIFAR100_Syn/2.jpeg,a photo of a espresso.
./data/synthetic/synthetic_data_b/CIFAR100_Syn/3.jpeg,a photo of a pomegranate.
./data/synthetic/synthetic_data_b/CIFAR100_Syn/4.jpeg,"a photo of a hippeastrum, a type of flower."
./data/synthetic/synthetic_data_b/CIFAR100_Syn/5.jpeg,"a photo of a cup cakes, a type of food."
./data/synthetic/synthetic_data_b/CIFAR100_Syn/6.jpeg,"a photo of a Mercedes-Benz Sprinter Van 2012, a type of car."
./data/synthetic/synthetic_data_b/CIFAR100_Syn/7.jpeg,a photo of a go-kart.
./data/synthetic/synthetic_data_b/CIFAR100_Syn/8.jpeg,a photo of a closet.
./data/synthetic/synthetic_data_b/CIFAR100_Syn/9.jpeg,"a photo of a Audi R8 Coupe 2012, a type of car."
./data/synthetic/synthetic_data_b/CIFAR100_Syn/10.jpeg,a photo of a bassinet.
./data/synthetic/synthetic_data_b/CIFAR100_Syn/11.jpeg,"a photo of a Wheaten Terrier, a type of pet."
./data/synthetic/synthetic_data_b/CIFAR100_Syn/12.jpeg,a photo of a shoe store.
./data/synthetic/synthetic_data_b/CIFAR100_Syn/13.jpeg,a photo of a banquet hall.
./data/synthetic/synthetic_data_b/CIFAR100_Syn/14.jpeg,"a photo of a 767-300, a type of aircraft."
./data/synthetic/synthetic_data_b/CIFAR100_Syn/15.jpeg,a photo of a accordion.
./data/synthetic/synthetic_data_b/CIFAR100_Syn/16.jpeg,a photo of a hook.
./data/synthetic/synthetic_data_b/CIFAR100_Syn/17.jpeg,a photo of a reception.
./data/synthetic/synthetic_data_b/CIFAR100_Syn/18.jpeg,a photo of a mosque/indoor.
./data/synthetic/synthetic_data_b/CIFAR100_Syn/19.jpeg,a photo of a fox squirrel.
./data/synthetic/synthetic_data_b/CIFAR100_Syn/20.jpeg,a photo of a marmoset.
./data/synthetic/synthetic_data_b/CIFAR100_Syn/21.jpeg,a photo of a pug.
./data/synthetic/synthetic_data_b/CIFAR100_Syn/22.jpeg,a photo of a raft.
./data/synthetic/synthetic_data_b/CIFAR100_Syn/23.jpeg,a photo of a dining table.
./data/synthetic/synthetic_data_b/CIFAR100_Syn/24.jpeg,a photo of a ant.
./data/synthetic/synthetic_data_b/CIFAR100_Syn/25.jpeg,a photo of a umbrella.
./data/synthetic/synthetic_data_b/CIFAR100_Syn/26.jpeg,a photo of a warehouse/indoor.
./data/synthetic/synthetic_data_b/CIFAR100_Syn/27.jpeg,a photo of a dragonfly.
./data/synthetic/synthetic_data_b/CIFAR100_Syn/28.jpeg,a photo of a burial chamber.
./data/synthetic/synthetic_data_b/CIFAR100_Syn/29.jpeg,a photo of a inn/outdoor.
./data/synthetic/synthetic_data_b/CIFAR100_Syn/30.jpeg,a photo of a general store/indoor.
./data/synthetic/synthetic_data_b/CIFAR100_Syn/31.jpeg,"a photo of a Chrysler PT Cruiser Convertible 2008, a type of car."
./data/synthetic/synthetic_data_b/CIFAR100_Syn/32.jpeg,a photo of a yin and yang symbol.
./data/synthetic/synthetic_data_b/CIFAR100_Syn/33.jpeg,a photo of a promenade deck.
./data/synthetic/synthetic_data_b/CIFAR100_Syn/34.jpeg,a photo of a toll plaza.
./data/synthetic/synthetic_data_b/CIFAR100_Syn/35.jpeg,a photo of a mayfly.
./data/synthetic/synthetic_data_b/CIFAR100_Syn/36.jpeg,a photo of a outhouse/outdoor.
./data/synthetic/synthetic_data_b/CIFAR100_Syn/37.jpeg,a photo of a graduation cap.
./data/synthetic/synthetic_data_b/CIFAR100_Syn/38.jpeg,a photo of a handkerchief.
./data/synthetic/synthetic_data_b/CIFAR100_Syn/39.jpeg,a photo of a perforated texture.
./data/synthetic/synthetic_data_b/CIFAR100_Syn/40.jpeg,a photo of a infant bed.
./data/synthetic/synthetic_data_b/CIFAR100_Syn/41.jpeg,a photo of a head of a flamingo.
./data/synthetic/synthetic_data_b/CIFAR100_Syn/42.jpeg,"a photo of a A340-500, a type of aircraft."
./data/synthetic/synthetic_data_b/CIFAR100_Syn/43.jpeg,a photo of a diaper.
./data/synthetic/synthetic_data_b/CIFAR100_Syn/44.jpeg,a photo of a castle.
./data/synthetic/synthetic_data_b/CIFAR100_Syn/45.jpeg,a photo of a tricycle.
./data/synthetic/synthetic_data_b/CIFAR100_Syn/46.jpeg,"a photo of a A310, a type of aircraft."
./data/synthetic/synthetic_data_b/CIFAR100_Syn/47.jpeg,"a photo of a Spitfire, a type of aircraft."
./data/synthetic/synthetic_data_b/CIFAR100_Syn/48.jpeg,a photo of a bittern bird.
./data/synthetic/synthetic_data_b/CIFAR100_Syn/49.jpeg,a photo of a marimba.
./data/synthetic/synthetic_data_b/CIFAR100_Syn/50.jpeg,a photo of a burial chamber.
./data/synthetic/synthetic_data_b/CIFAR100_Syn/51.jpeg,a photo of a cello.
./data/synthetic/synthetic_data_b/CIFAR100_Syn/52.jpeg,a photo of a living room.
./data/synthetic/synthetic_data_b/CIFAR100_Syn/53.jpeg,a photo of a bolo tie.
./data/synthetic/synthetic_data_b/CIFAR100_Syn/54.jpeg,a photo of a china cabinet.
./data/synthetic/synthetic_data_b/CIFAR100_Syn/55.jpeg,a photo of a bus interior.
./data/synthetic/synthetic_data_b/CIFAR100_Syn/56.jpeg,"a photo of a Toyota Camry Sedan 2012, a type of car."
./data/synthetic/synthetic_data_b/CIFAR100_Syn/57.jpeg,a photo of a Bluetick Coonhound.
./data/synthetic/synthetic_data_b/CIFAR100_Syn/58.jpeg,a photo of a limousine.
./data/synthetic/synthetic_data_b/CIFAR100_Syn/59.jpeg,a photo of a cassette player.
./data/synthetic/synthetic_data_b/CIFAR100_Syn/60.jpeg,a photo of a canal/urban.
./data/synthetic/synthetic_data_b/CIFAR100_Syn/61.jpeg,"a photo of a gyoza, a type of food."
./data/synthetic/synthetic_data_b/CIFAR100_Syn/62.jpeg,a photo of a cemetery.
./data/synthetic/synthetic_data_b/CIFAR100_Syn/63.jpeg,"a photo of a garlic bread, a type of food."
./data/synthetic/synthetic_data_b/CIFAR100_Syn/64.jpeg,"a photo of a bread pudding, a type of food."
./data/synthetic/synthetic_data_b/CIFAR100_Syn/65.jpeg,a photo of a hawksbill.
./data/synthetic/synthetic_data_b/CIFAR100_Syn/66.jpeg,a photo of a slug.
./data/synthetic/synthetic_data_b/CIFAR100_Syn/67.jpeg,a photo of a hair spray.
./data/synthetic/synthetic_data_b/CIFAR100_Syn/68.jpeg,a photo of a grocery store.
./data/synthetic/synthetic_data_b/CIFAR100_Syn/69.jpeg,a photo of a plaza.
./data/synthetic/synthetic_data_b/CIFAR100_Syn/70.jpeg,a photo of a Scottish Terrier.
./data/synthetic/synthetic_data_b/CIFAR100_Syn/71.jpeg,"a photo of a hamburger, a type of food."
./data/synthetic/synthetic_data_b/CIFAR100_Syn/72.jpeg,"a photo of a Mercedes-Benz C-Class Sedan 2012, a type of car."
./data/synthetic/synthetic_data_b/CIFAR100_Syn/73.jpeg,a photo of a vase.
./data/synthetic/synthetic_data_b/CIFAR100_Syn/74.jpeg,a photo of a quill.
./data/synthetic/synthetic_data_b/CIFAR100_Syn/75.jpeg,a photo of a lobster.
./data/synthetic/synthetic_data_b/CIFAR100_Syn/76.jpeg,a photo of a hen.
./data/synthetic/synthetic_data_b/CIFAR100_Syn/77.jpeg,a photo of a cloak.
./data/synthetic/synthetic_data_b/CIFAR100_Syn/78.jpeg,"a photo of a desert-rose, a type of flower."
./data/synthetic/synthetic_data_b/CIFAR100_Syn/79.jpeg,a photo of a hyena.
./data/synthetic/synthetic_data_b/CIFAR100_Syn/80.jpeg,a photo of a Kerry Blue Terrier.
./data/synthetic/synthetic_data_b/CIFAR100_Syn/81.jpeg,a photo of a pantry.
./data/synthetic/synthetic_data_b/CIFAR100_Syn/82.jpeg,a photo of a crayfish.
./data/synthetic/synthetic_data_b/CIFAR100_Syn/83.jpeg,"a photo of a pancakes, a type of food."
./data/synthetic/synthetic_data_b/CIFAR100_Syn/84.jpeg,"a photo of a 737-900, a type of aircraft."
./data/synthetic/synthetic_data_b/CIFAR100_Syn/85.jpeg,"a photo of a lenten rose, a type of flower."
./data/synthetic/synthetic_data_b/CIFAR100_Syn/86.jpeg,a photo of a cloister/indoor.
./data/synthetic/synthetic_data_b/CIFAR100_Syn/87.jpeg,a photo of a motorbike.
./data/synthetic/synthetic_data_b/CIFAR100_Syn/88.jpeg,a photo of a dumbbell.
./data/synthetic/synthetic_data_b/CIFAR100_Syn/89.jpeg,a photo of a frying pan.
./data/synthetic/synthetic_data_b/CIFAR100_Syn/90.jpeg,a photo of a marbled texture.
./data/synthetic/synthetic_data_b/CIFAR100_Syn/91.jpeg,"a photo of a CRJ-200, a type of aircraft."
./data/synthetic/synthetic_data_b/CIFAR100_Syn/92.jpeg,a photo of a youth hostel.
./data/synthetic/synthetic_data_b/CIFAR100_Syn/93.jpeg,a photo of a wine cellar/bottle storage.
./data/synthetic/synthetic_data_b/CIFAR100_Syn/94.jpeg,a photo of a T-shirt.
./data/synthetic/synthetic_data_b/CIFAR100_Syn/95.jpeg,"a photo of a Pug, a type of pet."
./data/synthetic/synthetic_data_b/CIFAR100_Syn/96.jpeg,a photo of a orangutan.
./data/synthetic/synthetic_data_b/CIFAR100_Syn/97.jpeg,a photo of a mansion.
./data/synthetic/synthetic_data_b/CIFAR100_Syn/98.jpeg,a photo of a drugstore.
./data/synthetic/synthetic_data_b/CIFAR100_Syn/99.jpeg,a photo of a pineapple.
./data/synthetic/synthetic_data_b/CIFAR100_Syn/100.jpeg,a photo of a gift shop.
./data/synthetic/synthetic_data_b/CIFAR100_Syn/101.jpeg,"a photo of a bolero deep blue, a type of flower."
./data/synthetic/synthetic_data_b/CIFAR100_Syn/102.jpeg,a photo of a Yorkshire Terrier.
./data/synthetic/synthetic_data_b/CIFAR100_Syn/103.jpeg,a photo of a valley.
./data/synthetic/synthetic_data_b/CIFAR100_Syn/104.jpeg,"a photo of a Hyundai Genesis Sedan 2012, a type of car."
./data/synthetic/synthetic_data_b/CIFAR100_Syn/105.jpeg,a photo of a badger.
./data/synthetic/synthetic_data_b/CIFAR100_Syn/106.jpeg,a photo of a neck brace.
./data/synthetic/synthetic_data_b/CIFAR100_Syn/107.jpeg,a photo of a tusker.
./data/synthetic/synthetic_data_b/CIFAR100_Syn/108.jpeg,"a photo of a oysters, a type of food."
./data/synthetic/synthetic_data_b/CIFAR100_Syn/109.jpeg,a photo of a combination lock.
./data/synthetic/synthetic_data_b/CIFAR100_Syn/110.jpeg,a photo of a ram (adult male sheep).
./data/synthetic/synthetic_data_b/CIFAR100_Syn/111.jpeg,a photo of a shoe store.
./data/synthetic/synthetic_data_b/CIFAR100_Syn/112.jpeg,a photo of a Clumber Spaniel.
./data/synthetic/synthetic_data_b/CIFAR100_Syn/113.jpeg,a photo of a sarong.
./data/synthetic/synthetic_data_b/CIFAR100_Syn/114.jpeg,a photo of a anchor.
./data/synthetic/synthetic_data_b/CIFAR100_Syn/115.jpeg,a photo of a frilly texture.
./data/synthetic/synthetic_data_b/CIFAR100_Syn/116.jpeg,a photo of a tarantula.
./data/synthetic/synthetic_data_b/CIFAR100_Syn/117.jpeg,a photo of a storage chest.
./data/synthetic/synthetic_data_b/CIFAR100_Syn/118.jpeg,a photo of a pool table.
./data/synthetic/synthetic_data_b/CIFAR100_Syn/119.jpeg,a photo of a wolf spider.
./data/synthetic/synthetic_data_b/CIFAR100_Syn/120.jpeg,"a photo of a Honda Odyssey Minivan 2007, a type of car."
./data/synthetic/synthetic_data_b/CIFAR100_Syn/121.jpeg,a photo of a swim trunks / shorts.
./data/synthetic/synthetic_data_b/CIFAR100_Syn/122.jpeg,"a photo of a Acura TSX Sedan 2012, a type of car."
./data/synthetic/synthetic_data_b/CIFAR100_Syn/123.jpeg,a photo of a viaduct.
./data/synthetic/synthetic_data_b/CIFAR100_Syn/124.jpeg,a photo of a water buffalo.
./data/synthetic/synthetic_data_b/CIFAR100_Syn/125.jpeg,"a photo of a Bengal, a type of pet."
./data/synthetic/synthetic_data_b/CIFAR100_Syn/126.jpeg,a photo of a ice skating rink/outdoor.
./data/synthetic/synthetic_data_b/CIFAR100_Syn/127.jpeg,a photo of a Irish Terrier.
./data/synthetic/synthetic_data_b/CIFAR100_Syn/128.jpeg,a photo of a panda.
./data/synthetic/synthetic_data_b/CIFAR100_Syn/129.jpeg,a photo of a jacamar.
./data/synthetic/synthetic_data_b/CIFAR100_Syn/130.jpeg,"a photo of a oxeye daisy, a type of flower."
./data/synthetic/synthetic_data_b/CIFAR100_Syn/131.jpeg,a photo of a synagogue/outdoor.
./data/synthetic/synthetic_data_b/CIFAR100_Syn/132.jpeg,a photo of a potter's wheel.
./data/synthetic/synthetic_data_b/CIFAR100_Syn/133.jpeg,a photo of a observatory/outdoor.
./data/synthetic/synthetic_data_b/CIFAR100_Syn/134.jpeg,a photo of a red-breasted merganser.
./data/synthetic/synthetic_data_b/CIFAR100_Syn/135.jpeg,"a photo of the number: ""2 - two""."
./data/synthetic/synthetic_data_b/CIFAR100_Syn/136.jpeg,a photo of a covered bridge/exterior.
./data/synthetic/synthetic_data_b/CIFAR100_Syn/137.jpeg,"a photo of a Chevrolet Silverado 1500 Hybrid Crew Cab 2012, a type of car."
./data/synthetic/synthetic_data_b/CIFAR100_Syn/138.jpeg,a photo of a baboon.
./data/synthetic/synthetic_data_b/CIFAR100_Syn/139.jpeg,a photo of a cauldron.
./data/synthetic/synthetic_data_b/CIFAR100_Syn/140.jpeg,a photo of a altar.
./data/synthetic/synthetic_data_b/CIFAR100_Syn/141.jpeg,a photo of a oscilloscope.
./data/synthetic/synthetic_data_b/CIFAR100_Syn/142.jpeg,"a photo of a Nissan NV Passenger Van 2012, a type of car."
./data/synthetic/synthetic_data_b/CIFAR100_Syn/143.jpeg,a photo of a hair dryer.
./data/synthetic/synthetic_data_b/CIFAR100_Syn/144.jpeg,a photo of a purse.
./data/synthetic/synthetic_data_b/CIFAR100_Syn/145.jpeg,"a photo of a Buick Regal GS 2012, a type of car."
./data/synthetic/synthetic_data_b/CIFAR100_Syn/146.jpeg,a photo of a chimpanzee.
./data/synthetic/synthetic_data_b/CIFAR100_Syn/147.jpeg,a photo of a lotion.
./data/synthetic/synthetic_data_b/CIFAR100_Syn/148.jpeg,"a photo of a lobster bisque, a type of food."
./data/synthetic/synthetic_data_b/CIFAR100_Syn/149.jpeg,a photo of a library/outdoor.
./data/synthetic/synthetic_data_b/CIFAR100_Syn/150.jpeg,a photo of a paddle.
./data/synthetic/synthetic_data_b/CIFAR100_Syn/151.jpeg,a photo of a Entlebucher Sennenhund.
./data/synthetic/synthetic_data_b/CIFAR100_Syn/152.jpeg,"a photo of a Pug, a type of pet."
./data/synthetic/synthetic_data_b/CIFAR100_Syn/153.jpeg,a photo of a prison.
./data/synthetic/synthetic_data_b/CIFAR100_Syn/154.jpeg,a photo of a nematode.
./data/synthetic/synthetic_data_b/CIFAR100_Syn/155.jpeg,a photo of a Bernese Mountain Dog.
./data/synthetic/synthetic_data_b/CIFAR100_Syn/156.jpeg,"a photo of a clam chowder, a type of food."
./data/synthetic/synthetic_data_b/CIFAR100_Syn/157.jpeg,a photo of a field/cultivated.
./data/synthetic/synthetic_data_b/CIFAR100_Syn/158.jpeg,a photo of a airliner.
./data/synthetic/synthetic_data_b/CIFAR100_Syn/159.jpeg,"a photo of a Basset Hound, a type of pet."
./data/synthetic/synthetic_data_b/CIFAR100_Syn/160.jpeg,a photo of a guillotine.
./data/synthetic/synthetic_data_b/CIFAR100_Syn/161.jpeg,a photo of a mountain.
./data/synthetic/synthetic_data_b/CIFAR100_Syn/162.jpeg,"a photo of a Maine Coon, a type of pet."
./data/synthetic/synthetic_data_b/CIFAR100_Syn/163.jpeg,"a photo of a Chevrolet Corvette Ron Fellows Edition Z06 2007, a type of car."
./data/synthetic/synthetic_data_b/CIFAR100_Syn/164.jpeg,a photo of a chicken coop/outdoor.
./data/synthetic/synthetic_data_b/CIFAR100_Syn/165.jpeg,a photo of a china cabinet.
./data/synthetic/synthetic_data_b/CIFAR100_Syn/166.jpeg,a photo of a English Setter.
./data/synthetic/synthetic_data_b/CIFAR100_Syn/167.jpeg,a photo of a tram.
./data/synthetic/synthetic_data_b/CIFAR100_Syn/168.jpeg,a photo of a baseball player.
./data/synthetic/synthetic_data_b/CIFAR100_Syn/169.jpeg,a photo of a tea cup.
./data/synthetic/synthetic_data_b/CIFAR100_Syn/170.jpeg,a photo of a rhino.
./data/synthetic/synthetic_data_b/CIFAR100_Syn/171.jpeg,a photo of a striped texture.
./data/synthetic/synthetic_data_b/CIFAR100_Syn/172.jpeg,a photo of a lined texture.
./data/synthetic/synthetic_data_b/CIFAR100_Syn/173.jpeg,a photo of a dinette/vehicle.
./data/synthetic/synthetic_data_b/CIFAR100_Syn/174.jpeg,a photo of a cannon.
./data/synthetic/synthetic_data_b/CIFAR100_Syn/175.jpeg,"a photo of a Ferrari 458 Italia Coupe 2012, a type of car."
./data/synthetic/synthetic_data_b/CIFAR100_Syn/176.jpeg,a photo of a husky.
./data/synthetic/synthetic_data_b/CIFAR100_Syn/177.jpeg,"a photo of the number: ""6 - six""."
./data/synthetic/synthetic_data_b/CIFAR100_Syn/178.jpeg,"a photo of a DHC-8-100, a type of aircraft."
./data/synthetic/synthetic_data_b/CIFAR100_Syn/179.jpeg,a photo of a library/indoor.
./data/synthetic/synthetic_data_b/CIFAR100_Syn/180.jpeg,a photo of a Mexican hairless dog (xoloitzcuintli).
./data/synthetic/synthetic_data_b/CIFAR100_Syn/181.jpeg,a photo of a ferry.
./data/synthetic/synthetic_data_b/CIFAR100_Syn/182.jpeg,a photo of a Dungeness crab.
./data/synthetic/synthetic_data_b/CIFAR100_Syn/183.jpeg,a photo of a lido deck/outdoor.
./data/synthetic/synthetic_data_b/CIFAR100_Syn/184.jpeg,a photo of a pomegranate.
./data/synthetic/synthetic_data_b/CIFAR100_Syn/185.jpeg,a photo of a tarantula.
./data/synthetic/synthetic_data_b/CIFAR100_Syn/186.jpeg,"a photo of a Ferrari 458 Italia Convertible 2012, a type of car."
./data/synthetic/synthetic_data_b/CIFAR100_Syn/187.jpeg,a photo of a bakery.
./data/synthetic/synthetic_data_b/CIFAR100_Syn/188.jpeg,"a photo of a Aston Martin V8 Vantage Coupe 2012, a type of car."
./data/synthetic/synthetic_data_b/CIFAR100_Syn/189.jpeg,a photo of a cowboy boot.
./data/synthetic/synthetic_data_b/CIFAR100_Syn/190.jpeg,"a photo of a guacamole, a type of food."
./data/synthetic/synthetic_data_b/CIFAR100_Syn/191.jpeg,a photo of a lecture room.
./data/synthetic/synthetic_data_b/CIFAR100_Syn/192.jpeg,a photo of a waiting room.
./data/synthetic/synthetic_data_b/CIFAR100_Syn/193.jpeg,a photo of a warthog.
./data/synthetic/synthetic_data_b/CIFAR100_Syn/194.jpeg,a photo of a chequered texture.
./data/synthetic/synthetic_data_b/CIFAR100_Syn/195.jpeg,a photo of a submarine.
./data/synthetic/synthetic_data_b/CIFAR100_Syn/196.jpeg,a photo of a guillotine.
./data/synthetic/synthetic_data_b/CIFAR100_Syn/197.jpeg,a photo of a catacomb.
./data/synthetic/synthetic_data_b/CIFAR100_Syn/198.jpeg,a photo of a oscilloscope.
./data/synthetic/synthetic_data_b/CIFAR100_Syn/199.jpeg,"a photo of a Acura TSX Sedan 2012, a type of car."
./data/synthetic/synthetic_data_b/CIFAR100_Syn/200.jpeg,a photo of a pub/indoor.
./data/synthetic/synthetic_data_b/CIFAR100_Syn/201.jpeg,"a photo of a 737-700, a type of aircraft."
./data/synthetic/synthetic_data_b/CIFAR100_Syn/202.jpeg,a photo of a Italian Greyhound.
./data/synthetic/synthetic_data_b/CIFAR100_Syn/203.jpeg,a photo of a hammerhead shark.
./data/synthetic/synthetic_data_b/CIFAR100_Syn/204.jpeg,"a photo of a DHC-8-100, a type of aircraft."
./data/synthetic/synthetic_data_b/CIFAR100_Syn/205.jpeg,"a photo of a Tesla Model S Sedan 2012, a type of car."
./data/synthetic/synthetic_data_b/CIFAR100_Syn/206.jpeg,a photo of a odometer.
./data/synthetic/synthetic_data_b/CIFAR100_Syn/207.jpeg,a photo of a great white shark.
./data/synthetic/synthetic_data_b/CIFAR100_Syn/208.jpeg,a photo of a Great Dane.
./data/synthetic/synthetic_data_b/CIFAR100_Syn/209.jpeg,a photo of a dollar bill.
./data/synthetic/synthetic_data_b/CIFAR100_Syn/210.jpeg,"a photo of a GMC Yukon Hybrid SUV 2012, a type of car."
./data/synthetic/synthetic_data_b/CIFAR100_Syn/211.jpeg,"a photo of a BMW 1 Series Coupe 2012, a type of car."
./data/synthetic/synthetic_data_b/CIFAR100_Syn/212.jpeg,a photo of a corn field.
./data/synthetic/synthetic_data_b/CIFAR100_Syn/213.jpeg,"a photo of a camellia, a type of flower."
./data/synthetic/synthetic_data_b/CIFAR100_Syn/214.jpeg,a photo of a trimaran.
./data/synthetic/synthetic_data_b/CIFAR100_Syn/215.jpeg,a photo of a zigzagged texture.
./data/synthetic/synthetic_data_b/CIFAR100_Syn/216.jpeg,"a photo of a Lamborghini Diablo Coupe 2001, a type of car."
./data/synthetic/synthetic_data_b/CIFAR100_Syn/217.jpeg,a photo of a Norwich Terrier.
./data/synthetic/synthetic_data_b/CIFAR100_Syn/218.jpeg,a photo of a ford model t.
./data/synthetic/synthetic_data_b/CIFAR100_Syn/219.jpeg,a photo of a cougar.
./data/synthetic/synthetic_data_b/CIFAR100_Syn/220.jpeg,"a photo of a escargots, a type of food."
./data/synthetic/synthetic_data_b/CIFAR100_Syn/221.jpeg,a photo of a chimpanzee.
./data/synthetic/synthetic_data_b/CIFAR100_Syn/222.jpeg,a photo of a gift shop.
./data/synthetic/synthetic_data_b/CIFAR100_Syn/223.jpeg,a photo of a cocktail shaker.
./data/synthetic/synthetic_data_b/CIFAR100_Syn/224.jpeg,a photo of a goblet.
./data/synthetic/synthetic_data_b/CIFAR100_Syn/225.jpeg,"a photo of a Jeep Patriot SUV 2012, a type of car."
./data/synthetic/synthetic_data_b/CIFAR100_Syn/226.jpeg,a photo of a ski resort.
./data/synthetic/synthetic_data_b/CIFAR100_Syn/227.jpeg,a photo of a totem pole.
./data/synthetic/synthetic_data_b/CIFAR100_Syn/228.jpeg,a photo of a marbled texture.
./data/synthetic/synthetic_data_b/CIFAR100_Syn/229.jpeg,"a photo of the number: ""6 - six""."
./data/synthetic/synthetic_data_b/CIFAR100_Syn/230.jpeg,"a photo of a pink-yellow dahlia, a type of flower."
./data/synthetic/synthetic_data_b/CIFAR100_Syn/231.jpeg,"a photo of a Chevrolet Express Van 2007, a type of car."
./data/synthetic/synthetic_data_b/CIFAR100_Syn/232.jpeg,"a photo of a 747-200, a type of aircraft."
./data/synthetic/synthetic_data_b/CIFAR100_Syn/233.jpeg,"a photo of a GMC Savana Van 2012, a type of car."
./data/synthetic/synthetic_data_b/CIFAR100_Syn/234.jpeg,"a photo of a Aston Martin V8 Vantage Convertible 2012, a type of car."
./data/synthetic/synthetic_data_b/CIFAR100_Syn/235.jpeg,"a photo of a Chihuahua, a type of pet."
./data/synthetic/synthetic_data_b/CIFAR100_Syn/236.jpeg,"a photo of a bishop of llandaff, a type of flower."
./data/synthetic/synthetic_data_b/CIFAR100_Syn/237.jpeg,a photo of a torch.
./data/synthetic/synthetic_data_b/CIFAR100_Syn/238.jpeg,"a photo of a Beechcraft 1900, a type of aircraft."
./data/synthetic/synthetic_data_b/CIFAR100_Syn/239.jpeg,"a photo of a hard-leaved pocket orchid, a type of flower."
./data/synthetic/synthetic_data_b/CIFAR100_Syn/240.jpeg,a photo of a sea snake.
./data/synthetic/synthetic_data_b/CIFAR100_Syn/241.jpeg,a photo of a electric locomotive.
./data/synthetic/synthetic_data_b/CIFAR100_Syn/242.jpeg,a photo of a hen.
./data/synthetic/synthetic_data_b/CIFAR100_Syn/243.jpeg,a photo of a barrel.
./data/synthetic/synthetic_data_b/CIFAR100_Syn/244.jpeg,a photo of a jay.
./data/synthetic/synthetic_data_b/CIFAR100_Syn/245.jpeg,a photo of a green iguana.
./data/synthetic/synthetic_data_b/CIFAR100_Syn/246.jpeg,a photo of a pencil sharpener.
./data/synthetic/synthetic_data_b/CIFAR100_Syn/247.jpeg,a photo of a movie theater/indoor.
./data/synthetic/synthetic_data_b/CIFAR100_Syn/248.jpeg,a photo of a lobster.
./data/synthetic/synthetic_data_b/CIFAR100_Syn/249.jpeg,a photo of a forest road.
./data/synthetic/synthetic_data_b/CIFAR100_Syn/250.jpeg,a photo of a Angora rabbit.
./data/synthetic/synthetic_data_b/CIFAR100_Syn/251.jpeg,a photo of a leafhopper.
./data/synthetic/synthetic_data_b/CIFAR100_Syn/252.jpeg,a photo of a isopod.
./data/synthetic/synthetic_data_b/CIFAR100_Syn/253.jpeg,a photo of a volcano.
./data/synthetic/synthetic_data_b/CIFAR100_Syn/254.jpeg,a photo of a coffeemaker.
./data/synthetic/synthetic_data_b/CIFAR100_Syn/255.jpeg,"a photo of a blackberry lily, a type of flower."
./data/synthetic/synthetic_data_b/CIFAR100_Syn/256.jpeg,a photo of a church/outdoor.
./data/synthetic/synthetic_data_b/CIFAR100_Syn/257.jpeg,a photo of a atrium/public.
./data/synthetic/synthetic_data_b/CIFAR100_Syn/258.jpeg,a photo of a driveway.
./data/synthetic/synthetic_data_b/CIFAR100_Syn/259.jpeg,a photo of a drink pitcher.
./data/synthetic/synthetic_data_b/CIFAR100_Syn/260.jpeg,a photo of a leatherback sea turtle.
./data/synthetic/synthetic_data_b/CIFAR100_Syn/261.jpeg,a photo of a convertible.
./data/synthetic/synthetic_data_b/CIFAR100_Syn/262.jpeg,"a photo of a DC-10, a type of aircraft."
./data/synthetic/synthetic_data_b/CIFAR100_Syn/263.jpeg,a photo of a cafeteria.
./data/synthetic/synthetic_data_b/CIFAR100_Syn/264.jpeg,a photo of a shopping basket.
./data/synthetic/synthetic_data_b/CIFAR100_Syn/265.jpeg,a photo of a videostore.
./data/synthetic/synthetic_data_b/CIFAR100_Syn/266.jpeg,a photo of a banded gecko.
./data/synthetic/synthetic_data_b/CIFAR100_Syn/267.jpeg,a photo of a wine bottle.
./data/synthetic/synthetic_data_b/CIFAR100_Syn/268.jpeg,a photo of a ptarmigan.
./data/synthetic/synthetic_data_b/CIFAR100_Syn/269.jpeg,"a photo of a Lamborghini Gallardo LP 570-4 Superleggera 2012, a type of car."
./data/synthetic/synthetic_data_b/CIFAR100_Syn/270.jpeg,a photo of a athletic field/outdoor.
./data/synthetic/synthetic_data_b/CIFAR100_Syn/271.jpeg,a photo of a screwdriver.
./data/synthetic/synthetic_data_b/CIFAR100_Syn/272.jpeg,a photo of a gibbon.
./data/synthetic/synthetic_data_b/CIFAR100_Syn/273.jpeg,"a photo of a frozen yogurt, a type of food."
./data/synthetic/synthetic_data_b/CIFAR100_Syn/274.jpeg,a photo of a window shade.
./data/synthetic/synthetic_data_b/CIFAR100_Syn/275.jpeg,a photo of a carbonara.
./data/synthetic/synthetic_data_b/CIFAR100_Syn/276.jpeg,a photo of a schooner.
./data/synthetic/synthetic_data_b/CIFAR100_Syn/277.jpeg,a photo of a basketball court/outdoor.
./data/synthetic/synthetic_data_b/CIFAR100_Syn/278.jpeg,a photo of a sea lion.
./data/synthetic/synthetic_data_b/CIFAR100_Syn/279.jpeg,"a photo of a Lamborghini Reventon Coupe 2008, a type of car."
./data/synthetic/synthetic_data_b/CIFAR100_Syn/280.jpeg,a photo of a revolver.
./data/synthetic/synthetic_data_b/CIFAR100_Syn/281.jpeg,a photo of a threshing machine.
./data/synthetic/synthetic_data_b/CIFAR100_Syn/282.jpeg,a photo of a axolotl.
./data/synthetic/synthetic_data_b/CIFAR100_Syn/283.jpeg,a photo of a snowplow.
./data/synthetic/synthetic_data_b/CIFAR100_Syn/284.jpeg,a photo of a greenhouse/outdoor.
./data/synthetic/synthetic_data_b/CIFAR100_Syn/285.jpeg,a photo of a bookstore.
./data/synthetic/synthetic_data_b/CIFAR100_Syn/286.jpeg,"a photo of a Hyundai Genesis Sedan 2012, a type of car."
./data/synthetic/synthetic_data_b/CIFAR100_Syn/287.jpeg,a photo of a chequered texture.
./data/synthetic/synthetic_data_b/CIFAR100_Syn/288.jpeg,a photo of a scissors.
./data/synthetic/synthetic_data_b/CIFAR100_Syn/289.jpeg,a photo of a palace.
./data/synthetic/synthetic_data_b/CIFAR100_Syn/290.jpeg,a photo of a shower cap.
./data/synthetic/synthetic_data_b/CIFAR100_Syn/291.jpeg,a photo of a pier.
./data/synthetic/synthetic_data_b/CIFAR100_Syn/292.jpeg,a photo of a Standard Poodle.
./data/synthetic/synthetic_data_b/CIFAR100_Syn/293.jpeg,a photo of a dam.
./data/synthetic/synthetic_data_b/CIFAR100_Syn/294.jpeg,a photo of a Miniature Poodle.
./data/synthetic/synthetic_data_b/CIFAR100_Syn/295.jpeg,a photo of a Crock Pot.
./data/synthetic/synthetic_data_b/CIFAR100_Syn/296.jpeg,"a photo of a Chevrolet Express Cargo Van 2007, a type of car."
./data/synthetic/synthetic_data_b/CIFAR100_Syn/297.jpeg,a photo of a cheeseburger.
./data/synthetic/synthetic_data_b/CIFAR100_Syn/298.jpeg,"a photo of a HUMMER H3T Crew Cab 2010, a type of car."
./data/synthetic/synthetic_data_b/CIFAR100_Syn/299.jpeg,a photo of a seat belt.
./data/synthetic/synthetic_data_b/CIFAR100_Syn/300.jpeg,a photo of a hummingbird.
./data/synthetic/synthetic_data_b/CIFAR100_Syn/301.jpeg,"a photo of a BMW M6 Convertible 2010, a type of car."
./data/synthetic/synthetic_data_b/CIFAR100_Syn/302.jpeg,"a photo of a 767-200, a type of aircraft."
./data/synthetic/synthetic_data_b/CIFAR100_Syn/303.jpeg,a photo of a hen.
./data/synthetic/synthetic_data_b/CIFAR100_Syn/304.jpeg,a photo of a rice paddy.
./data/synthetic/synthetic_data_b/CIFAR100_Syn/305.jpeg,a photo of a English Setter.
./data/synthetic/synthetic_data_b/CIFAR100_Syn/306.jpeg,"a photo of a Havanese, a type of pet."
./data/synthetic/synthetic_data_b/CIFAR100_Syn/307.jpeg,a photo of a sky.
./data/synthetic/synthetic_data_b/CIFAR100_Syn/308.jpeg,a photo of a lecture room.
./data/synthetic/synthetic_data_b/CIFAR100_Syn/309.jpeg,"a photo of a Geo Metro Convertible 1993, a type of car."
./data/synthetic/synthetic_data_b/CIFAR100_Syn/310.jpeg,a photo of a movie theater.
./data/synthetic/synthetic_data_b/CIFAR100_Syn/311.jpeg,"a photo of a ERJ 135, a type of aircraft."
./data/synthetic/synthetic_data_b/CIFAR100_Syn/312.jpeg,a photo of a starfish.
./data/synthetic/synthetic_data_b/CIFAR100_Syn/313.jpeg,a photo of a bar.
./data/synthetic/synthetic_data_b/CIFAR100_Syn/314.jpeg,a photo of a Weimaraner.
./data/synthetic/synthetic_data_b/CIFAR100_Syn/315.jpeg,a photo of a traffic or street sign.
./data/synthetic/synthetic_data_b/CIFAR100_Syn/316.jpeg,a photo of a Cairn Terrier.
./data/synthetic/synthetic_data_b/CIFAR100_Syn/317.jpeg,"a photo of a Hyundai Elantra Touring Hatchback 2012, a type of car."
./data/synthetic/synthetic_data_b/CIFAR100_Syn/318.jpeg,a photo of a phone booth.
./data/synthetic/synthetic_data_b/CIFAR100_Syn/319.jpeg,a photo of a wine cellar/barrel storage.
./data/synthetic/synthetic_data_b/CIFAR100_Syn/320.jpeg,"a photo of a tuna tartare, a type of food."
./data/synthetic/synthetic_data_b/CIFAR100_Syn/321.jpeg,a photo of a kite (bird of prey).
./data/synthetic/synthetic_data_b/CIFAR100_Syn/322.jpeg,a photo of a forest/broadleaf.
./data/synthetic/synthetic_data_b/CIFAR100_Syn/323.jpeg,a photo of a sleeping bag.
./data/synthetic/synthetic_data_b/CIFAR100_Syn/324.jpeg,"a photo of a prince of wales feathers, a type of flower."
./data/synthetic/synthetic_data_b/CIFAR100_Syn/325.jpeg,a photo of a fox squirrel.
./data/synthetic/synthetic_data_b/CIFAR100_Syn/326.jpeg,a photo of a platypus.
./data/synthetic/synthetic_data_b/CIFAR100_Syn/327.jpeg,a photo of a guacamole.
./data/synthetic/synthetic_data_b/CIFAR100_Syn/328.jpeg,a photo of a pub/indoor.
./data/synthetic/synthetic_data_b/CIFAR100_Syn/329.jpeg,a photo of a leaf beetle.
./data/synthetic/synthetic_data_b/CIFAR100_Syn/330.jpeg,"a photo of a Audi S4 Sedan 2007, a type of car."
./data/synthetic/synthetic_data_b/CIFAR100_Syn/331.jpeg,a photo of a sock.
./data/synthetic/synthetic_data_b/CIFAR100_Syn/332.jpeg,a photo of a computer mouse.
./data/synthetic/synthetic_data_b/CIFAR100_Syn/333.jpeg,"a photo of a english marigold, a type of flower."
./data/synthetic/synthetic_data_b/CIFAR100_Syn/334.jpeg,"a photo of a pork chop, a type of food."
./data/synthetic/synthetic_data_b/CIFAR100_Syn/335.jpeg,a photo of a Great Pyrenees dog.
./data/synthetic/synthetic_data_b/CIFAR100_Syn/336.jpeg,a photo of a lionfish.
./data/synthetic/synthetic_data_b/CIFAR100_Syn/337.jpeg,a photo of a slug.
./data/synthetic/synthetic_data_b/CIFAR100_Syn/338.jpeg,a photo of a chair.
./data/synthetic/synthetic_data_b/CIFAR100_Syn/339.jpeg,a photo of a ski resort.
./data/synthetic/synthetic_data_b/CIFAR100_Syn/340.jpeg,a photo of a red-breasted merganser.
./data/synthetic/synthetic_data_b/CIFAR100_Syn/341.jpeg,"a photo of a corn poppy, a type of flower."
./data/synthetic/synthetic_data_b/CIFAR100_Syn/342.jpeg,"a photo of a BMW ActiveHybrid 5 Sedan 2012, a type of car."
./data/synthetic/synthetic_data_b/CIFAR100_Syn/343.jpeg,"a photo of a Audi A5 Coupe 2012, a type of car."
./data/synthetic/synthetic_data_b/CIFAR100_Syn/344.jpeg,a photo of a beer glass.
./data/synthetic/synthetic_data_b/CIFAR100_Syn/345.jpeg,"a photo of a Tornado, a type of aircraft."
./data/synthetic/synthetic_data_b/CIFAR100_Syn/346.jpeg,a photo of a promontory.
./data/synthetic/synthetic_data_b/CIFAR100_Syn/347.jpeg,"a photo of a wild pansy, a type of flower."
./data/synthetic/synthetic_data_b/CIFAR100_Syn/348.jpeg,a photo of a Kuvasz.
./data/synthetic/synthetic_data_b/CIFAR100_Syn/349.jpeg,"a photo of a fritillary, a type of flower."
./data/synthetic/synthetic_data_b/CIFAR100_Syn/350.jpeg,a photo of a eggnog.
./data/synthetic/synthetic_data_b/CIFAR100_Syn/351.jpeg,a photo of a mongoose.
./data/synthetic/synthetic_data_b/CIFAR100_Syn/352.jpeg,a photo of a tent/outdoor.
./data/synthetic/synthetic_data_b/CIFAR100_Syn/353.jpeg,a photo of a silver salmon.
./data/synthetic/synthetic_data_b/CIFAR100_Syn/354.jpeg,a photo of a water tower.
./data/synthetic/synthetic_data_b/CIFAR100_Syn/355.jpeg,a photo of a convertible.
./data/synthetic/synthetic_data_b/CIFAR100_Syn/356.jpeg,a photo of a Alpine ibex.
./data/synthetic/synthetic_data_b/CIFAR100_Syn/357.jpeg,a photo of a husky.
./data/synthetic/synthetic_data_b/CIFAR100_Syn/358.jpeg,a photo of a common gallinule.
./data/synthetic/synthetic_data_b/CIFAR100_Syn/359.jpeg,a photo of a cloister/indoor.
./data/synthetic/synthetic_data_b/CIFAR100_Syn/360.jpeg,"a photo of a scallops, a type of food."
./data/synthetic/synthetic_data_b/CIFAR100_Syn/361.jpeg,a photo of a Miniature Poodle.
./data/synthetic/synthetic_data_b/CIFAR100_Syn/362.jpeg,a photo of a croquet ball.
./data/synthetic/synthetic_data_b/CIFAR100_Syn/363.jpeg,a photo of a Basenji.
./data/synthetic/synthetic_data_b/CIFAR100_Syn/364.jpeg,a photo of a tree house.
./data/synthetic/synthetic_data_b/CIFAR100_Syn/365.jpeg,a photo of a Groenendael dog.
./data/synthetic/synthetic_data_b/CIFAR100_Syn/366.jpeg,"a photo of a fish and chips, a type of food."
./data/synthetic/synthetic_data_b/CIFAR100_Syn/367.jpeg,a photo of a ski lodge.
./data/synthetic/synthetic_data_b/CIFAR100_Syn/368.jpeg,a photo of a grey wolf.
./data/synthetic/synthetic_data_b/CIFAR100_Syn/369.jpeg,a photo of a balloon.
./data/synthetic/synthetic_data_b/CIFAR100_Syn/370.jpeg,a photo of a Komondor.
./data/synthetic/synthetic_data_b/CIFAR100_Syn/371.jpeg,a photo of a Irish Setter.
./data/synthetic/synthetic_data_b/CIFAR100_Syn/372.jpeg,"a photo of a caesar salad, a type of food."
./data/synthetic/synthetic_data_b/CIFAR100_Syn/373.jpeg,a photo of a courtroom.
./data/synthetic/synthetic_data_b/CIFAR100_Syn/374.jpeg,a photo of a ice skating rink/outdoor.
./data/synthetic/synthetic_data_b/CIFAR100_Syn/375.jpeg,a photo of a rock beauty fish.
./data/synthetic/synthetic_data_b/CIFAR100_Syn/376.jpeg,a photo of a mausoleum.
./data/synthetic/synthetic_data_b/CIFAR100_Syn/377.jpeg,a photo of a banana.
./data/synthetic/synthetic_data_b/CIFAR100_Syn/378.jpeg,a photo of a frilled-necked lizard.
./data/synthetic/synthetic_data_b/CIFAR100_Syn/379.jpeg,"a photo of a 757-200, a type of aircraft."
./data/synthetic/synthetic_data_b/CIFAR100_Syn/380.jpeg,a photo of a desert/sand.
./data/synthetic/synthetic_data_b/CIFAR100_Syn/381.jpeg,"a photo of a DHC-1, a type of aircraft."
./data/synthetic/synthetic_data_b/CIFAR100_Syn/382.jpeg,a photo of a rope bridge.
./data/synthetic/synthetic_data_b/CIFAR100_Syn/383.jpeg,a photo of a backpack.
./data/synthetic/synthetic_data_b/CIFAR100_Syn/384.jpeg,"a photo of a buttercup, a type of flower."
./data/synthetic/synthetic_data_b/CIFAR100_Syn/385.jpeg,a photo of a wombat.
./data/synthetic/synthetic_data_b/CIFAR100_Syn/386.jpeg,"a photo of a 767-200, a type of aircraft."
./data/synthetic/synthetic_data_b/CIFAR100_Syn/387.jpeg,"a photo of a pink primrose, a type of flower."
./data/synthetic/synthetic_data_b/CIFAR100_Syn/388.jpeg,a photo of a shoe store.
./data/synthetic/synthetic_data_b/CIFAR100_Syn/389.jpeg,a photo of a bell tower.
./data/synthetic/synthetic_data_b/CIFAR100_Syn/390.jpeg,a photo of a banjo.
./data/synthetic/synthetic_data_b/CIFAR100_Syn/391.jpeg,a photo of a American alligator.
./data/synthetic/synthetic_data_b/CIFAR100_Syn/392.jpeg,a photo of a hyena.
./data/synthetic/synthetic_data_b/CIFAR100_Syn/393.jpeg,a photo of a shower cap.
./data/synthetic/synthetic_data_b/CIFAR100_Syn/394.jpeg,a photo of a cradle.
./data/synthetic/synthetic_data_b/CIFAR100_Syn/395.jpeg,a photo of a studded texture.
./data/synthetic/synthetic_data_b/CIFAR100_Syn/396.jpeg,"a photo of a Buick Enclave SUV 2012, a type of car."
./data/synthetic/synthetic_data_b/CIFAR100_Syn/397.jpeg,a photo of a apse/indoor.
./data/synthetic/synthetic_data_b/CIFAR100_Syn/398.jpeg,a photo of a planetarium/outdoor.
./data/synthetic/synthetic_data_b/CIFAR100_Syn/399.jpeg,a photo of a crocodile.
./data/synthetic/synthetic_data_b/CIFAR100_Syn/400.jpeg,a photo of a village.
./data/synthetic/synthetic_data_b/CIFAR100_Syn/401.jpeg,a photo of a remote control.
./data/synthetic/synthetic_data_b/CIFAR100_Syn/402.jpeg,a photo of a earth star fungus.
./data/synthetic/synthetic_data_b/CIFAR100_Syn/403.jpeg,a photo of a fountain pen.
./data/synthetic/synthetic_data_b/CIFAR100_Syn/404.jpeg,a photo of a American Staffordshire Terrier.
./data/synthetic/synthetic_data_b/CIFAR100_Syn/405.jpeg,a photo of a St. Bernard.
./data/synthetic/synthetic_data_b/CIFAR100_Syn/406.jpeg,a photo of a croquet ball.
./data/synthetic/synthetic_data_b/CIFAR100_Syn/407.jpeg,"a photo of a pulled pork sandwich, a type of food."
./data/synthetic/synthetic_data_b/CIFAR100_Syn/408.jpeg,a photo of a sushi bar.
./data/synthetic/synthetic_data_b/CIFAR100_Syn/409.jpeg,a photo of a athletic field/outdoor.
./data/synthetic/synthetic_data_b/CIFAR100_Syn/410.jpeg,"a photo of a poutine, a type of food."
./data/synthetic/synthetic_data_b/CIFAR100_Syn/411.jpeg,a photo of a hatchet.
./data/synthetic/synthetic_data_b/CIFAR100_Syn/412.jpeg,a photo of a horse-drawn vehicle.
./data/synthetic/synthetic_data_b/CIFAR100_Syn/413.jpeg,"a photo of a Gulfstream IV, a type of aircraft."
./data/synthetic/synthetic_data_b/CIFAR100_Syn/414.jpeg,"a photo of a onion rings, a type of food."
./data/synthetic/synthetic_data_b/CIFAR100_Syn/415.jpeg,"a photo of a cautleya spicata, a type of flower."
./data/synthetic/synthetic_data_b/CIFAR100_Syn/416.jpeg,"a photo of a Volvo C30 Hatchback 2012, a type of car."
./data/synthetic/synthetic_data_b/CIFAR100_Syn/417.jpeg,a photo of a building facade.
./data/synthetic/synthetic_data_b/CIFAR100_Syn/418.jpeg,a photo of a loggerhead sea turtle.
./data/synthetic/synthetic_data_b/CIFAR100_Syn/419.jpeg,a photo of a hard disk drive.
./data/synthetic/synthetic_data_b/CIFAR100_Syn/420.jpeg,a photo of a Rottweiler.
./data/synthetic/synthetic_data_b/CIFAR100_Syn/421.jpeg,a photo of a cliff.
./data/synthetic/synthetic_data_b/CIFAR100_Syn/422.jpeg,a photo of a scaly texture.
./data/synthetic/synthetic_data_b/CIFAR100_Syn/423.jpeg,a photo of a Schipperke.
./data/synthetic/synthetic_data_b/CIFAR100_Syn/424.jpeg,a photo of a podium/indoor.
./data/synthetic/synthetic_data_b/CIFAR100_Syn/425.jpeg,"a photo of a californian poppy, a type of flower."
./data/synthetic/synthetic_data_b/CIFAR100_Syn/426.jpeg,a photo of a slot machine.
./data/synthetic/synthetic_data_b/CIFAR100_Syn/427.jpeg,a photo of a steam locomotive.
./data/synthetic/synthetic_data_b/CIFAR100_Syn/428.jpeg,a photo of a scarf.
./data/synthetic/synthetic_data_b/CIFAR100_Syn/429.jpeg,a photo of a grey fox.
./data/synthetic/synthetic_data_b/CIFAR100_Syn/430.jpeg,"a photo of a pelargonium, a type of flower."
./data/synthetic/synthetic_data_b/CIFAR100_Syn/431.jpeg,a photo of a sarong.
./data/synthetic/synthetic_data_b/CIFAR100_Syn/432.jpeg,a photo of a airplane.
./data/synthetic/synthetic_data_b/CIFAR100_Syn/433.jpeg,"a photo of a Eurofighter Typhoon, a type of aircraft."
./data/synthetic/synthetic_data_b/CIFAR100_Syn/434.jpeg,"a photo of a king protea, a type of flower."
./data/synthetic/synthetic_data_b/CIFAR100_Syn/435.jpeg,"a photo of a carnation, a type of flower."
./data/synthetic/synthetic_data_b/CIFAR100_Syn/436.jpeg,"a photo of a donuts, a type of food."
./data/synthetic/synthetic_data_b/CIFAR100_Syn/437.jpeg,a photo of a parking lot.
./data/synthetic/synthetic_data_b/CIFAR100_Syn/438.jpeg,"a photo of a canterbury bells, a type of flower."
./data/synthetic/synthetic_data_b/CIFAR100_Syn/439.jpeg,a photo of a monitor.
./data/synthetic/synthetic_data_b/CIFAR100_Syn/440.jpeg,a photo of a baseball.
./data/synthetic/synthetic_data_b/CIFAR100_Syn/441.jpeg,"a photo of a 767-300, a type of aircraft."
./data/synthetic/synthetic_data_b/CIFAR100_Syn/442.jpeg,a photo of a Whippet.
./data/synthetic/synthetic_data_b/CIFAR100_Syn/443.jpeg,a photo of a stop sign.
./data/synthetic/synthetic_data_b/CIFAR100_Syn/444.jpeg,a photo of a water bottle.
./data/synthetic/synthetic_data_b/CIFAR100_Syn/445.jpeg,a photo of a American robin.
./data/synthetic/synthetic_data_b/CIFAR100_Syn/446.jpeg,a photo of a shipwreck.
./data/synthetic/synthetic_data_b/CIFAR100_Syn/447.jpeg,a photo of a cucumber.
./data/synthetic/synthetic_data_b/CIFAR100_Syn/448.jpeg,"a photo of a EMB-120, a type of aircraft."
./data/synthetic/synthetic_data_b/CIFAR100_Syn/449.jpeg,a photo of a triumphal arch.
./data/synthetic/synthetic_data_b/CIFAR100_Syn/450.jpeg,a photo of a valley.
./data/synthetic/synthetic_data_b/CIFAR100_Syn/451.jpeg,a photo of a crab.
./data/synthetic/synthetic_data_b/CIFAR100_Syn/452.jpeg,"a photo of a spear thistle, a type of flower."
./data/synthetic/synthetic_data_b/CIFAR100_Syn/453.jpeg,a photo of a childs room.
./data/synthetic/synthetic_data_b/CIFAR100_Syn/454.jpeg,a photo of a mop.
./data/synthetic/synthetic_data_b/CIFAR100_Syn/455.jpeg,a photo of a house.
./data/synthetic/synthetic_data_b/CIFAR100_Syn/456.jpeg,a photo of a radio.
./data/synthetic/synthetic_data_b/CIFAR100_Syn/457.jpeg,a photo of a newt.
./data/synthetic/synthetic_data_b/CIFAR100_Syn/458.jpeg,a photo of a basketball court/outdoor.
./data/synthetic/synthetic_data_b/CIFAR100_Syn/459.jpeg,a photo of a Carolina anole.
./data/synthetic/synthetic_data_b/CIFAR100_Syn/460.jpeg,a photo of a ground beetle.
./data/synthetic/synthetic_data_b/CIFAR100_Syn/461.jpeg,a photo of a athletic field/outdoor.
./data/synthetic/synthetic_data_b/CIFAR100_Syn/462.jpeg,a photo of a American lobster.
./data/synthetic/synthetic_data_b/CIFAR100_Syn/463.jpeg,a photo of a cannon.
./data/synthetic/synthetic_data_b/CIFAR100_Syn/464.jpeg,a photo of a guillotine.
./data/synthetic/synthetic_data_b/CIFAR100_Syn/465.jpeg,"a photo of a Volkswagen Golf Hatchback 1991, a type of car."
./data/synthetic/synthetic_data_b/CIFAR100_Syn/466.jpeg,a photo of a topiary garden.
./data/synthetic/synthetic_data_b/CIFAR100_Syn/467.jpeg,a photo of a balaclava ski mask.
./data/synthetic/synthetic_data_b/CIFAR100_Syn/468.jpeg,a photo of a balcony/exterior.
./data/synthetic/synthetic_data_b/CIFAR100_Syn/469.jpeg,a photo of a Staffordshire Bull Terrier.
./data/synthetic/synthetic_data_b/CIFAR100_Syn/470.jpeg,a photo of a red king crab.
./data/synthetic/synthetic_data_b/CIFAR100_Syn/471.jpeg,a photo of a spider web.
./data/synthetic/synthetic_data_b/CIFAR100_Syn/472.jpeg,a photo of a keyboard space bar.
./data/synthetic/synthetic_data_b/CIFAR100_Syn/473.jpeg,"a photo of a Mercedes-Benz E-Class Sedan 2012, a type of car."
./data/synthetic/synthetic_data_b/CIFAR100_Syn/474.jpeg,a photo of a photocopier.
./data/synthetic/synthetic_data_b/CIFAR100_Syn/475.jpeg,a photo of a sink.
./data/synthetic/synthetic_data_b/CIFAR100_Syn/476.jpeg,"a photo of a Chevrolet Silverado 1500 Extended Cab 2012, a type of car."
./data/synthetic/synthetic_data_b/CIFAR100_Syn/477.jpeg,a photo of a photocopier.
./data/synthetic/synthetic_data_b/CIFAR100_Syn/478.jpeg,"a photo of a buttercup, a type of flower."
./data/synthetic/synthetic_data_b/CIFAR100_Syn/479.jpeg,"a photo of a Aston Martin V8 Vantage Convertible 2012, a type of car."
./data/synthetic/synthetic_data_b/CIFAR100_Syn/480.jpeg,a photo of a plunger.
./data/synthetic/synthetic_data_b/CIFAR100_Syn/481.jpeg,a photo of a snowmobile.
./data/synthetic/synthetic_data_b/CIFAR100_Syn/482.jpeg,a photo of a macaw.
./data/synthetic/synthetic_data_b/CIFAR100_Syn/483.jpeg,a photo of a pillow.
./data/synthetic/synthetic_data_b/CIFAR100_Syn/484.jpeg,"a photo of a Chevrolet Malibu Sedan 2007, a type of car."
./data/synthetic/synthetic_data_b/CIFAR100_Syn/485.jpeg,a photo of a backpack.
./data/synthetic/synthetic_data_b/CIFAR100_Syn/486.jpeg,a photo of a quail.
./data/synthetic/synthetic_data_b/CIFAR100_Syn/487.jpeg,a photo of a fountain.
./data/synthetic/synthetic_data_b/CIFAR100_Syn/488.jpeg,a photo of a conference center.
./data/synthetic/synthetic_data_b/CIFAR100_Syn/489.jpeg,a photo of a bookstore.
./data/synthetic/synthetic_data_b/CIFAR100_Syn/490.jpeg,"a photo of a sword lily, a type of flower."
./data/synthetic/synthetic_data_b/CIFAR100_Syn/491.jpeg,a photo of a toilet seat.
./data/synthetic/synthetic_data_b/CIFAR100_Syn/492.jpeg,"a photo of a hamburger, a type of food."
./data/synthetic/synthetic_data_b/CIFAR100_Syn/493.jpeg,"a photo of a A320, a type of aircraft."
./data/synthetic/synthetic_data_b/CIFAR100_Syn/494.jpeg,a photo of a scuba diver.
./data/synthetic/synthetic_data_b/CIFAR100_Syn/495.jpeg,a photo of a butchers shop.
./data/synthetic/synthetic_data_b/CIFAR100_Syn/496.jpeg,a photo of a car interior/frontseat.
./data/synthetic/synthetic_data_b/CIFAR100_Syn/497.jpeg,a photo of a parachute.
./data/synthetic/synthetic_data_b/CIFAR100_Syn/498.jpeg,a photo of a stable.
./data/synthetic/synthetic_data_b/CIFAR100_Syn/499.jpeg,a photo of a Standard Poodle.
./data/synthetic/synthetic_data_b/CIFAR100_Syn/500.jpeg,a photo of a CD player.
./data/synthetic/synthetic_data_b/CIFAR100_Syn/501.jpeg,a photo of a handkerchief.
./data/synthetic/synthetic_data_b/CIFAR100_Syn/502.jpeg,a photo of a disc brake.
./data/synthetic/synthetic_data_b/CIFAR100_Syn/503.jpeg,a photo of a saxophone.
./data/synthetic/synthetic_data_b/CIFAR100_Syn/504.jpeg,a photo of a seat belt.
./data/synthetic/synthetic_data_b/CIFAR100_Syn/505.jpeg,a photo of a cockpit.
./data/synthetic/synthetic_data_b/CIFAR100_Syn/506.jpeg,a photo of a cavern/indoor.
./data/synthetic/synthetic_data_b/CIFAR100_Syn/507.jpeg,"a photo of the number: ""5 - five""."
./data/synthetic/synthetic_data_b/CIFAR100_Syn/508.jpeg,a photo of a schoolhouse.
./data/synthetic/synthetic_data_b/CIFAR100_Syn/509.jpeg,"a photo of a Acura RL Sedan 2012, a type of car."
./data/synthetic/synthetic_data_b/CIFAR100_Syn/510.jpeg,a photo of a Lakeland Terrier.
./data/synthetic/synthetic_data_b/CIFAR100_Syn/511.jpeg,a photo of a sandal.
./data/synthetic/synthetic_data_b/CIFAR100_Syn/512.jpeg,"a photo of a bread pudding, a type of food."
./data/synthetic/synthetic_data_b/CIFAR100_Syn/513.jpeg,a photo of a jeans.
./data/synthetic/synthetic_data_b/CIFAR100_Syn/514.jpeg,"a photo of a Wheaten Terrier, a type of pet."
./data/synthetic/synthetic_data_b/CIFAR100_Syn/515.jpeg,"a photo of a Audi A5 Coupe 2012, a type of car."
./data/synthetic/synthetic_data_b/CIFAR100_Syn/516.jpeg,a photo of a Welsh Springer Spaniel.
./data/synthetic/synthetic_data_b/CIFAR100_Syn/517.jpeg,"a photo of a Jeep Grand Cherokee SUV 2012, a type of car."
./data/synthetic/synthetic_data_b/CIFAR100_Syn/518.jpeg,a photo of a construction crane.
./data/synthetic/synthetic_data_b/CIFAR100_Syn/519.jpeg,a photo of a stained texture.
./data/synthetic/synthetic_data_b/CIFAR100_Syn/520.jpeg,a photo of a lobster.
./data/synthetic/synthetic_data_b/CIFAR100_Syn/521.jpeg,a photo of a throne.
./data/synthetic/synthetic_data_b/CIFAR100_Syn/522.jpeg,a photo of a hamster.
./data/synthetic/synthetic_data_b/CIFAR100_Syn/523.jpeg,"a photo of a L-1011, a type of aircraft."
./data/synthetic/synthetic_data_b/CIFAR100_Syn/524.jpeg,a photo of a Toy Poodle.
./data/synthetic/synthetic_data_b/CIFAR100_Syn/525.jpeg,a photo of a odometer.
./data/synthetic/synthetic_data_b/CIFAR100_Syn/526.jpeg,a photo of a striped texture.
./data/synthetic/synthetic_data_b/CIFAR100_Syn/527.jpeg,a photo of a elevator/interior.
./data/synthetic/synthetic_data_b/CIFAR100_Syn/528.jpeg,a photo of a swirly texture.
./data/synthetic/synthetic_data_b/CIFAR100_Syn/529.jpeg,a photo of a cavern/indoor.
./data/synthetic/synthetic_data_b/CIFAR100_Syn/530.jpeg,a photo of a wrench.
./data/synthetic/synthetic_data_b/CIFAR100_Syn/531.jpeg,"a photo of a DHC-1, a type of aircraft."
./data/synthetic/synthetic_data_b/CIFAR100_Syn/532.jpeg,a photo of a pole.
./data/synthetic/synthetic_data_b/CIFAR100_Syn/533.jpeg,"a photo of a Egyptian Mau, a type of pet."
./data/synthetic/synthetic_data_b/CIFAR100_Syn/534.jpeg,a photo of a cathedral/outdoor.
./data/synthetic/synthetic_data_b/CIFAR100_Syn/535.jpeg,a photo of a elephant.
./data/synthetic/synthetic_data_b/CIFAR100_Syn/536.jpeg,a photo of a snoopy (cartoon beagle).
./data/synthetic/synthetic_data_b/CIFAR100_Syn/537.jpeg,"a photo of a Tu-134, a type of aircraft."
./data/synthetic/synthetic_data_b/CIFAR100_Syn/538.jpeg,"a photo of a FIAT 500 Convertible 2012, a type of car."
./data/synthetic/synthetic_data_b/CIFAR100_Syn/539.jpeg,a photo of a ice floe.
./data/synthetic/synthetic_data_b/CIFAR100_Syn/540.jpeg,a photo of a dugong.
./data/synthetic/synthetic_data_b/CIFAR100_Syn/541.jpeg,a photo of a tape player.
./data/synthetic/synthetic_data_b/CIFAR100_Syn/542.jpeg,a photo of a water jug.
./data/synthetic/synthetic_data_b/CIFAR100_Syn/543.jpeg,a photo of a couch.
./data/synthetic/synthetic_data_b/CIFAR100_Syn/544.jpeg,"a photo of a 737-800, a type of aircraft."
./data/synthetic/synthetic_data_b/CIFAR100_Syn/545.jpeg,a photo of a chocolate syrup.
./data/synthetic/synthetic_data_b/CIFAR100_Syn/546.jpeg,a photo of a greenhouse/indoor.
./data/synthetic/synthetic_data_b/CIFAR100_Syn/547.jpeg,a photo of a military aircraft.
./data/synthetic/synthetic_data_b/CIFAR100_Syn/548.jpeg,"a photo of a hummus, a type of food."
./data/synthetic/synthetic_data_b/CIFAR100_Syn/549.jpeg,a photo of a raft.
./data/synthetic/synthetic_data_b/CIFAR100_Syn/550.jpeg,a photo of a cliff.
./data/synthetic/synthetic_data_b/CIFAR100_Syn/551.jpeg,a photo of a mask.
./data/synthetic/synthetic_data_b/CIFAR100_Syn/552.jpeg,a photo of a cavern/indoor.
./data/synthetic/synthetic_data_b/CIFAR100_Syn/553.jpeg,"a photo of a Bentley Continental GT Coupe 2007, a type of car."
./data/synthetic/synthetic_data_b/CIFAR100_Syn/554.jpeg,a photo of a bison.
./data/synthetic/synthetic_data_b/CIFAR100_Syn/555.jpeg,a photo of a espresso machine.
./data/synthetic/synthetic_data_b/CIFAR100_Syn/556.jpeg,a photo of a hippopotamus.
./data/synthetic/synthetic_data_b/CIFAR100_Syn/557.jpeg,"a photo of a cannoli, a type of food."
./data/synthetic/synthetic_data_b/CIFAR100_Syn/558.jpeg,a photo of a videostore.
./data/synthetic/synthetic_data_b/CIFAR100_Syn/559.jpeg,"a photo of a mallow, a type of flower."
./data/synthetic/synthetic_data_b/CIFAR100_Syn/560.jpeg,a photo of a butternut squash.
./data/synthetic/synthetic_data_b/CIFAR100_Syn/561.jpeg,a photo of a Redbone Coonhound.
./data/synthetic/synthetic_data_b/CIFAR100_Syn/562.jpeg,"a photo of a DR-400, a type of aircraft."
./data/synthetic/synthetic_data_b/CIFAR100_Syn/563.jpeg,a centered satellite photo of residential buildings or homes or apartments.
./data/synthetic/synthetic_data_b/CIFAR100_Syn/564.jpeg,"a photo of a mexican aster, a type of flower."
./data/synthetic/synthetic_data_b/CIFAR100_Syn/565.jpeg,a photo of a residential neighborhood.
./data/synthetic/synthetic_data_b/CIFAR100_Syn/566.jpeg,"a photo of a 737-400, a type of aircraft."
./data/synthetic/synthetic_data_b/CIFAR100_Syn/567.jpeg,"a photo of a F-16A/B, a type of aircraft."
./data/synthetic/synthetic_data_b/CIFAR100_Syn/568.jpeg,a photo of a sky.
./data/synthetic/synthetic_data_b/CIFAR100_Syn/569.jpeg,a photo of a lock chamber.
./data/synthetic/synthetic_data_b/CIFAR100_Syn/570.jpeg,a photo of a bow window/outdoor.
./data/synthetic/synthetic_data_b/CIFAR100_Syn/571.jpeg,a photo of a watch.
./data/synthetic/synthetic_data_b/CIFAR100_Syn/572.jpeg,"a photo of the number: ""1 - one""."
./data/synthetic/synthetic_data_b/CIFAR100_Syn/573.jpeg,"a photo of a GMC Savana Van 2012, a type of car."
./data/synthetic/synthetic_data_b/CIFAR100_Syn/574.jpeg,a photo of a crevasse.
./data/synthetic/synthetic_data_b/CIFAR100_Syn/575.jpeg,a photo of a tusker.
./data/synthetic/synthetic_data_b/CIFAR100_Syn/576.jpeg,a photo of a poncho.
./data/synthetic/synthetic_data_b/CIFAR100_Syn/577.jpeg,a photo of a tree farm.
./data/synthetic/synthetic_data_b/CIFAR100_Syn/578.jpeg,a photo of a pomegranate.
./data/synthetic/synthetic_data_b/CIFAR100_Syn/579.jpeg,"a photo of a Dodge Sprinter Cargo Van 2009, a type of car."
./data/synthetic/synthetic_data_b/CIFAR100_Syn/580.jpeg,a photo of a ant.
./data/synthetic/synthetic_data_b/CIFAR100_Syn/581.jpeg,a photo of a badlands.
./data/synthetic/synthetic_data_b/CIFAR100_Syn/582.jpeg,a photo of a beaver.
./data/synthetic/synthetic_data_b/CIFAR100_Syn/583.jpeg,"a photo of a bruschetta, a type of food."
./data/synthetic/synthetic_data_b/CIFAR100_Syn/584.jpeg,a photo of a fibrous texture.
./data/synthetic/synthetic_data_b/CIFAR100_Syn/585.jpeg,a centered satellite photo of lake or sea.
./data/synthetic/synthetic_data_b/CIFAR100_Syn/586.jpeg,a photo of a damselfly.
./data/synthetic/synthetic_data_b/CIFAR100_Syn/587.jpeg,"a photo of a Hyundai Veracruz SUV 2012, a type of car."
./data/synthetic/synthetic_data_b/CIFAR100_Syn/588.jpeg,a photo of a pretzel.
./data/synthetic/synthetic_data_b/CIFAR100_Syn/589.jpeg,a photo of a aircraft carrier.
./data/synthetic/synthetic_data_b/CIFAR100_Syn/590.jpeg,a photo of a CD player.
./data/synthetic/synthetic_data_b/CIFAR100_Syn/591.jpeg,a photo of a tiger.
./data/synthetic/synthetic_data_b/CIFAR100_Syn/592.jpeg,a photo of a balcony/interior.
./data/synthetic/synthetic_data_b/CIFAR100_Syn/593.jpeg,a photo of a King Charles Spaniel.
./data/synthetic/synthetic_data_b/CIFAR100_Syn/594.jpeg,a photo of a steam locomotive.
./data/synthetic/synthetic_data_b/CIFAR100_Syn/595.jpeg,"a photo of a red ginger, a type of flower."
./data/synthetic/synthetic_data_b/CIFAR100_Syn/596.jpeg,a photo of a soccer ball.
./data/synthetic/synthetic_data_b/CIFAR100_Syn/597.jpeg,"a photo of a english marigold, a type of flower."
./data/synthetic/synthetic_data_b/CIFAR100_Syn/598.jpeg,"a photo of a Audi TT RS Coupe 2012, a type of car."
./data/synthetic/synthetic_data_b/CIFAR100_Syn/599.jpeg,"a photo of a fried calamari, a type of food."
./data/synthetic/synthetic_data_b/CIFAR100_Syn/600.jpeg,"a photo of a HUMMER H2 SUT Crew Cab 2009, a type of car."
./data/synthetic/synthetic_data_b/CIFAR100_Syn/601.jpeg,a photo of a schooner.
./data/synthetic/synthetic_data_b/CIFAR100_Syn/602.jpeg,a photo of a four-poster bed.
./data/synthetic/synthetic_data_b/CIFAR100_Syn/603.jpeg,"a photo of a Chevrolet Silverado 1500 Classic Extended Cab 2007, a type of car."
./data/synthetic/synthetic_data_b/CIFAR100_Syn/604.jpeg,a photo of a leatherback sea turtle.
./data/synthetic/synthetic_data_b/CIFAR100_Syn/605.jpeg,"a photo of a deviled eggs, a type of food."
./data/synthetic/synthetic_data_b/CIFAR100_Syn/606.jpeg,"a photo of a Land Rover LR2 SUV 2012, a type of car."
./data/synthetic/synthetic_data_b/CIFAR100_Syn/607.jpeg,"a photo of a morning glory, a type of flower."
./data/synthetic/synthetic_data_b/CIFAR100_Syn/608.jpeg,a photo of a jewelry shop.
./data/synthetic/synthetic_data_b/CIFAR100_Syn/609.jpeg,a photo of a labyrinth/outdoor.
./data/synthetic/synthetic_data_b/CIFAR100_Syn/610.jpeg,a photo of a Komodo dragon.
./data/synthetic/synthetic_data_b/CIFAR100_Syn/611.jpeg,"a photo of a Model B200, a type of aircraft."
./data/synthetic/synthetic_data_b/CIFAR100_Syn/612.jpeg,a centered satellite photo of river.
./data/synthetic/synthetic_data_b/CIFAR100_Syn/613.jpeg,a photo of a jigsaw puzzle.
./data/synthetic/synthetic_data_b/CIFAR100_Syn/614.jpeg,a photo of a heliport.
./data/synthetic/synthetic_data_b/CIFAR100_Syn/615.jpeg,a photo of a pretzel.
./data/synthetic/synthetic_data_b/CIFAR100_Syn/616.jpeg,a photo of a popsicle.
./data/synthetic/synthetic_data_b/CIFAR100_Syn/617.jpeg,a photo of a toaster.
./data/synthetic/synthetic_data_b/CIFAR100_Syn/618.jpeg,a photo of a off-center face.
./data/synthetic/synthetic_data_b/CIFAR100_Syn/619.jpeg,a photo of a pomegranate.
./data/synthetic/synthetic_data_b/CIFAR100_Syn/620.jpeg,"a photo of a Fokker 100, a type of aircraft."
./data/synthetic/synthetic_data_b/CIFAR100_Syn/621.jpeg,"a photo of a CRJ-900, a type of aircraft."
./data/synthetic/synthetic_data_b/CIFAR100_Syn/622.jpeg,"a photo of a wild pansy, a type of flower."
./data/synthetic/synthetic_data_b/CIFAR100_Syn/623.jpeg,a photo of a hartebeest.
./data/synthetic/synthetic_data_b/CIFAR100_Syn/624.jpeg,"a photo of a sashimi, a type of food."
./data/synthetic/synthetic_data_b/CIFAR100_Syn/625.jpeg,a photo of a ruler measuring stick.
./data/synthetic/synthetic_data_b/CIFAR100_Syn/626.jpeg,a photo of a sandbar.
./data/synthetic/synthetic_data_b/CIFAR100_Syn/627.jpeg,a photo of a pantry.
./data/synthetic/synthetic_data_b/CIFAR100_Syn/628.jpeg,a photo of a tile roof.
./data/synthetic/synthetic_data_b/CIFAR100_Syn/629.jpeg,a photo of a tent/outdoor.
./data/synthetic/synthetic_data_b/CIFAR100_Syn/630.jpeg,"a photo of a 707-320, a type of aircraft."
./data/synthetic/synthetic_data_b/CIFAR100_Syn/631.jpeg,a photo of a spiny lobster.
./data/synthetic/synthetic_data_b/CIFAR100_Syn/632.jpeg,a photo of a chalet.
./data/synthetic/synthetic_data_b/CIFAR100_Syn/633.jpeg,a photo of a garbage truck.
./data/synthetic/synthetic_data_b/CIFAR100_Syn/634.jpeg,a photo of a dam.
./data/synthetic/synthetic_data_b/CIFAR100_Syn/635.jpeg,"a photo of a hot dog, a type of food."
./data/synthetic/synthetic_data_b/CIFAR100_Syn/636.jpeg,a photo of a green iguana.
./data/synthetic/synthetic_data_b/CIFAR100_Syn/637.jpeg,a photo of a bubbly texture.
./data/synthetic/synthetic_data_b/CIFAR100_Syn/638.jpeg,a photo of a amusement park.
./data/synthetic/synthetic_data_b/CIFAR100_Syn/639.jpeg,"a photo of a buttercup, a type of flower."
./data/synthetic/synthetic_data_b/CIFAR100_Syn/640.jpeg,a photo of a plate.
./data/synthetic/synthetic_data_b/CIFAR100_Syn/641.jpeg,a photo of a pasture.
./data/synthetic/synthetic_data_b/CIFAR100_Syn/642.jpeg,a photo of a reception.
./data/synthetic/synthetic_data_b/CIFAR100_Syn/643.jpeg,a photo of a jail/indoor.
./data/synthetic/synthetic_data_b/CIFAR100_Syn/644.jpeg,"a photo of a donuts, a type of food."
./data/synthetic/synthetic_data_b/CIFAR100_Syn/645.jpeg,"a photo of a Saint Bernard, a type of pet."
./data/synthetic/synthetic_data_b/CIFAR100_Syn/646.jpeg,a photo of a jacamar.
./data/synthetic/synthetic_data_b/CIFAR100_Syn/647.jpeg,a photo of a little blue heron.
./data/synthetic/synthetic_data_b/CIFAR100_Syn/648.jpeg,a photo of a garbage truck.
./data/synthetic/synthetic_data_b/CIFAR100_Syn/649.jpeg,a photo of a lipstick.
./data/synthetic/synthetic_data_b/CIFAR100_Syn/650.jpeg,"a photo of a monkshood, a type of flower."
./data/synthetic/synthetic_data_b/CIFAR100_Syn/651.jpeg,a photo of a firing range/indoor.
./data/synthetic/synthetic_data_b/CIFAR100_Syn/652.jpeg,a photo of a courthouse.
./data/synthetic/synthetic_data_b/CIFAR100_Syn/653.jpeg,a photo of a sunglasses.
./data/synthetic/synthetic_data_b/CIFAR100_Syn/654.jpeg,a photo of a fire station.
./data/synthetic/synthetic_data_b/CIFAR100_Syn/655.jpeg,a photo of a Chow Chow.
./data/synthetic/synthetic_data_b/CIFAR100_Syn/656.jpeg,a photo of a doorway/outdoor.
./data/synthetic/synthetic_data_b/CIFAR100_Syn/657.jpeg,a photo of a safe.
./data/synthetic/synthetic_data_b/CIFAR100_Syn/658.jpeg,a photo of a centered face.
./data/synthetic/synthetic_data_b/CIFAR100_Syn/659.jpeg,a photo of a tandem bicycle.
./data/synthetic/synthetic_data_b/CIFAR100_Syn/660.jpeg,"a photo of a canterbury bells, a type of flower."
./data/synthetic/synthetic_data_b/CIFAR100_Syn/661.jpeg,"a photo of a 737-600, a type of aircraft."
./data/synthetic/synthetic_data_b/CIFAR100_Syn/662.jpeg,"a photo of a guacamole, a type of food."
./data/synthetic/synthetic_data_b/CIFAR100_Syn/663.jpeg,a photo of a Geoffroy's spider monkey.
./data/synthetic/synthetic_data_b/CIFAR100_Syn/664.jpeg,a photo of a parallel bars.
./data/synthetic/synthetic_data_b/CIFAR100_Syn/665.jpeg,a photo of a barrel.
./data/synthetic/synthetic_data_b/CIFAR100_Syn/666.jpeg,a photo of a planetarium.
./data/synthetic/synthetic_data_b/CIFAR100_Syn/667.jpeg,a photo of a little blue heron.
./data/synthetic/synthetic_data_b/CIFAR100_Syn/668.jpeg,a photo of a llama.
./data/synthetic/synthetic_data_b/CIFAR100_Syn/669.jpeg,a photo of a brain coral.
./data/synthetic/synthetic_data_b/CIFAR100_Syn/670.jpeg,a photo of a rifle.
./data/synthetic/synthetic_data_b/CIFAR100_Syn/671.jpeg,a photo of a spider web.
./data/synthetic/synthetic_data_b/CIFAR100_Syn/672.jpeg,a photo of a Siamese cat.
./data/synthetic/synthetic_data_b/CIFAR100_Syn/673.jpeg,a photo of a discotheque.
./data/synthetic/synthetic_data_b/CIFAR100_Syn/674.jpeg,"a photo of a Mercedes-Benz SL-Class Coupe 2009, a type of car."
./data/synthetic/synthetic_data_b/CIFAR100_Syn/675.jpeg,a photo of a swing.
./data/synthetic/synthetic_data_b/CIFAR100_Syn/676.jpeg,a photo of a banana.
./data/synthetic/synthetic_data_b/CIFAR100_Syn/677.jpeg,"a photo of a Volvo C30 Hatchback 2012, a type of car."
./data/synthetic/synthetic_data_b/CIFAR100_Syn/678.jpeg,a photo of a cougar.
./data/synthetic/synthetic_data_b/CIFAR100_Syn/679.jpeg,"a photo of a 777-200, a type of aircraft."
./data/synthetic/synthetic_data_b/CIFAR100_Syn/680.jpeg,a photo of a German Shepherd Dog.
./data/synthetic/synthetic_data_b/CIFAR100_Syn/681.jpeg,a photo of a bridge.
./data/synthetic/synthetic_data_b/CIFAR100_Syn/682.jpeg,a photo of a Gila monster.
./data/synthetic/synthetic_data_b/CIFAR100_Syn/683.jpeg,a photo of a park bench.
./data/synthetic/synthetic_data_b/CIFAR100_Syn/684.jpeg,"a photo of a Shiba Inu, a type of pet."
./data/synthetic/synthetic_data_b/CIFAR100_Syn/685.jpeg,a photo of a martial arts gym.
./data/synthetic/synthetic_data_b/CIFAR100_Syn/686.jpeg,a photo of a firing range/indoor.
./data/synthetic/synthetic_data_b/CIFAR100_Syn/687.jpeg,a photo of a mask.
./data/synthetic/synthetic_data_b/CIFAR100_Syn/688.jpeg,a photo of a bookcase.
./data/synthetic/synthetic_data_b/CIFAR100_Syn/689.jpeg,a photo of a rotary dial telephone.
./data/synthetic/synthetic_data_b/CIFAR100_Syn/690.jpeg,a photo of a parking garage/outdoor.
./data/synthetic/synthetic_data_b/CIFAR100_Syn/691.jpeg,a photo of a buddha.
./data/synthetic/synthetic_data_b/CIFAR100_Syn/692.jpeg,a photo of a tabby cat.
./data/synthetic/synthetic_data_b/CIFAR100_Syn/693.jpeg,a photo of a excavation.
./data/synthetic/synthetic_data_b/CIFAR100_Syn/694.jpeg,a photo of a syringe.
./data/synthetic/synthetic_data_b/CIFAR100_Syn/695.jpeg,a photo of a dining table.
./data/synthetic/synthetic_data_b/CIFAR100_Syn/696.jpeg,a photo of a swim trunks / shorts.
./data/synthetic/synthetic_data_b/CIFAR100_Syn/697.jpeg,"a photo of a pancakes, a type of food."
./data/synthetic/synthetic_data_b/CIFAR100_Syn/698.jpeg,a photo of a ski slope.
./data/synthetic/synthetic_data_b/CIFAR100_Syn/699.jpeg,a photo of a centered face.
./data/synthetic/synthetic_data_b/CIFAR100_Syn/700.jpeg,a photo of a microphone.
./data/synthetic/synthetic_data_b/CIFAR100_Syn/701.jpeg,"a photo of a pho, a type of food."
./data/synthetic/synthetic_data_b/CIFAR100_Syn/702.jpeg,a photo of a couch.
./data/synthetic/synthetic_data_b/CIFAR100_Syn/703.jpeg,a photo of a frilly texture.
./data/synthetic/synthetic_data_b/CIFAR100_Syn/704.jpeg,"a photo of a An-12, a type of aircraft."
./data/synthetic/synthetic_data_b/CIFAR100_Syn/705.jpeg,"a photo of a Honda Accord Sedan 2012, a type of car."
./data/synthetic/synthetic_data_b/CIFAR100_Syn/706.jpeg,a photo of a stopwatch.
./data/synthetic/synthetic_data_b/CIFAR100_Syn/707.jpeg,a photo of a American bullfrog.
./data/synthetic/synthetic_data_b/CIFAR100_Syn/708.jpeg,a photo of a hair clip.
./data/synthetic/synthetic_data_b/CIFAR100_Syn/709.jpeg,a photo of a volleyball court/outdoor.
./data/synthetic/synthetic_data_b/CIFAR100_Syn/710.jpeg,a photo of a brussels griffon.
./data/synthetic/synthetic_data_b/CIFAR100_Syn/711.jpeg,a photo of a hot spring.
./data/synthetic/synthetic_data_b/CIFAR100_Syn/712.jpeg,"a photo of a Audi RS 4 Convertible 2008, a type of car."
./data/synthetic/synthetic_data_b/CIFAR100_Syn/713.jpeg,"a photo of a sweet pea, a type of flower."
./data/synthetic/synthetic_data_b/CIFAR100_Syn/714.jpeg,a photo of a octopus.
./data/synthetic/synthetic_data_b/CIFAR100_Syn/715.jpeg,"a photo of a Boeing 717, a type of aircraft."
./data/synthetic/synthetic_data_b/CIFAR100_Syn/716.jpeg,"a photo of a DC-10, a type of aircraft."
./data/synthetic/synthetic_data_b/CIFAR100_Syn/717.jpeg,a photo of a Afghan Hound.
./data/synthetic/synthetic_data_b/CIFAR100_Syn/718.jpeg,a photo of a macaque.
./data/synthetic/synthetic_data_b/CIFAR100_Syn/719.jpeg,"a photo of a Spyker C8 Coupe 2009, a type of car."
./data/synthetic/synthetic_data_b/CIFAR100_Syn/720.jpeg,"a photo of a A321, a type of aircraft."
./data/synthetic/synthetic_data_b/CIFAR100_Syn/721.jpeg,"a photo of a passion flower, a type of flower."
./data/synthetic/synthetic_data_b/CIFAR100_Syn/722.jpeg,"a photo of a chocolate mousse, a type of food."
./data/synthetic/synthetic_data_b/CIFAR100_Syn/723.jpeg,a photo of a firing range/indoor.
./data/synthetic/synthetic_data_b/CIFAR100_Syn/724.jpeg,a photo of a pickup truck.
./data/synthetic/synthetic_data_b/CIFAR100_Syn/725.jpeg,a photo of a ocean.
./data/synthetic/synthetic_data_b/CIFAR100_Syn/726.jpeg,"a photo of a Audi S5 Convertible 2012, a type of car."
./data/synthetic/synthetic_data_b/CIFAR100_Syn/727.jpeg,a photo of a poncho.
./data/synthetic/synthetic_data_b/CIFAR100_Syn/728.jpeg,a photo of a ski resort.
./data/synthetic/synthetic_data_b/CIFAR100_Syn/729.jpeg,"a photo of a A340-600, a type of aircraft."
./data/synthetic/synthetic_data_b/CIFAR100_Syn/730.jpeg,a photo of a diner/outdoor.
./data/synthetic/synthetic_data_b/CIFAR100_Syn/731.jpeg,a photo of a race car.
./data/synthetic/synthetic_data_b/CIFAR100_Syn/732.jpeg,a photo of a silver salmon.
./data/synthetic/synthetic_data_b/CIFAR100_Syn/733.jpeg,a photo of a galley.
./data/synthetic/synthetic_data_b/CIFAR100_Syn/734.jpeg,a photo of a Weimaraner.
./data/synthetic/synthetic_data_b/CIFAR100_Syn/735.jpeg,a photo of a baseball player.
./data/synthetic/synthetic_data_b/CIFAR100_Syn/736.jpeg,a photo of a maze.
./data/synthetic/synthetic_data_b/CIFAR100_Syn/737.jpeg,"a photo of a GMC Canyon Extended Cab 2012, a type of car."
./data/synthetic/synthetic_data_b/CIFAR100_Syn/738.jpeg,"a photo of a smart fortwo Convertible 2012, a type of car."
./data/synthetic/synthetic_data_b/CIFAR100_Syn/739.jpeg,a photo of a dingo.
./data/synthetic/synthetic_data_b/CIFAR100_Syn/740.jpeg,a photo of a violin.
./data/synthetic/synthetic_data_b/CIFAR100_Syn/741.jpeg,a photo of a saxophone.
./data/synthetic/synthetic_data_b/CIFAR100_Syn/742.jpeg,a photo of a medina.
./data/synthetic/synthetic_data_b/CIFAR100_Syn/743.jpeg,a photo of a Christmas stocking.
./data/synthetic/synthetic_data_b/CIFAR100_Syn/744.jpeg,a photo of a building facade.
./data/synthetic/synthetic_data_b/CIFAR100_Syn/745.jpeg,a photo of a stick insect.
./data/synthetic/synthetic_data_b/CIFAR100_Syn/746.jpeg,a photo of a basketball.
./data/synthetic/synthetic_data_b/CIFAR100_Syn/747.jpeg,a photo of a lined texture.
./data/synthetic/synthetic_data_b/CIFAR100_Syn/748.jpeg,"a photo of a Saint Bernard, a type of pet."
./data/synthetic/synthetic_data_b/CIFAR100_Syn/749.jpeg,a photo of a market/indoor.
./data/synthetic/synthetic_data_b/CIFAR100_Syn/750.jpeg,"a photo of a 737-400, a type of aircraft."
./data/synthetic/synthetic_data_b/CIFAR100_Syn/751.jpeg,a photo of a moving van.
./data/synthetic/synthetic_data_b/CIFAR100_Syn/752.jpeg,"a photo of a BMW M6 Convertible 2010, a type of car."
./data/synthetic/synthetic_data_b/CIFAR100_Syn/753.jpeg,a photo of a teapot.
./data/synthetic/synthetic_data_b/CIFAR100_Syn/754.jpeg,a photo of a pitted texture.
./data/synthetic/synthetic_data_b/CIFAR100_Syn/755.jpeg,a photo of a Border Terrier.
./data/synthetic/synthetic_data_b/CIFAR100_Syn/756.jpeg,"a photo of a Cessna 560, a type of aircraft."
./data/synthetic/synthetic_data_b/CIFAR100_Syn/757.jpeg,a photo of a brain coral.
./data/synthetic/synthetic_data_b/CIFAR100_Syn/758.jpeg,a photo of a meerkat.
./data/synthetic/synthetic_data_b/CIFAR100_Syn/759.jpeg,"a photo of a Cessna 208, a type of aircraft."
./data/synthetic/synthetic_data_b/CIFAR100_Syn/760.jpeg,a photo of a courthouse.
./data/synthetic/synthetic_data_b/CIFAR100_Syn/761.jpeg,"a photo of a silverbush, a type of flower."
./data/synthetic/synthetic_data_b/CIFAR100_Syn/762.jpeg,a photo of a hot spring.
./data/synthetic/synthetic_data_b/CIFAR100_Syn/763.jpeg,a photo of a balaclava ski mask.
./data/synthetic/synthetic_data_b/CIFAR100_Syn/764.jpeg,a photo of a hangar/indoor.
./data/synthetic/synthetic_data_b/CIFAR100_Syn/765.jpeg,a photo of a Pekingese.
./data/synthetic/synthetic_data_b/CIFAR100_Syn/766.jpeg,a photo of a frilled-necked lizard.
./data/synthetic/synthetic_data_b/CIFAR100_Syn/767.jpeg,"a photo of a BMW 1 Series Convertible 2012, a type of car."
./data/synthetic/synthetic_data_b/CIFAR100_Syn/768.jpeg,a photo of a cauldron.
./data/synthetic/synthetic_data_b/CIFAR100_Syn/769.jpeg,a photo of a folding chair.
./data/synthetic/synthetic_data_b/CIFAR100_Syn/770.jpeg,"a photo of a Siamese, a type of pet."
./data/synthetic/synthetic_data_b/CIFAR100_Syn/771.jpeg,"a photo of a DHC-1, a type of aircraft."
./data/synthetic/synthetic_data_b/CIFAR100_Syn/772.jpeg,a photo of a head of a flamingo.
./data/synthetic/synthetic_data_b/CIFAR100_Syn/773.jpeg,"a photo of a CRJ-900, a type of aircraft."
./data/synthetic/synthetic_data_b/CIFAR100_Syn/774.jpeg,a photo of a Arctic fox.
./data/synthetic/synthetic_data_b/CIFAR100_Syn/775.jpeg,a photo of a guinea pig.
./data/synthetic/synthetic_data_b/CIFAR100_Syn/776.jpeg,a photo of a agaric.
./data/synthetic/synthetic_data_b/CIFAR100_Syn/777.jpeg,a photo of a temple/east asia.
./data/synthetic/synthetic_data_b/CIFAR100_Syn/778.jpeg,a photo of a golf ball.
./data/synthetic/synthetic_data_b/CIFAR100_Syn/779.jpeg,"a photo of a MD-11, a type of aircraft."
./data/synthetic/synthetic_data_b/CIFAR100_Syn/780.jpeg,"a photo of a Jaguar XK XKR 2012, a type of car."
./data/synthetic/synthetic_data_b/CIFAR100_Syn/781.jpeg,a photo of a mobile home.
./data/synthetic/synthetic_data_b/CIFAR100_Syn/782.jpeg,a photo of a palace.
./data/synthetic/synthetic_data_b/CIFAR100_Syn/783.jpeg,a photo of a barn spider.
./data/synthetic/synthetic_data_b/CIFAR100_Syn/784.jpeg,a photo of a apron.
./data/synthetic/synthetic_data_b/CIFAR100_Syn/785.jpeg,a photo of a drink pitcher.
./data/synthetic/synthetic_data_b/CIFAR100_Syn/786.jpeg,"a photo of a bread pudding, a type of food."
./data/synthetic/synthetic_data_b/CIFAR100_Syn/787.jpeg,a photo of a computer keyboard.
./data/synthetic/synthetic_data_b/CIFAR100_Syn/788.jpeg,a photo of a fire station.
./data/synthetic/synthetic_data_b/CIFAR100_Syn/789.jpeg,a photo of a overskirt.
./data/synthetic/synthetic_data_b/CIFAR100_Syn/790.jpeg,a photo of a leafhopper.
./data/synthetic/synthetic_data_b/CIFAR100_Syn/791.jpeg,a photo of a Gila monster.
./data/synthetic/synthetic_data_b/CIFAR100_Syn/792.jpeg,"a photo of a GMC Yukon Hybrid SUV 2012, a type of car."
./data/synthetic/synthetic_data_b/CIFAR100_Syn/793.jpeg,a photo of a ocean liner.
./data/synthetic/synthetic_data_b/CIFAR100_Syn/794.jpeg,a photo of a tower.
./data/synthetic/synthetic_data_b/CIFAR100_Syn/795.jpeg,a photo of a atrium/public.
./data/synthetic/synthetic_data_b/CIFAR100_Syn/796.jpeg,a photo of a plastic bag.
./data/synthetic/synthetic_data_b/CIFAR100_Syn/797.jpeg,a photo of a vestment.
./data/synthetic/synthetic_data_b/CIFAR100_Syn/798.jpeg,a photo of a common redshank.
./data/synthetic/synthetic_data_b/CIFAR100_Syn/799.jpeg,a photo of a velvet fabric.
./data/synthetic/synthetic_data_b/CIFAR100_Syn/800.jpeg,a photo of a tree house.
./data/synthetic/synthetic_data_b/CIFAR100_Syn/801.jpeg,a photo of a Boston Terrier.
./data/synthetic/synthetic_data_b/CIFAR100_Syn/802.jpeg,a photo of a baluster / handrail.
./data/synthetic/synthetic_data_b/CIFAR100_Syn/803.jpeg,a photo of a fire escape.
./data/synthetic/synthetic_data_b/CIFAR100_Syn/804.jpeg,"a photo of a nachos, a type of food."
./data/synthetic/synthetic_data_b/CIFAR100_Syn/805.jpeg,a photo of a veterinarians office.
./data/synthetic/synthetic_data_b/CIFAR100_Syn/806.jpeg,a photo of a Gordon Setter.
./data/synthetic/synthetic_data_b/CIFAR100_Syn/807.jpeg,a photo of a chickadee.
./data/synthetic/synthetic_data_b/CIFAR100_Syn/808.jpeg,a photo of a Scottish Terrier.
./data/synthetic/synthetic_data_b/CIFAR100_Syn/809.jpeg,a photo of a cloister/indoor.
./data/synthetic/synthetic_data_b/CIFAR100_Syn/810.jpeg,a photo of a stopwatch.
./data/synthetic/synthetic_data_b/CIFAR100_Syn/811.jpeg,"a photo of a Audi S4 Sedan 2012, a type of car."
./data/synthetic/synthetic_data_b/CIFAR100_Syn/812.jpeg,a photo of a chalet.
./data/synthetic/synthetic_data_b/CIFAR100_Syn/813.jpeg,a photo of a sandbar.
./data/synthetic/synthetic_data_b/CIFAR100_Syn/814.jpeg,a photo of a stage.
./data/synthetic/synthetic_data_b/CIFAR100_Syn/815.jpeg,a photo of a langur.
./data/synthetic/synthetic_data_b/CIFAR100_Syn/816.jpeg,a photo of a sea snake.
./data/synthetic/synthetic_data_b/CIFAR100_Syn/817.jpeg,a photo of a plaza.
./data/synthetic/synthetic_data_b/CIFAR100_Syn/818.jpeg,a photo of a slug.
./data/synthetic/synthetic_data_b/CIFAR100_Syn/819.jpeg,a photo of a vine snake.
./data/synthetic/synthetic_data_b/CIFAR100_Syn/820.jpeg,"a photo of a cape flower, a type of flower."
./data/synthetic/synthetic_data_b/CIFAR100_Syn/821.jpeg,a photo of a shield.
./data/synthetic/synthetic_data_b/CIFAR100_Syn/822.jpeg,a photo of a Samoyed.
./data/synthetic/synthetic_data_b/CIFAR100_Syn/823.jpeg,a photo of a hair wig.
./data/synthetic/synthetic_data_b/CIFAR100_Syn/824.jpeg,a photo of a gar fish.
./data/synthetic/synthetic_data_b/CIFAR100_Syn/825.jpeg,a photo of a pipe organ.
./data/synthetic/synthetic_data_b/CIFAR100_Syn/826.jpeg,a photo of a ocarina.
./data/synthetic/synthetic_data_b/CIFAR100_Syn/827.jpeg,a photo of a American Staffordshire Terrier.
./data/synthetic/synthetic_data_b/CIFAR100_Syn/828.jpeg,a photo of a office building.
./data/synthetic/synthetic_data_b/CIFAR100_Syn/829.jpeg,a centered satellite photo of river.
./data/synthetic/synthetic_data_b/CIFAR100_Syn/830.jpeg,a photo of a beer glass.
./data/synthetic/synthetic_data_b/CIFAR100_Syn/831.jpeg,"a photo of a Siamese, a type of pet."
./data/synthetic/synthetic_data_b/CIFAR100_Syn/832.jpeg,"a photo of a German Shorthaired, a type of pet."
./data/synthetic/synthetic_data_b/CIFAR100_Syn/833.jpeg,a photo of a saxophone.
./data/synthetic/synthetic_data_b/CIFAR100_Syn/834.jpeg,a photo of a tape player.
./data/synthetic/synthetic_data_b/CIFAR100_Syn/835.jpeg,a photo of a general store/outdoor.
./data/synthetic/synthetic_data_b/CIFAR100_Syn/836.jpeg,a photo of a rock arch.
./data/synthetic/synthetic_data_b/CIFAR100_Syn/837.jpeg,a photo of a bell or wind chime.
./data/synthetic/synthetic_data_b/CIFAR100_Syn/838.jpeg,a photo of a lemon.
./data/synthetic/synthetic_data_b/CIFAR100_Syn/839.jpeg,a photo of a trombone.
./data/synthetic/synthetic_data_b/CIFAR100_Syn/840.jpeg,a photo of a swimming cap.
./data/synthetic/synthetic_data_b/CIFAR100_Syn/841.jpeg,a photo of a arrival gate/outdoor.
./data/synthetic/synthetic_data_b/CIFAR100_Syn/842.jpeg,"a photo of a Japanese Chin, a type of pet."
./data/synthetic/synthetic_data_b/CIFAR100_Syn/843.jpeg,a photo of a perfume.
./data/synthetic/synthetic_data_b/CIFAR100_Syn/844.jpeg,a photo of a boa constrictor.
./data/synthetic/synthetic_data_b/CIFAR100_Syn/845.jpeg,a photo of a igloo.
./data/synthetic/synthetic_data_b/CIFAR100_Syn/846.jpeg,"a photo of a tuna tartare, a type of food."
./data/synthetic/synthetic_data_b/CIFAR100_Syn/847.jpeg,a photo of a Nile crocodile.
./data/synthetic/synthetic_data_b/CIFAR100_Syn/848.jpeg,a photo of a factory/indoor.
./data/synthetic/synthetic_data_b/CIFAR100_Syn/849.jpeg,a photo of a trimaran.
./data/synthetic/synthetic_data_b/CIFAR100_Syn/850.jpeg,"a photo of a An-12, a type of aircraft."
./data/synthetic/synthetic_data_b/CIFAR100_Syn/851.jpeg,a photo of a whiskey jug.
./data/synthetic/synthetic_data_b/CIFAR100_Syn/852.jpeg,a photo of a Alaskan tundra wolf.
./data/synthetic/synthetic_data_b/CIFAR100_Syn/853.jpeg,"a photo of a Infiniti G Coupe IPL 2012, a type of car."
./data/synthetic/synthetic_data_b/CIFAR100_Syn/854.jpeg,a photo of a bullring.
./data/synthetic/synthetic_data_b/CIFAR100_Syn/855.jpeg,a photo of a Staffordshire Bull Terrier.
./data/synthetic/synthetic_data_b/CIFAR100_Syn/856.jpeg,a photo of a African wild dog.
./data/synthetic/synthetic_data_b/CIFAR100_Syn/857.jpeg,a photo of a military aircraft.
./data/synthetic/synthetic_data_b/CIFAR100_Syn/858.jpeg,a photo of a mausoleum.
./data/synthetic/synthetic_data_b/CIFAR100_Syn/859.jpeg,"a photo of a foie gras, a type of food."
./data/synthetic/synthetic_data_b/CIFAR100_Syn/860.jpeg,a photo of a braided texture.
./data/synthetic/synthetic_data_b/CIFAR100_Syn/861.jpeg,a photo of a balloon.
./data/synthetic/synthetic_data_b/CIFAR100_Syn/862.jpeg,a photo of a parallel bars.
./data/synthetic/synthetic_data_b/CIFAR100_Syn/863.jpeg,"a photo of a BMW X5 SUV 2007, a type of car."
./data/synthetic/synthetic_data_b/CIFAR100_Syn/864.jpeg,a photo of a giant panda.
./data/synthetic/synthetic_data_b/CIFAR100_Syn/865.jpeg,"a photo of a Miniature Pinscher, a type of pet."
./data/synthetic/synthetic_data_b/CIFAR100_Syn/866.jpeg,a photo of a engine room.
./data/synthetic/synthetic_data_b/CIFAR100_Syn/867.jpeg,a photo of a Dutch oven.
./data/synthetic/synthetic_data_b/CIFAR100_Syn/868.jpeg,"a photo of a purple coneflower, a type of flower."
./data/synthetic/synthetic_data_b/CIFAR100_Syn/869.jpeg,a photo of a pier.
./data/synthetic/synthetic_data_b/CIFAR100_Syn/870.jpeg,"a photo of the number: ""5 - five""."
./data/synthetic/synthetic_data_b/CIFAR100_Syn/871.jpeg,a photo of a dalmatian.
./data/synthetic/synthetic_data_b/CIFAR100_Syn/872.jpeg,a photo of a hyena.
./data/synthetic/synthetic_data_b/CIFAR100_Syn/873.jpeg,"a photo of a artichoke, a type of flower."
./data/synthetic/synthetic_data_b/CIFAR100_Syn/874.jpeg,a photo of a yellow garden spider.
./data/synthetic/synthetic_data_b/CIFAR100_Syn/875.jpeg,a photo of a wine cellar/barrel storage.
./data/synthetic/synthetic_data_b/CIFAR100_Syn/876.jpeg,a photo of a crevasse.
./data/synthetic/synthetic_data_b/CIFAR100_Syn/877.jpeg,a centered satellite photo of brushland or shrubland.
./data/synthetic/synthetic_data_b/CIFAR100_Syn/878.jpeg,a photo of a fig.
./data/synthetic/synthetic_data_b/CIFAR100_Syn/879.jpeg,a photo of a honeycombed texture.
./data/synthetic/synthetic_data_b/CIFAR100_Syn/880.jpeg,a photo of a eastern hog-nosed snake.
./data/synthetic/synthetic_data_b/CIFAR100_Syn/881.jpeg,a photo of a fig.
./data/synthetic/synthetic_data_b/CIFAR100_Syn/882.jpeg,a photo of a partridge.
./data/synthetic/synthetic_data_b/CIFAR100_Syn/883.jpeg,a photo of a computer keyboard.
./data/synthetic/synthetic_data_b/CIFAR100_Syn/884.jpeg,"a photo of a oysters, a type of food."
./data/synthetic/synthetic_data_b/CIFAR100_Syn/885.jpeg,a photo of a tea cup.
./data/synthetic/synthetic_data_b/CIFAR100_Syn/886.jpeg,a photo of a runway.
./data/synthetic/synthetic_data_b/CIFAR100_Syn/887.jpeg,a photo of a bolete.
./data/synthetic/synthetic_data_b/CIFAR100_Syn/888.jpeg,a photo of a sulphur butterfly.
./data/synthetic/synthetic_data_b/CIFAR100_Syn/889.jpeg,a photo of a French Bulldog.
./data/synthetic/synthetic_data_b/CIFAR100_Syn/890.jpeg,a photo of a fountain pen.
./data/synthetic/synthetic_data_b/CIFAR100_Syn/891.jpeg,a photo of a chalet.
./data/synthetic/synthetic_data_b/CIFAR100_Syn/892.jpeg,a photo of a wrench.
./data/synthetic/synthetic_data_b/CIFAR100_Syn/893.jpeg,"a photo of a chicken curry, a type of food."
./data/synthetic/synthetic_data_b/CIFAR100_Syn/894.jpeg,a photo of a stove.
./data/synthetic/synthetic_data_b/CIFAR100_Syn/895.jpeg,a photo of a lawn mower.
./data/synthetic/synthetic_data_b/CIFAR100_Syn/896.jpeg,a photo of a childs room.
./data/synthetic/synthetic_data_b/CIFAR100_Syn/897.jpeg,a photo of a sunglasses.
./data/synthetic/synthetic_data_b/CIFAR100_Syn/898.jpeg,a photo of a Shih Tzu.
./data/synthetic/synthetic_data_b/CIFAR100_Syn/899.jpeg,a photo of a lakeshore.
./data/synthetic/synthetic_data_b/CIFAR100_Syn/900.jpeg,a photo of a veranda.
./data/synthetic/synthetic_data_b/CIFAR100_Syn/901.jpeg,"a photo of a canterbury bells, a type of flower."
./data/synthetic/synthetic_data_b/CIFAR100_Syn/902.jpeg,a photo of a envelope.
./data/synthetic/synthetic_data_b/CIFAR100_Syn/903.jpeg,"a photo of a Hyundai Azera Sedan 2012, a type of car."
./data/synthetic/synthetic_data_b/CIFAR100_Syn/904.jpeg,"a photo of the number: ""3 - three""."
./data/synthetic/synthetic_data_b/CIFAR100_Syn/905.jpeg,a photo of a Beagle.
./data/synthetic/synthetic_data_b/CIFAR100_Syn/906.jpeg,a photo of a observatory/outdoor.
./data/synthetic/synthetic_data_b/CIFAR100_Syn/907.jpeg,"a photo of a Suzuki Kizashi Sedan 2012, a type of car."
./data/synthetic/synthetic_data_b/CIFAR100_Syn/908.jpeg,a photo of a duck.
./data/synthetic/synthetic_data_b/CIFAR100_Syn/909.jpeg,a photo of a cauliflower.
./data/synthetic/synthetic_data_b/CIFAR100_Syn/910.jpeg,"a photo of a king protea, a type of flower."
./data/synthetic/synthetic_data_b/CIFAR100_Syn/911.jpeg,"a photo of a pink-yellow dahlia, a type of flower."
./data/synthetic/synthetic_data_b/CIFAR100_Syn/912.jpeg,a photo of a agaric.
./data/synthetic/synthetic_data_b/CIFAR100_Syn/913.jpeg,a photo of a swing.
./data/synthetic/synthetic_data_b/CIFAR100_Syn/914.jpeg,a photo of a Irish Water Spaniel.
./data/synthetic/synthetic_data_b/CIFAR100_Syn/915.jpeg,"a photo of a Audi 100 Wagon 1994, a type of car."
./data/synthetic/synthetic_data_b/CIFAR100_Syn/916.jpeg,a photo of a wool.
./data/synthetic/synthetic_data_b/CIFAR100_Syn/917.jpeg,a photo of a courtroom.
./data/synthetic/synthetic_data_b/CIFAR100_Syn/918.jpeg,"a photo of a Chihuahua, a type of pet."
./data/synthetic/synthetic_data_b/CIFAR100_Syn/919.jpeg,a photo of a race car.
./data/synthetic/synthetic_data_b/CIFAR100_Syn/920.jpeg,a photo of a trench.
./data/synthetic/synthetic_data_b/CIFAR100_Syn/921.jpeg,a photo of a great grey owl.
./data/synthetic/synthetic_data_b/CIFAR100_Syn/922.jpeg,a photo of a Cardigan Welsh Corgi.
./data/synthetic/synthetic_data_b/CIFAR100_Syn/923.jpeg,a photo of a panda.
./data/synthetic/synthetic_data_b/CIFAR100_Syn/924.jpeg,a photo of a cougar.
./data/synthetic/synthetic_data_b/CIFAR100_Syn/925.jpeg,a photo of a shoe store.
./data/synthetic/synthetic_data_b/CIFAR100_Syn/926.jpeg,a photo of a Irish Setter.
./data/synthetic/synthetic_data_b/CIFAR100_Syn/927.jpeg,a photo of a grand piano.
./data/synthetic/synthetic_data_b/CIFAR100_Syn/928.jpeg,a photo of a sunglasses.
./data/synthetic/synthetic_data_b/CIFAR100_Syn/929.jpeg,a photo of a cowboy boot.
./data/synthetic/synthetic_data_b/CIFAR100_Syn/930.jpeg,a photo of a black-and-white colobus.
./data/synthetic/synthetic_data_b/CIFAR100_Syn/931.jpeg,a photo of a perfume.
./data/synthetic/synthetic_data_b/CIFAR100_Syn/932.jpeg,a photo of a sunglasses.
./data/synthetic/synthetic_data_b/CIFAR100_Syn/933.jpeg,a photo of a espresso.
./data/synthetic/synthetic_data_b/CIFAR100_Syn/934.jpeg,a photo of a smeared texture.
./data/synthetic/synthetic_data_b/CIFAR100_Syn/935.jpeg,a photo of a damselfly.
./data/synthetic/synthetic_data_b/CIFAR100_Syn/936.jpeg,a photo of a residential neighborhood.
./data/synthetic/synthetic_data_b/CIFAR100_Syn/937.jpeg,"a photo of a Embraer Legacy 600, a type of aircraft."
./data/synthetic/synthetic_data_b/CIFAR100_Syn/938.jpeg,"a photo of a prime rib, a type of food."
./data/synthetic/synthetic_data_b/CIFAR100_Syn/939.jpeg,a photo of a tent.
./data/synthetic/synthetic_data_b/CIFAR100_Syn/940.jpeg,a photo of a soup bowl.
./data/synthetic/synthetic_data_b/CIFAR100_Syn/941.jpeg,"a photo of a Acura TL Type-S 2008, a type of car."
./data/synthetic/synthetic_data_b/CIFAR100_Syn/942.jpeg,a photo of a pulpit.
./data/synthetic/synthetic_data_b/CIFAR100_Syn/943.jpeg,a photo of a ping-pong ball.
./data/synthetic/synthetic_data_b/CIFAR100_Syn/944.jpeg,"a photo of a Audi S6 Sedan 2011, a type of car."
./data/synthetic/synthetic_data_b/CIFAR100_Syn/945.jpeg,"a photo of a frozen yogurt, a type of food."
./data/synthetic/synthetic_data_b/CIFAR100_Syn/946.jpeg,"a photo of a Nissan NV Passenger Van 2012, a type of car."
./data/synthetic/synthetic_data_b/CIFAR100_Syn/947.jpeg,a photo of a wind farm.
./data/synthetic/synthetic_data_b/CIFAR100_Syn/948.jpeg,a photo of a scarf.
./data/synthetic/synthetic_data_b/CIFAR100_Syn/949.jpeg,"a photo of a Ford F-150 Regular Cab 2007, a type of car."
./data/synthetic/synthetic_data_b/CIFAR100_Syn/950.jpeg,a photo of a crayfish.
./data/synthetic/synthetic_data_b/CIFAR100_Syn/951.jpeg,a photo of a starfish.
./data/synthetic/synthetic_data_b/CIFAR100_Syn/952.jpeg,a photo of a baggage claim.
./data/synthetic/synthetic_data_b/CIFAR100_Syn/953.jpeg,a photo of a hill.
./data/synthetic/synthetic_data_b/CIFAR100_Syn/954.jpeg,a photo of a clothing store.
./data/synthetic/synthetic_data_b/CIFAR100_Syn/955.jpeg,a photo of a pipe organ.
./data/synthetic/synthetic_data_b/CIFAR100_Syn/956.jpeg,"a photo of a MD-11, a type of aircraft."
./data/synthetic/synthetic_data_b/CIFAR100_Syn/957.jpeg,a photo of a train railway.
./data/synthetic/synthetic_data_b/CIFAR100_Syn/958.jpeg,a photo of a poolroom/establishment.
./data/synthetic/synthetic_data_b/CIFAR100_Syn/959.jpeg,a photo of a meshed texture.
./data/synthetic/synthetic_data_b/CIFAR100_Syn/960.jpeg,a photo of a squash court.
./data/synthetic/synthetic_data_b/CIFAR100_Syn/961.jpeg,a photo of a tights.
./data/synthetic/synthetic_data_b/CIFAR100_Syn/962.jpeg,a photo of a dalmatian.
./data/synthetic/synthetic_data_b/CIFAR100_Syn/963.jpeg,a photo of a ptarmigan.
./data/synthetic/synthetic_data_b/CIFAR100_Syn/964.jpeg,a photo of a courtroom.
./data/synthetic/synthetic_data_b/CIFAR100_Syn/965.jpeg,a photo of a riding arena.
./data/synthetic/synthetic_data_b/CIFAR100_Syn/966.jpeg,a photo of a zebra.
./data/synthetic/synthetic_data_b/CIFAR100_Syn/967.jpeg,"a photo of a edamame, a type of food."
./data/synthetic/synthetic_data_b/CIFAR100_Syn/968.jpeg,a photo of a lifeboat.
./data/synthetic/synthetic_data_b/CIFAR100_Syn/969.jpeg,a photo of a piggy bank.
./data/synthetic/synthetic_data_b/CIFAR100_Syn/970.jpeg,"a photo of a Chevrolet Silverado 1500 Hybrid Crew Cab 2012, a type of car."
./data/synthetic/synthetic_data_b/CIFAR100_Syn/971.jpeg,a photo of a corral.
./data/synthetic/synthetic_data_b/CIFAR100_Syn/972.jpeg,"a photo of a DC-9-30, a type of aircraft."
./data/synthetic/synthetic_data_b/CIFAR100_Syn/973.jpeg,"a photo of a huevos rancheros, a type of food."
./data/synthetic/synthetic_data_b/CIFAR100_Syn/974.jpeg,"a photo of a 757-200, a type of aircraft."
./data/synthetic/synthetic_data_b/CIFAR100_Syn/975.jpeg,"a photo of a Mercedes-Benz 300-Class Convertible 1993, a type of car."
./data/synthetic/synthetic_data_b/CIFAR100_Syn/976.jpeg,a photo of a chemistry lab.
./data/synthetic/synthetic_data_b/CIFAR100_Syn/977.jpeg,a photo of a crab.
./data/synthetic/synthetic_data_b/CIFAR100_Syn/978.jpeg,a photo of a brown bear.
./data/synthetic/synthetic_data_b/CIFAR100_Syn/979.jpeg,"a photo of a fire lily, a type of flower."
./data/synthetic/synthetic_data_b/CIFAR100_Syn/980.jpeg,a photo of a folding chair.
./data/synthetic/synthetic_data_b/CIFAR100_Syn/981.jpeg,"a photo of a Global Express, a type of aircraft."
./data/synthetic/synthetic_data_b/CIFAR100_Syn/982.jpeg,a photo of a snorkel.
./data/synthetic/synthetic_data_b/CIFAR100_Syn/983.jpeg,a photo of a loupe magnifying glass.
./data/synthetic/synthetic_data_b/CIFAR100_Syn/984.jpeg,a photo of a saxophone.
./data/synthetic/synthetic_data_b/CIFAR100_Syn/985.jpeg,a photo of a jay.
./data/synthetic/synthetic_data_b/CIFAR100_Syn/986.jpeg,a photo of a worm snake.
./data/synthetic/synthetic_data_b/CIFAR100_Syn/987.jpeg,a photo of a cobwebbed texture.
./data/synthetic/synthetic_data_b/CIFAR100_Syn/988.jpeg,a photo of a cavern/indoor.
./data/synthetic/synthetic_data_b/CIFAR100_Syn/989.jpeg,a photo of a pagoda.
./data/synthetic/synthetic_data_b/CIFAR100_Syn/990.jpeg,a photo of a kennel/outdoor.
./data/synthetic/synthetic_data_b/CIFAR100_Syn/991.jpeg,a photo of a oil refinery/outdoor.
./data/synthetic/synthetic_data_b/CIFAR100_Syn/992.jpeg,a photo of a gazebo/exterior.
./data/synthetic/synthetic_data_b/CIFAR100_Syn/993.jpeg,a photo of a castle.
./data/synthetic/synthetic_data_b/CIFAR100_Syn/994.jpeg,a photo of a desert/vegetation.
./data/synthetic/synthetic_data_b/CIFAR100_Syn/995.jpeg,a photo of a mayfly.
./data/synthetic/synthetic_data_b/CIFAR100_Syn/996.jpeg,"a photo of a miso soup, a type of food."
./data/synthetic/synthetic_data_b/CIFAR100_Syn/997.jpeg,a photo of a lion.
./data/synthetic/synthetic_data_b/CIFAR100_Syn/998.jpeg,a photo of a lobby.
./data/synthetic/synthetic_data_b/CIFAR100_Syn/999.jpeg,a photo of a Rhodesian Ridgeback.
