{
  "squeegee": "Squeegee",
  "umbrella": "Umbrella",
  "eyeglasses": "Eyeglasses",
  "coaster": "Coaster",
  "winter_glove": "Winter glove",
  "pet_food_container": "Pet food container",
  "scissors": "Scissors",
  "computer_mouse": "Computer mouse",
  "still_camera": "Still Camera",
  "weight_scale": "Weight scale",
  "cutting_board": "Cutting board",
  "spatula": "Spatula",
  "plunger": "Plunger",
  "paper": "Paper",
  "paper_bag": "Paper bag",
  "microwave": "Microwave",
  "keyboard": "Keyboard",
  "standing_lamp": "Standing lamp",
  "chair": "Chair",
  "mixing_salad_bowl": "Mixing / Salad Bowl",
  "milk": "Milk",
  "blender": "Blender",
  "flashlight": "Flashlight",
  "floss_container": "Floss container",
  "rake": "Rake",
  "sandal": "Sandal",
  "book_closed": "Book (closed)",
  "extension_cable": "Extension cable",
  "drawer_open": "Drawer (open)",
  "tv": "TV",
  "backpack": "Backpack",
  "playing_cards": "Playing cards",
  "jar": "Jar",
  "frying_pan": "Frying pan",
  "bench": "Bench",
  "coffee_grinder": "Coffee grinder",
  "jam": "Jam",
  "tape": "Tape / duct tape",
  "dog_bed": "Dog bed",
  "throw_pillow": "Throw pillow",
  "orange": "Orange",
  "speaker": "Speaker",
  "paint_can": "Paint can",
  "hand_towel_or_rag": "Dishrag or hand towel",
  "hat": "Hat",
  "toaster": "Toaster",
  "match": "Match",
  "plate": "Plate",
  "ironing_board": "Ironing board",
  "alarm_clock": "Alarm clock",
  "sunglasses": "Sunglasses",
  "power_bar": "Power bar",
  "wine_glass": "Wine glass",
  "ladle": "Ladle",
  "ruler": "Ruler",
  "blanket": "Blanket",
  "contact_lens_case": "Contact lens case",
  "watch": "Watch",
  "trash_bin": "Trash bin",
  "vase": "Vase",
  "oven_mitts": "Oven mitts",
  "spoon": "Spoon",
  "thermos": "Thermos",
  "fan": "Fan",
  "egg_carton": "Egg carton",
  "lighter": "Lighter",
  "glue_container": "Glue container",
  "bottle_cap": "Bottle cap",
  "wallet": "Wallet",
  "coffee_table": "Coffee table",
  "nail_clippers": "Nail clippers",
  "cellphone_case": "Cellphone case",
  "canned_food": "Canned food",
  "letter_opener": "Letter opener",
  "stapler": "Stapler",
  "whisk": "Whisk",
  "tongs": "Tongs",
  "lettuce": "Lettuce",
  "shoelace": "Shoelace",
  "button": "Button",
  "hair_dryer": "Hair dryer",
  "bracelet": "Bracelet",
  "spray_bottle": "Spray bottle",
  "laptop_charger": "Laptop charger",
  "portable_heater": "Portable heater",
  "suit_jacket": "Suit jacket",
  "dress_shoe_men": "Dress shoe (men)",
  "rock": "Rock",
  "water_filter": "Water filter",
  "earbuds": "Earbuds",
  "biscuits": "Biscuits",
  "mouthwash": "Mouthwash",
  "slipper": "Slipper",
  "eraser_white_board": "Eraser (white board)",
  "bicycle": "Bicycle",
  "ziploc_bag": "Ziploc bag",
  "dish_soap": "Dish soap",
  "travel_case": "Travel case",
  "receipt": "Receipt",
  "boots": "Boots",
  "sponge": "Sponge",
  "full_sized_towel": "Bath towel",
  "flour_container": "Flour container",
  "pill_bottle": "Pill bottle",
  "candle": "Candle",
  "calendar": "Calendar",
  "tweezers": "Tweezers",
  "dvd_player": "DVD player",
  "plastic_wrap": "Plastic wrap",
  "ribbon": "Ribbon",
  "blouse": "Blouse",
  "walking_cane": "Walking cane",
  "leaf": "Leaf",
  "lipstick": "Lipstick",
  "hair_brush": "Hair brush",
  "night_light": "Night light",
  "kettle": "Kettle",
  "honey_container": "Honey container",
  "tarp": "Tarp",
  "ice": "Ice",
  "drinking_straw": "Drinking straw",
  "detergent": "Detergent",
  "mug": "Mug",
  "toilet_paper_roll": "Toilet paper roll",
  "wok": "Wok",
  "swimming_trunks": "Swimming trunks",
  "clothes_hamper": "Clothes hamper",
  "removable_blade": "Removable blade",
  "shampoo_bottle": "Shampoo bottle",
  "skirt": "Skirt",
  "loofah": "Loofah",
  "broom": "Broom",
  "photograph_printed": "Photograph (printed)",
  "multitool": "Multitool",
  "makeup": "Makeup",
  "nail_file": "Nail file",
  "brooch": "Brooch",
  "cork": "Cork",
  "coffee_french_press": "Coffee/French press",
  "toy": "Toy",
  "thermometer": "Thermometer",
  "hairclip": "Hairclip",
  "document_folder_closed": "Document folder (closed)",
  "pliers": "Pliers",
  "strainer": "Strainer",
  "comb": "Comb",
  "water_bottle": "Water bottle",
  "peeler": "Peeler",
  "monitor": "Monitor",
  "box": "Box",
  "pill_organizer": "Pill organizer",
  "stopper_sink_tub": "Stopper (sink/tub)",
  "walker": "Walker",
  "step_stool": "Step stool",
  "bills_money": "Bills (money)",
  "skateboard": "Skateboard",
  "running_shoe": "Running shoe",
  "coin_money": "Coin (money)",
  "magazine": "Magazine",
  "drying_rack_for_clothes": "Drying rack for clothes",
  "toothpaste": "Toothpaste",
  "paper_towel": "Paper towel",
  "remote_control": "Remote control",
  "sugar_container": "Sugar container",
  "dress_pants": "Dress pants",
  "scarf": "Scarf",
  "dress_shirt": "Dress shirt",
  "cheese": "Cheese",
  "can_opener": "Can opener",
  "shovel": "Shovel",
  "paintbrush": "Paintbrush",
  "tennis_racket": "Tennis racket",
  "battery": "Battery",
  "stuffed_animal": "Stuffed animal",
  "jeans": "Jeans",
  "tanktop": "Tanktop",
  "dust_pan": "Dust pan",
  "earring": "Earring",
  "tomato": "Tomato",
  "marker": "Marker",
  "makeup_brush": "Makeup brush",
  "ring": "Ring",
  "air_freshener": "Air freshener",
  "tablecloth": "Tablecloth",
  "teabag": "Teabag",
  "belt": "Belt",
  "razor": "Razor",
  "clothes_hanger": "Clothes hanger",
  "bookend": "Bookend",
  "sweater": "Sweater",
  "sock": "Sock",
  "usb_flash_drive": "Usb flash drive",
  "cellphone_charger": "Cellphone charger",
  "pepper_shaker": "Pepper shaker",
  "phone_landline": "Phone (landline)",
  "banana": "Banana",
  "printer": "Printer",
  "paperclip": "Paperclip",
  "fork": "Fork",
  "headphones_over_ear": "Headphones (over ear)",
  "cooking_oil_bottle": "Cooking oil bottle",
  "deodorant": "Deodorant",
  "usb_cable": "Usb cable",
  "shorts": "Shorts",
  "bread_loaf": "Bread loaf",
  "pillow": "Pillow",
  "drinking_cup": "Drinking Cup",
  "envelope": "Envelope",
  "mouse_pad": "Mouse pad",
  "chopstick": "Chopstick",
  "t-shirt": "T-shirt",
  "padlock": "Padlock",
  "ice_cube_tray": "Ice cube tray",
  "chess_piece": "Chess piece",
  "cereal": "Cereal",
  "hairtie": "Hairtie",
  "teapot": "Teapot",
  "board_game": "Board game",
  "butchers_knife": "Butcher's knife",
  "soup_bowl": "Soup Bowl",
  "beer_bottle": "Beer bottle",
  "nail_polish": "Nail polish",
  "hand_mirror": "Hand mirror",
  "combination_lock": "Combination lock",
  "nut_for_screw": "Nut for a screw",
  "nail_fastener": "Nail (fastener)",
  "figurine_or_statue": "Figurine or statue",
  "soap_bar": "Soap bar",
  "bucket": "Bucket",
  "binder_closed": "Binder (closed)",
  "video_camera": "Video Camera",
  "baseball_glove": "Baseball glove",
  "tape_measure": "Tape measure",
  "tissue": "Tissue",
  "coffee_beans": "Coffee beans",
  "scrub_brush": "Scrub brush",
  "drill": "Drill",
  "suitcase": "Suitcase",
  "newspaper": "Newspaper",
  "sleeping_bag": "Sleeping bag",
  "dress_shoe_women": "Dress shoe (women)",
  "trophy": "Trophy",
  "plastic_bag": "Plastic bag",
  "doormat": "Doormat",
  "webcam": "Webcam",
  "rolling_pin": "Rolling pin",
  "pencil": "Pencil",
  "table_knife": "Table knife",
  "bread_knife": "Bread knife",
  "toothbrush": "Toothbrush",
  "bathrobe": "Bathrobe",
  "paper_plates": "Paper plates",
  "placemat": "Placemat",
  "light_bulb": "Light bulb",
  "soap_dispenser": "Soap dispenser",
  "nightstand": "Nightstand",
  "pen": "Pen",
  "squeeze_bottle": "Squeeze bottle",
  "wheel": "Wheel",
  "dress": "Dress",
  "helmet": "Helmet",
  "lemon": "Lemon",
  "hammer": "Hammer",
  "lampshade": "Lampshade",
  "salt_shaker": "Salt shaker",
  "power_cable": "Power cable",
  "vacuum_cleaner": "Vacuum cleaner",
  "iron_for_clothes": "Iron (for clothes)",
  "laptop_open": "Laptop (open)",
  "poster": "Poster",
  "coffee_machine": "Coffee machine",
  "tie": "Tie",
  "cd_case": "CD case",
  "baseball_bat": "Baseball bat",
  "tablet_ipad": "Tablet / iPad",
  "bottle_opener": "Bottle opener",
  "briefcase": "Briefcase",
  "baking_sheet": "Baking sheet",
  "screw": "Screw",
  "pitcher": "Pitcher",
  "notepad": "Notepad",
  "tote_bag": "Tote bag",
  "raincoat": "Raincoat",
  "necklace": "Necklace",
  "band_aid": "Band Aid",
  "notebook": "Notebook",
  "measuring_cup": "Measuring cup",
  "weight_exercise": "Weight (exercise)",
  "handbag": "Handbag",
  "bike_pump": "Bike pump",
  "bottle_stopper": "Bottle stopper",
  "chocolate": "Chocolate",
  "safety_pin": "Safety pin",
  "plastic_cup": "Plastic cup",
  "butter": "Butter",
  "cellphone": "Cellphone",
  "drying_rack_for_dishes": "Drying rack for plates",
  "trash_bag": "Trash bag",
  "tray": "Tray",
  "wine_bottle": "Wine bottle",
  "whistle": "Whistle",
  "key_chain": "Key chain",
  "napkin": "Napkin",
  "desk_lamp": "Desk lamp",
  "first_aid_kit": "First aid kit",
  "bed_sheet": "Bed sheet",
  "beer_can": "Beer can",
  "wrench": "Wrench",
  "pop_can": "Pop can",
  "basket": "Basket",
  "leggings": "Leggings",
  "egg": "Egg",
  "sewing_kit": "Sewing kit"
}
