{
  "Alarm clock": "analog clock; digital clock",
  "Backpack": "backpack, back pack, knapsack, packsack, rucksack, haversack",
  "Banana": "banana",
  "Band Aid": "Band Aid",
  "Basket": "shopping basket",
  "Bath towel": "bath towel",
  "Beer bottle": "beer bottle",
  "Bench": "park bench",
  "Bicycle": "mountain bike, all-terrain bike, off-roader; bicycle-built-for-two, tandem bicycle, tandem",
  "Binder (closed)": "binder, ring-binder",
  "Bottle cap": "bottlecap",
  "Bread loaf": "French loaf",
  "Broom": "broom",
  "Bucket": "bucket, pail",
  "Butcher's knife": "cleaver, meat cleaver, chopper",
  "Can opener": "can opener, tin opener",
  "Candle": "candle, taper, wax light",
  "Cellphone": "cellular telephone, cellular phone, cellphone, cell, mobile phone",
  "Chair": "barber chair; folding chair; rocking chair, rocker",
  "Clothes hamper": "hamper",
  "Coffee/French press": "espresso maker",
  "Combination lock": "combination lock",
  "Computer mouse": "mouse, computer mouse",
  "Desk lamp": "table lamp",
  "Dishrag or hand towel": "dishrag, dishcloth",
  "Doormat": "doormat, welcome mat",
  "Dress shoe (men)": "Loafer",
  "Drill": "power drill",
  "Drinking Cup": "cup",
  "Drying rack for plates": "plate rack",
  "Envelope": "envelope",
  "Fan": "electric fan, blower",
  "Frying pan": "frying pan, frypan, skillet",
  "Dress": "gown",
  "Hair dryer": "hand blower, blow dryer, blow drier, hair dryer, hair drier",
  "Hammer": "hammer",
  "Helmet": "football helmet; crash helmet",
  "Iron (for clothes)": "iron, smoothing iron",
  "Jeans": "jean, blue jean, denim",
  "Keyboard": "computer keyboard, keypad",
  "Ladle": "ladle",
  "Lampshade": "lampshade, lamp shade",
  "Laptop (open)": "laptop, laptop computer",
  "Lemon": "lemon",
  "Letter opener": "letter opener, paper knife, paperknife",
  "Lighter": "lighter, light, igniter, ignitor",
  "Lipstick": "lipstick, lip rouge",
  "Match": "matchstick",
  "Measuring cup": "measuring cup",
  "Microwave": "microwave, microwave oven",
  "Mixing / Salad Bowl": "mixing bowl",
  "Monitor": "monitor",
  "Mug": "coffee mug",
  "Nail (fastener)": "nail",
  "Necklace": "necklace",
  "Orange": "orange",
  "Padlock": "padlock",
  "Paintbrush": "paintbrush",
  "Paper towel": "paper towel",
  "Pen": "ballpoint, ballpoint pen, ballpen, Biro; quill, quill pen; fountain pen",
  "Pill bottle": "pill bottle",
  "Pillow": "pillow",
  "Pitcher": "pitcher, ewer",
  "Plastic bag": "plastic bag",
  "Plate": "plate",
  "Plunger": "plunger, plumber's helper",
  "Pop can": "pop bottle, soda bottle",
  "Portable heater": "space heater",
  "Printer": "printer",
  "Remote control": "remote control, remote",
  "Ruler": "rule, ruler",
  "Running shoe": "running shoe",
  "Safety pin": "safety pin",
  "Salt shaker": "saltshaker, salt shaker",
  "Sandal": "sandal",
  "Screw": "screw",
  "Shovel": "shovel",
  "Skirt": "hoopskirt, crinoline; miniskirt, mini; overskirt",
  "Sleeping bag": "sleeping bag",
  "Soap dispenser": "soap dispenser",
  "Sock": "sock",
  "Soup Bowl": "soup bowl",
  "Spatula": "spatula",
  "Speaker": "loudspeaker, speaker, speaker unit, loudspeaker system, speaker system",
  "Still Camera": "Polaroid camera, Polaroid Land camera; reflex camera",
  "Strainer": "strainer",
  "Stuffed animal": "teddy, teddy bear",
  "Suit jacket": "suit, suit of clothes",
  "Sunglasses": "sunglasses, dark glasses, shades",
  "Sweater": "sweatshirt",
  "Swimming trunks": "swimming trunks, bathing trunks",
  "T-shirt": "jersey, T-shirt, tee shirt",
  "TV": "television, television system",
  "Teapot": "teapot",
  "Tennis racket": "racket, racquet",
  "Tie": "bow tie, bow-tie, bowtie; Windsor tie",
  "Toaster": "toaster",
  "Toilet paper roll": "toilet tissue, toilet paper, bathroom tissue",
  "Trash bin": "ashcan, trash can, garbage can, wastebin, ash bin, ash-bin, ashbin, dustbin, trash barrel, trash bin",
  "Tray": "tray",
  "Umbrella": "umbrella",
  "Vacuum cleaner": "vacuum, vacuum cleaner",
  "Vase": "vase",
  "Wallet": "wallet, billfold, notecase, pocketbook",
  "Watch": "digital watch",
  "Water bottle": "water bottle",
  "Weight (exercise)": "dumbbell",
  "Weight scale": "scale, weighing machine",
  "Wheel": "car wheel; paddlewheel, paddle wheel",
  "Whistle": "whistle",
  "Wine bottle": "wine bottle",
  "Winter glove": "mitten",
  "Wok": "wok"
}
