{
  "7": 1,
  "8": 1,
  "9": 1,
  "10": 1,
  "11": 1,
  "12": 1,
  "13": 1,
  "14": 1,
  "15": 1,
  "16": 1,
  "17": 1,
  "18": 1,
  "19": 1,
  "20": 1,
  "21": 1,
  "22": 1,
  "23": 1,
  "24": 1,
  "80": 1,
  "81": 1,
  "82": 1,
  "83": 1,
  "84": 1,
  "85": 1,
  "86": 1,
  "87": 1,
  "88": 1,
  "89": 1,
  "90": 1,
  "91": 1,
  "92": 1,
  "93": 1,
  "94": 1,
  "95": 1,
  "96": 1,
  "97": 1,
  "98": 1,
  "99": 1,
  "100": 1,
  "127": 1,
  "128": 1,
  "129": 1,
  "130": 1,
  "131": 1,
  "132": 1,
  "133": 1,
  "134": 1,
  "135": 1,
  "136": 1,
  "137": 1,
  "138": 1,
  "139": 1,
  "140": 1,
  "141": 1,
  "142": 1,
  "143": 1,
  "144": 1,
  "145": 1,
  "146": 1,
  "151": 19,
  "152": 19,
  "153": 19,
  "154": 19,
  "155": 19,
  "156": 19,
  "157": 19,
  "158": 19,
  "159": 19,
  "160": 19,
  "161": 19,
  "162": 19,
  "163": 19,
  "164": 19,
  "165": 19,
  "166": 19,
  "167": 19,
  "168": 19,
  "169": 19,
  "170": 19,
  "171": 19,
  "172": 19,
  "173": 19,
  "174": 19,
  "175": 19,
  "176": 19,
  "177": 19,
  "178": 19,
  "179": 19,
  "180": 19,
  "181": 19,
  "182": 19,
  "183": 19,
  "184": 19,
  "185": 19,
  "186": 19,
  "187": 19,
  "188": 19,
  "189": 19,
  "190": 19,
  "191": 19,
  "192": 19,
  "193": 19,
  "194": 19,
  "195": 19,
  "196": 19,
  "197": 19,
  "198": 19,
  "199": 19,
  "200": 19,
  "201": 19,
  "202": 19,
  "203": 19,
  "204": 19,
  "205": 19,
  "206": 19,
  "207": 19,
  "208": 19,
  "209": 19,
  "210": 19,
  "211": 19,
  "212": 19,
  "213": 19,
  "214": 19,
  "215": 19,
  "216": 19,
  "217": 19,
  "218": 19,
  "219": 19,
  "220": 19,
  "221": 19,
  "222": 19,
  "223": 19,
  "224": 19,
  "225": 19,
  "226": 19,
  "227": 19,
  "228": 19,
  "229": 19,
  "230": 19,
  "231": 19,
  "232": 19,
  "233": 19,
  "234": 19,
  "235": 19,
  "236": 19,
  "237": 19,
  "238": 19,
  "239": 19,
  "240": 19,
  "241": 19,
  "242": 19,
  "243": 19,
  "244": 19,
  "245": 19,
  "246": 19,
  "247": 19,
  "248": 19,
  "249": 19,
  "250": 19,
  "251": 19,
  "252": 19,
  "253": 19,
  "254": 19,
  "255": 19,
  "256": 19,
  "257": 19,
  "258": 19,
  "259": 19,
  "260": 19,
  "261": 19,
  "262": 19,
  "263": 19,
  "264": 19,
  "265": 19,
  "266": 19,
  "267": 19,
  "268": 19,
  "281": 7,
  "282": 7,
  "283": 7,
  "284": 7,
  "285": 7,
  "286": 7,
  "287": 7,
  "294": 5,
  "295": 5,
  "296": 5,
  "297": 5,
  "339": 10,
  "340": 17,
  "385": 20,
  "386": 20,
  "404": 13,
  "407": 23,
  "436": 23,
  "444": 2,
  "466": 15,
  "468": 23,
  "472": 3,
  "499": 12,
  "511": 23,
  "554": 3,
  "555": 16,
  "569": 16,
  "576": 3,
  "609": 23,
  "623": 12,
  "625": 3,
  "627": 23,
  "654": 4,
  "656": 23,
  "661": 23,
  "665": 11,
  "671": 2,
  "675": 16,
  "717": 16,
  "734": 16,
  "751": 23,
  "779": 4,
  "814": 3,
  "817": 23,
  "864": 16,
  "867": 16,
  "874": 4,
  "879": 21,
  "914": 3,
  "981": 0,
  "982": 0,
  "983": 0,
  "985": 9,
  "986": 9
}