{
  "0": [
    981,
    982,
    983
  ],
  "1": [
    7,
    8,
    9,
    10,
    11,
    12,
    13,
    14,
    15,
    16,
    17,
    18,
    19,
    20,
    21,
    22,
    23,
    24,
    80,
    81,
    82,
    83,
    84,
    85,
    86,
    87,
    88,
    89,
    90,
    91,
    92,
    93,
    94,
    95,
    96,
    97,
    98,
    99,
    100,
    127,
    128,
    129,
    130,
    131,
    132,
    133,
    134,
    135,
    136,
    137,
    138,
    139,
    140,
    141,
    142,
    143,
    144,
    145,
    146
  ],
  "2": [
    444,
    671
  ],
  "3": [
    472,
    554,
    576,
    625,
    814,
    914
  ],
  "4": [
    654,
    779,
    874
  ],
  "5": [
    294,
    295,
    296,
    297
  ],
  "7": [
    281,
    282,
    283,
    284,
    285,
    286,
    287
  ],
  "9": [
    985,
    986
  ],
  "10": [
    339
  ],
  "11": [
    665
  ],
  "12": [
    499,
    623
  ],
  "13": [
    404
  ],
  "15": [
    466
  ],
  "16": [
    555,
    569,
    675,
    717,
    734,
    864,
    867
  ],
  "17": [
    340
  ],
  "19": [
    151,
    152,
    153,
    154,
    155,
    156,
    157,
    158,
    159,
    160,
    161,
    162,
    163,
    164,
    165,
    166,
    167,
    168,
    169,
    170,
    171,
    172,
    173,
    174,
    175,
    176,
    177,
    178,
    179,
    180,
    181,
    182,
    183,
    184,
    185,
    186,
    187,
    188,
    189,
    190,
    191,
    192,
    193,
    194,
    195,
    196,
    197,
    198,
    199,
    200,
    201,
    202,
    203,
    204,
    205,
    206,
    207,
    208,
    209,
    210,
    211,
    212,
    213,
    214,
    215,
    216,
    217,
    218,
    219,
    220,
    221,
    222,
    223,
    224,
    225,
    226,
    227,
    228,
    229,
    230,
    231,
    232,
    233,
    234,
    235,
    236,
    237,
    238,
    239,
    240,
    241,
    242,
    243,
    244,
    245,
    246,
    247,
    248,
    249,
    250,
    251,
    252,
    253,
    254,
    255,
    256,
    257,
    258,
    259,
    260,
    261,
    262,
    263,
    264,
    265,
    266,
    267,
    268
  ],
  "20": [
    385,
    386
  ],
  "21": [
    879
  ],
  "23": [
    407,
    436,
    468,
    511,
    609,
    627,
    656,
    661,
    751,
    817
  ]
}