image,text
./data/synthetic/synthetic_data_b/DTD_Syn/0.jpeg,a photo of a lock chamber.
./data/synthetic/synthetic_data_b/DTD_Syn/1.jpeg,a photo of a field/cultivated.
./data/synthetic/synthetic_data_b/DTD_Syn/2.jpeg,a photo of a corn.
./data/synthetic/synthetic_data_b/DTD_Syn/3.jpeg,a photo of a husky.
./data/synthetic/synthetic_data_b/DTD_Syn/4.jpeg,"a photo of a Mercedes-Benz C-Class Sedan 2012, a type of car."
./data/synthetic/synthetic_data_b/DTD_Syn/5.jpeg,"a photo of a Dodge Charger SRT-8 2009, a type of car."
./data/synthetic/synthetic_data_b/DTD_Syn/6.jpeg,"a photo of a Eurofighter Typhoon, a type of aircraft."
./data/synthetic/synthetic_data_b/DTD_Syn/7.jpeg,a photo of a stegosaurus.
./data/synthetic/synthetic_data_b/DTD_Syn/8.jpeg,a photo of a poncho.
./data/synthetic/synthetic_data_b/DTD_Syn/9.jpeg,a photo of a obelisk.
./data/synthetic/synthetic_data_b/DTD_Syn/10.jpeg,"a photo of a primula, a type of flower."
./data/synthetic/synthetic_data_b/DTD_Syn/11.jpeg,a photo of a laptop computer.
./data/synthetic/synthetic_data_b/DTD_Syn/12.jpeg,a photo of a steam locomotive.
./data/synthetic/synthetic_data_b/DTD_Syn/13.jpeg,a photo of a snail.
./data/synthetic/synthetic_data_b/DTD_Syn/14.jpeg,"a photo of a tiramisu, a type of food."
./data/synthetic/synthetic_data_b/DTD_Syn/15.jpeg,a photo of a windsor chair.
./data/synthetic/synthetic_data_b/DTD_Syn/16.jpeg,a photo of a ceiling fan.
./data/synthetic/synthetic_data_b/DTD_Syn/17.jpeg,"a photo of a Keeshond, a type of pet."
./data/synthetic/synthetic_data_b/DTD_Syn/18.jpeg,a photo of a Norfolk Terrier.
./data/synthetic/synthetic_data_b/DTD_Syn/19.jpeg,a photo of a purse.
./data/synthetic/synthetic_data_b/DTD_Syn/20.jpeg,"a photo of a Dodge Durango SUV 2007, a type of car."
./data/synthetic/synthetic_data_b/DTD_Syn/21.jpeg,a photo of a restaurant kitchen.
./data/synthetic/synthetic_data_b/DTD_Syn/22.jpeg,a photo of a body of a cougar cat.
./data/synthetic/synthetic_data_b/DTD_Syn/23.jpeg,a photo of a paintbrush.
./data/synthetic/synthetic_data_b/DTD_Syn/24.jpeg,a photo of a Bluetick Coonhound.
./data/synthetic/synthetic_data_b/DTD_Syn/25.jpeg,a photo of a picnic area.
./data/synthetic/synthetic_data_b/DTD_Syn/26.jpeg,a photo of a acorn squash.
./data/synthetic/synthetic_data_b/DTD_Syn/27.jpeg,a photo of a corn field.
./data/synthetic/synthetic_data_b/DTD_Syn/28.jpeg,a photo of a dam.
./data/synthetic/synthetic_data_b/DTD_Syn/29.jpeg,a photo of a harmonica.
./data/synthetic/synthetic_data_b/DTD_Syn/30.jpeg,"a photo of a Leonberger, a type of pet."
./data/synthetic/synthetic_data_b/DTD_Syn/31.jpeg,a photo of a bakery.
./data/synthetic/synthetic_data_b/DTD_Syn/32.jpeg,a photo of a skunk.
./data/synthetic/synthetic_data_b/DTD_Syn/33.jpeg,"a photo of a Hyundai Accent Sedan 2012, a type of car."
./data/synthetic/synthetic_data_b/DTD_Syn/34.jpeg,a photo of a black grouse.
./data/synthetic/synthetic_data_b/DTD_Syn/35.jpeg,a photo of a euphonium.
./data/synthetic/synthetic_data_b/DTD_Syn/36.jpeg,a photo of a sewing machine.
./data/synthetic/synthetic_data_b/DTD_Syn/37.jpeg,"a photo of a globe thistle, a type of flower."
./data/synthetic/synthetic_data_b/DTD_Syn/38.jpeg,a photo of a silver salmon.
./data/synthetic/synthetic_data_b/DTD_Syn/39.jpeg,a photo of a rickshaw.
./data/synthetic/synthetic_data_b/DTD_Syn/40.jpeg,"a photo of a clematis, a type of flower."
./data/synthetic/synthetic_data_b/DTD_Syn/41.jpeg,a photo of a slide rule.
./data/synthetic/synthetic_data_b/DTD_Syn/42.jpeg,a photo of a wheat field.
./data/synthetic/synthetic_data_b/DTD_Syn/43.jpeg,a photo of a Welsh Springer Spaniel.
./data/synthetic/synthetic_data_b/DTD_Syn/44.jpeg,"a photo of a sushi, a type of food."
./data/synthetic/synthetic_data_b/DTD_Syn/45.jpeg,"a photo of a spring crocus, a type of flower."
./data/synthetic/synthetic_data_b/DTD_Syn/46.jpeg,a photo of a poncho.
./data/synthetic/synthetic_data_b/DTD_Syn/47.jpeg,a photo of a hen of the woods mushroom.
./data/synthetic/synthetic_data_b/DTD_Syn/48.jpeg,a photo of a Ibizan Hound.
./data/synthetic/synthetic_data_b/DTD_Syn/49.jpeg,a photo of a underwater/coral reef.
./data/synthetic/synthetic_data_b/DTD_Syn/50.jpeg,"a photo of a tuna tartare, a type of food."
./data/synthetic/synthetic_data_b/DTD_Syn/51.jpeg,a photo of a sink.
./data/synthetic/synthetic_data_b/DTD_Syn/52.jpeg,a photo of a bow window/outdoor.
./data/synthetic/synthetic_data_b/DTD_Syn/53.jpeg,a photo of a giant panda.
./data/synthetic/synthetic_data_b/DTD_Syn/54.jpeg,a photo of a cougar.
./data/synthetic/synthetic_data_b/DTD_Syn/55.jpeg,a photo of a barn spider.
./data/synthetic/synthetic_data_b/DTD_Syn/56.jpeg,a photo of a gar fish.
./data/synthetic/synthetic_data_b/DTD_Syn/57.jpeg,a photo of a triceratops.
./data/synthetic/synthetic_data_b/DTD_Syn/58.jpeg,a photo of a balcony/exterior.
./data/synthetic/synthetic_data_b/DTD_Syn/59.jpeg,a photo of a wild cat.
./data/synthetic/synthetic_data_b/DTD_Syn/60.jpeg,"a photo of a chicken curry, a type of food."
./data/synthetic/synthetic_data_b/DTD_Syn/61.jpeg,a photo of a chain.
./data/synthetic/synthetic_data_b/DTD_Syn/62.jpeg,"a photo of a Acura RL Sedan 2012, a type of car."
./data/synthetic/synthetic_data_b/DTD_Syn/63.jpeg,a photo of a balaclava ski mask.
./data/synthetic/synthetic_data_b/DTD_Syn/64.jpeg,a photo of a spoonbill.
./data/synthetic/synthetic_data_b/DTD_Syn/65.jpeg,a photo of a gymnasium/indoor.
./data/synthetic/synthetic_data_b/DTD_Syn/66.jpeg,"a photo of a Ford Freestar Minivan 2007, a type of car."
./data/synthetic/synthetic_data_b/DTD_Syn/67.jpeg,"a photo of a Chihuahua, a type of pet."
./data/synthetic/synthetic_data_b/DTD_Syn/68.jpeg,a photo of a slip-on shoe.
./data/synthetic/synthetic_data_b/DTD_Syn/69.jpeg,"a photo of a Audi S4 Sedan 2007, a type of car."
./data/synthetic/synthetic_data_b/DTD_Syn/70.jpeg,"a photo of a Dodge Durango SUV 2012, a type of car."
./data/synthetic/synthetic_data_b/DTD_Syn/71.jpeg,a photo of a dolphin.
./data/synthetic/synthetic_data_b/DTD_Syn/72.jpeg,a photo of a pagoda.
./data/synthetic/synthetic_data_b/DTD_Syn/73.jpeg,a photo of a lake/natural.
./data/synthetic/synthetic_data_b/DTD_Syn/74.jpeg,a photo of a traffic light.
./data/synthetic/synthetic_data_b/DTD_Syn/75.jpeg,a photo of a elephant.
./data/synthetic/synthetic_data_b/DTD_Syn/76.jpeg,a photo of a wheelchair.
./data/synthetic/synthetic_data_b/DTD_Syn/77.jpeg,a photo of a loggerhead sea turtle.
./data/synthetic/synthetic_data_b/DTD_Syn/78.jpeg,a photo of a southern black widow.
./data/synthetic/synthetic_data_b/DTD_Syn/79.jpeg,a photo of a paddle wheel.
./data/synthetic/synthetic_data_b/DTD_Syn/80.jpeg,a photo of a slug.
./data/synthetic/synthetic_data_b/DTD_Syn/81.jpeg,a photo of a oxygen mask.
./data/synthetic/synthetic_data_b/DTD_Syn/82.jpeg,a photo of a garage/indoor.
./data/synthetic/synthetic_data_b/DTD_Syn/83.jpeg,a photo of a ball pit.
./data/synthetic/synthetic_data_b/DTD_Syn/84.jpeg,a photo of a african grey parrot.
./data/synthetic/synthetic_data_b/DTD_Syn/85.jpeg,a photo of a stretcher.
./data/synthetic/synthetic_data_b/DTD_Syn/86.jpeg,a photo of a Boxer.
./data/synthetic/synthetic_data_b/DTD_Syn/87.jpeg,a photo of a swimming cap.
./data/synthetic/synthetic_data_b/DTD_Syn/88.jpeg,a photo of a jail/indoor.
./data/synthetic/synthetic_data_b/DTD_Syn/89.jpeg,"a photo of a Siamese, a type of pet."
./data/synthetic/synthetic_data_b/DTD_Syn/90.jpeg,"a photo of a fritillary, a type of flower."
./data/synthetic/synthetic_data_b/DTD_Syn/91.jpeg,"a photo of a Chevrolet Monte Carlo Coupe 2007, a type of car."
./data/synthetic/synthetic_data_b/DTD_Syn/92.jpeg,a photo of a cauliflower.
./data/synthetic/synthetic_data_b/DTD_Syn/93.jpeg,"a photo of a Hawk T1, a type of aircraft."
./data/synthetic/synthetic_data_b/DTD_Syn/94.jpeg,"a photo of a bolero deep blue, a type of flower."
./data/synthetic/synthetic_data_b/DTD_Syn/95.jpeg,a photo of a subway interior.
./data/synthetic/synthetic_data_b/DTD_Syn/96.jpeg,a photo of a synagogue/outdoor.
./data/synthetic/synthetic_data_b/DTD_Syn/97.jpeg,"a photo of a FIAT 500 Abarth 2012, a type of car."
./data/synthetic/synthetic_data_b/DTD_Syn/98.jpeg,a photo of a dung beetle.
./data/synthetic/synthetic_data_b/DTD_Syn/99.jpeg,a photo of a cafeteria.
./data/synthetic/synthetic_data_b/DTD_Syn/100.jpeg,"a photo of a Toyota Camry Sedan 2012, a type of car."
./data/synthetic/synthetic_data_b/DTD_Syn/101.jpeg,a photo of a tool kit.
./data/synthetic/synthetic_data_b/DTD_Syn/102.jpeg,"a photo of a Challenger 600, a type of aircraft."
./data/synthetic/synthetic_data_b/DTD_Syn/103.jpeg,a photo of a grey whale.
./data/synthetic/synthetic_data_b/DTD_Syn/104.jpeg,a photo of a southern black widow.
./data/synthetic/synthetic_data_b/DTD_Syn/105.jpeg,a photo of a bowling alley.
./data/synthetic/synthetic_data_b/DTD_Syn/106.jpeg,a photo of a snow leopard.
./data/synthetic/synthetic_data_b/DTD_Syn/107.jpeg,"a photo of a Acura RL Sedan 2012, a type of car."
./data/synthetic/synthetic_data_b/DTD_Syn/108.jpeg,"a photo of a Siamese, a type of pet."
./data/synthetic/synthetic_data_b/DTD_Syn/109.jpeg,a photo of a green iguana.
./data/synthetic/synthetic_data_b/DTD_Syn/110.jpeg,a photo of a burrito.
./data/synthetic/synthetic_data_b/DTD_Syn/111.jpeg,"a photo of a 757-200, a type of aircraft."
./data/synthetic/synthetic_data_b/DTD_Syn/112.jpeg,"a photo of a BAE 146-200, a type of aircraft."
./data/synthetic/synthetic_data_b/DTD_Syn/113.jpeg,"a photo of a pad thai, a type of food."
./data/synthetic/synthetic_data_b/DTD_Syn/114.jpeg,a photo of a hornbill.
./data/synthetic/synthetic_data_b/DTD_Syn/115.jpeg,a photo of a church.
./data/synthetic/synthetic_data_b/DTD_Syn/116.jpeg,"a photo of a ball moss, a type of flower."
./data/synthetic/synthetic_data_b/DTD_Syn/117.jpeg,"a photo of a Miniature Pinscher, a type of pet."
./data/synthetic/synthetic_data_b/DTD_Syn/118.jpeg,a photo of a Standard Poodle.
./data/synthetic/synthetic_data_b/DTD_Syn/119.jpeg,a photo of a axolotl.
./data/synthetic/synthetic_data_b/DTD_Syn/120.jpeg,a photo of a impala (antelope).
./data/synthetic/synthetic_data_b/DTD_Syn/121.jpeg,"a photo of a tuna tartare, a type of food."
./data/synthetic/synthetic_data_b/DTD_Syn/122.jpeg,a photo of a echidna.
./data/synthetic/synthetic_data_b/DTD_Syn/123.jpeg,"a photo of a 737-900, a type of aircraft."
./data/synthetic/synthetic_data_b/DTD_Syn/124.jpeg,a photo of a lipstick.
./data/synthetic/synthetic_data_b/DTD_Syn/125.jpeg,a photo of a market/outdoor.
./data/synthetic/synthetic_data_b/DTD_Syn/126.jpeg,a photo of a hangar/outdoor.
./data/synthetic/synthetic_data_b/DTD_Syn/127.jpeg,a photo of a Scottish Terrier.
./data/synthetic/synthetic_data_b/DTD_Syn/128.jpeg,a photo of a hot dog.
./data/synthetic/synthetic_data_b/DTD_Syn/129.jpeg,"a photo of a hot dog, a type of food."
./data/synthetic/synthetic_data_b/DTD_Syn/130.jpeg,a photo of a bighorn sheep.
./data/synthetic/synthetic_data_b/DTD_Syn/131.jpeg,a photo of a pantry.
./data/synthetic/synthetic_data_b/DTD_Syn/132.jpeg,"a photo of a carrot cake, a type of food."
./data/synthetic/synthetic_data_b/DTD_Syn/133.jpeg,a photo of a flamingo.
./data/synthetic/synthetic_data_b/DTD_Syn/134.jpeg,a photo of a lobby.
./data/synthetic/synthetic_data_b/DTD_Syn/135.jpeg,a photo of a lobby.
./data/synthetic/synthetic_data_b/DTD_Syn/136.jpeg,a photo of a English Springer Spaniel.
./data/synthetic/synthetic_data_b/DTD_Syn/137.jpeg,a photo of a Bouvier des Flandres dog.
./data/synthetic/synthetic_data_b/DTD_Syn/138.jpeg,"a photo of a Audi TT Hatchback 2011, a type of car."
./data/synthetic/synthetic_data_b/DTD_Syn/139.jpeg,"a photo of a chocolate mousse, a type of food."
./data/synthetic/synthetic_data_b/DTD_Syn/140.jpeg,a photo of a hot tub/outdoor.
./data/synthetic/synthetic_data_b/DTD_Syn/141.jpeg,"a photo of a miso soup, a type of food."
./data/synthetic/synthetic_data_b/DTD_Syn/142.jpeg,a photo of a bolo tie.
./data/synthetic/synthetic_data_b/DTD_Syn/143.jpeg,a photo of a spoonbill.
./data/synthetic/synthetic_data_b/DTD_Syn/144.jpeg,a photo of a igloo.
./data/synthetic/synthetic_data_b/DTD_Syn/145.jpeg,a photo of a bakery.
./data/synthetic/synthetic_data_b/DTD_Syn/146.jpeg,a photo of a tripod.
./data/synthetic/synthetic_data_b/DTD_Syn/147.jpeg,a photo of a bullock cart.
./data/synthetic/synthetic_data_b/DTD_Syn/148.jpeg,a photo of a labyrinth/outdoor.
./data/synthetic/synthetic_data_b/DTD_Syn/149.jpeg,a photo of a park.
./data/synthetic/synthetic_data_b/DTD_Syn/150.jpeg,a photo of a okapi.
./data/synthetic/synthetic_data_b/DTD_Syn/151.jpeg,a photo of a bullring.
./data/synthetic/synthetic_data_b/DTD_Syn/152.jpeg,"a photo of a wallflower, a type of flower."
./data/synthetic/synthetic_data_b/DTD_Syn/153.jpeg,a photo of a stethoscope.
./data/synthetic/synthetic_data_b/DTD_Syn/154.jpeg,a photo of a monitor.
./data/synthetic/synthetic_data_b/DTD_Syn/155.jpeg,a photo of a St. Bernard.
./data/synthetic/synthetic_data_b/DTD_Syn/156.jpeg,a photo of a ketch.
./data/synthetic/synthetic_data_b/DTD_Syn/157.jpeg,"a photo of a geranium, a type of flower."
./data/synthetic/synthetic_data_b/DTD_Syn/158.jpeg,"a photo of a Spyker C8 Coupe 2009, a type of car."
./data/synthetic/synthetic_data_b/DTD_Syn/159.jpeg,"a photo of a GMC Terrain SUV 2012, a type of car."
./data/synthetic/synthetic_data_b/DTD_Syn/160.jpeg,a photo of a tabby cat.
./data/synthetic/synthetic_data_b/DTD_Syn/161.jpeg,a photo of a mitten.
./data/synthetic/synthetic_data_b/DTD_Syn/162.jpeg,a photo of a parking garage/outdoor.
./data/synthetic/synthetic_data_b/DTD_Syn/163.jpeg,a photo of a dollar bill.
./data/synthetic/synthetic_data_b/DTD_Syn/164.jpeg,a photo of a hangar/indoor.
./data/synthetic/synthetic_data_b/DTD_Syn/165.jpeg,a photo of a station wagon.
./data/synthetic/synthetic_data_b/DTD_Syn/166.jpeg,a photo of a creek.
./data/synthetic/synthetic_data_b/DTD_Syn/167.jpeg,a photo of a hornbill.
./data/synthetic/synthetic_data_b/DTD_Syn/168.jpeg,"a photo of a chicken curry, a type of food."
./data/synthetic/synthetic_data_b/DTD_Syn/169.jpeg,a photo of a llama.
./data/synthetic/synthetic_data_b/DTD_Syn/170.jpeg,a photo of a pipe organ.
./data/synthetic/synthetic_data_b/DTD_Syn/171.jpeg,a photo of a spoonbill.
./data/synthetic/synthetic_data_b/DTD_Syn/172.jpeg,a photo of a St. Bernard.
./data/synthetic/synthetic_data_b/DTD_Syn/173.jpeg,a photo of a football helmet.
./data/synthetic/synthetic_data_b/DTD_Syn/174.jpeg,a photo of a snow leopard.
./data/synthetic/synthetic_data_b/DTD_Syn/175.jpeg,a photo of a computer room.
./data/synthetic/synthetic_data_b/DTD_Syn/176.jpeg,a photo of a teddy bear.
./data/synthetic/synthetic_data_b/DTD_Syn/177.jpeg,a photo of a hippopotamus.
./data/synthetic/synthetic_data_b/DTD_Syn/178.jpeg,"a photo of a hibiscus, a type of flower."
./data/synthetic/synthetic_data_b/DTD_Syn/179.jpeg,a photo of a recreational vehicle.
./data/synthetic/synthetic_data_b/DTD_Syn/180.jpeg,"a photo of a Hyundai Sonata Hybrid Sedan 2012, a type of car."
./data/synthetic/synthetic_data_b/DTD_Syn/181.jpeg,a photo of a beaver.
./data/synthetic/synthetic_data_b/DTD_Syn/182.jpeg,a photo of a water bottle.
./data/synthetic/synthetic_data_b/DTD_Syn/183.jpeg,a photo of a movie theater.
./data/synthetic/synthetic_data_b/DTD_Syn/184.jpeg,"a photo of a DC-10, a type of aircraft."
./data/synthetic/synthetic_data_b/DTD_Syn/185.jpeg,"a photo of a Volkswagen Beetle Hatchback 2012, a type of car."
./data/synthetic/synthetic_data_b/DTD_Syn/186.jpeg,a photo of a prairie grouse.
./data/synthetic/synthetic_data_b/DTD_Syn/187.jpeg,a photo of a dingo.
./data/synthetic/synthetic_data_b/DTD_Syn/188.jpeg,a photo of a Lhasa Apso.
./data/synthetic/synthetic_data_b/DTD_Syn/189.jpeg,a photo of a golf course.
./data/synthetic/synthetic_data_b/DTD_Syn/190.jpeg,a photo of a pub/indoor.
./data/synthetic/synthetic_data_b/DTD_Syn/191.jpeg,"a photo of a tiramisu, a type of food."
./data/synthetic/synthetic_data_b/DTD_Syn/192.jpeg,"a photo of a ice cream, a type of food."
./data/synthetic/synthetic_data_b/DTD_Syn/193.jpeg,a photo of a sneaker.
./data/synthetic/synthetic_data_b/DTD_Syn/194.jpeg,a photo of a escalator/indoor.
./data/synthetic/synthetic_data_b/DTD_Syn/195.jpeg,a photo of a monarch butterfly.
./data/synthetic/synthetic_data_b/DTD_Syn/196.jpeg,a photo of a tailed frog.
./data/synthetic/synthetic_data_b/DTD_Syn/197.jpeg,a photo of a ticket booth.
./data/synthetic/synthetic_data_b/DTD_Syn/198.jpeg,a photo of a bolete.
./data/synthetic/synthetic_data_b/DTD_Syn/199.jpeg,a photo of a Black and Tan Coonhound.
./data/synthetic/synthetic_data_b/DTD_Syn/200.jpeg,a photo of a junco.
./data/synthetic/synthetic_data_b/DTD_Syn/201.jpeg,a photo of a indigo bunting.
./data/synthetic/synthetic_data_b/DTD_Syn/202.jpeg,a photo of a chimpanzee.
./data/synthetic/synthetic_data_b/DTD_Syn/203.jpeg,"a photo of a DC-3, a type of aircraft."
./data/synthetic/synthetic_data_b/DTD_Syn/204.jpeg,a photo of a Border Terrier.
./data/synthetic/synthetic_data_b/DTD_Syn/205.jpeg,a photo of a airplane cabin.
./data/synthetic/synthetic_data_b/DTD_Syn/206.jpeg,"a photo of a Russian Blue, a type of pet."
./data/synthetic/synthetic_data_b/DTD_Syn/207.jpeg,"a photo of a chicken quesadilla, a type of food."
./data/synthetic/synthetic_data_b/DTD_Syn/208.jpeg,a photo of a vegetable garden.
./data/synthetic/synthetic_data_b/DTD_Syn/209.jpeg,a photo of a radiator grille.
./data/synthetic/synthetic_data_b/DTD_Syn/210.jpeg,a photo of a tennis ball.
./data/synthetic/synthetic_data_b/DTD_Syn/211.jpeg,"a photo of a passion flower, a type of flower."
./data/synthetic/synthetic_data_b/DTD_Syn/212.jpeg,a photo of a jail cell.
./data/synthetic/synthetic_data_b/DTD_Syn/213.jpeg,a photo of a greenhouse/outdoor.
./data/synthetic/synthetic_data_b/DTD_Syn/214.jpeg,a photo of a doorway/outdoor.
./data/synthetic/synthetic_data_b/DTD_Syn/215.jpeg,a photo of a geyser.
./data/synthetic/synthetic_data_b/DTD_Syn/216.jpeg,"a photo of a rose, a type of flower."
./data/synthetic/synthetic_data_b/DTD_Syn/217.jpeg,a photo of a Pomeranian.
./data/synthetic/synthetic_data_b/DTD_Syn/218.jpeg,a photo of a barbell.
./data/synthetic/synthetic_data_b/DTD_Syn/219.jpeg,a photo of a cheetah.
./data/synthetic/synthetic_data_b/DTD_Syn/220.jpeg,"a photo of a Basset Hound, a type of pet."
./data/synthetic/synthetic_data_b/DTD_Syn/221.jpeg,a photo of a fireboat.
./data/synthetic/synthetic_data_b/DTD_Syn/222.jpeg,"a photo of a Chevrolet Monte Carlo Coupe 2007, a type of car."
./data/synthetic/synthetic_data_b/DTD_Syn/223.jpeg,a photo of a menu.
./data/synthetic/synthetic_data_b/DTD_Syn/224.jpeg,a photo of a swing.
./data/synthetic/synthetic_data_b/DTD_Syn/225.jpeg,a photo of a chain-link fence.
./data/synthetic/synthetic_data_b/DTD_Syn/226.jpeg,"a photo of a Fokker 70, a type of aircraft."
./data/synthetic/synthetic_data_b/DTD_Syn/227.jpeg,a photo of a mink.
./data/synthetic/synthetic_data_b/DTD_Syn/228.jpeg,"a photo of a hot and sour soup, a type of food."
./data/synthetic/synthetic_data_b/DTD_Syn/229.jpeg,"a photo of a water lily, a type of flower."
./data/synthetic/synthetic_data_b/DTD_Syn/230.jpeg,a photo of a wolf spider.
./data/synthetic/synthetic_data_b/DTD_Syn/231.jpeg,"a photo of a club sandwich, a type of food."
./data/synthetic/synthetic_data_b/DTD_Syn/232.jpeg,a photo of a gibbon.
./data/synthetic/synthetic_data_b/DTD_Syn/233.jpeg,a photo of a auditorium.
./data/synthetic/synthetic_data_b/DTD_Syn/234.jpeg,"a photo of a Audi S4 Sedan 2007, a type of car."
./data/synthetic/synthetic_data_b/DTD_Syn/235.jpeg,"a photo of a hummus, a type of food."
./data/synthetic/synthetic_data_b/DTD_Syn/236.jpeg,a photo of a motorbike.
./data/synthetic/synthetic_data_b/DTD_Syn/237.jpeg,a photo of a American Staffordshire Terrier.
./data/synthetic/synthetic_data_b/DTD_Syn/238.jpeg,"a photo of a seaweed salad, a type of food."
./data/synthetic/synthetic_data_b/DTD_Syn/239.jpeg,a photo of a movie theater/indoor.
./data/synthetic/synthetic_data_b/DTD_Syn/240.jpeg,a photo of a fishpond.
./data/synthetic/synthetic_data_b/DTD_Syn/241.jpeg,a photo of a knot.
./data/synthetic/synthetic_data_b/DTD_Syn/242.jpeg,a photo of a Petri dish.
./data/synthetic/synthetic_data_b/DTD_Syn/243.jpeg,a photo of a throne.
./data/synthetic/synthetic_data_b/DTD_Syn/244.jpeg,a photo of a ostrich.
./data/synthetic/synthetic_data_b/DTD_Syn/245.jpeg,"a photo of a Isuzu Ascender SUV 2008, a type of car."
./data/synthetic/synthetic_data_b/DTD_Syn/246.jpeg,a photo of a cassette player.
./data/synthetic/synthetic_data_b/DTD_Syn/247.jpeg,a photo of a clownfish.
./data/synthetic/synthetic_data_b/DTD_Syn/248.jpeg,a photo of a Appenzeller Sennenhund.
./data/synthetic/synthetic_data_b/DTD_Syn/249.jpeg,a photo of a rooster.
./data/synthetic/synthetic_data_b/DTD_Syn/250.jpeg,"a photo of a Dodge Ram Pickup 3500 Crew Cab 2010, a type of car."
./data/synthetic/synthetic_data_b/DTD_Syn/251.jpeg,a photo of a laptop.
./data/synthetic/synthetic_data_b/DTD_Syn/252.jpeg,a photo of a Boston Terrier.
./data/synthetic/synthetic_data_b/DTD_Syn/253.jpeg,"a photo of a paella, a type of food."
./data/synthetic/synthetic_data_b/DTD_Syn/254.jpeg,a photo of a prayer rug.
./data/synthetic/synthetic_data_b/DTD_Syn/255.jpeg,a photo of a shower.
./data/synthetic/synthetic_data_b/DTD_Syn/256.jpeg,a photo of a corral.
./data/synthetic/synthetic_data_b/DTD_Syn/257.jpeg,a photo of a rooster.
./data/synthetic/synthetic_data_b/DTD_Syn/258.jpeg,"a photo of a Ford F-450 Super Duty Crew Cab 2012, a type of car."
./data/synthetic/synthetic_data_b/DTD_Syn/259.jpeg,"a photo of a Bentley Arnage Sedan 2009, a type of car."
./data/synthetic/synthetic_data_b/DTD_Syn/260.jpeg,a photo of a boathouse.
./data/synthetic/synthetic_data_b/DTD_Syn/261.jpeg,a photo of a orange.
./data/synthetic/synthetic_data_b/DTD_Syn/262.jpeg,a photo of a dinette/vehicle.
./data/synthetic/synthetic_data_b/DTD_Syn/263.jpeg,"a photo of a sashimi, a type of food."
./data/synthetic/synthetic_data_b/DTD_Syn/264.jpeg,"a photo of a moon orchid, a type of flower."
./data/synthetic/synthetic_data_b/DTD_Syn/265.jpeg,a photo of a barometer.
./data/synthetic/synthetic_data_b/DTD_Syn/266.jpeg,a photo of a French horn.
./data/synthetic/synthetic_data_b/DTD_Syn/267.jpeg,a photo of a sea anemone.
./data/synthetic/synthetic_data_b/DTD_Syn/268.jpeg,a photo of a lionfish.
./data/synthetic/synthetic_data_b/DTD_Syn/269.jpeg,a photo of a Shetland Sheepdog.
./data/synthetic/synthetic_data_b/DTD_Syn/270.jpeg,a photo of a hill.
./data/synthetic/synthetic_data_b/DTD_Syn/271.jpeg,a photo of a dung beetle.
./data/synthetic/synthetic_data_b/DTD_Syn/272.jpeg,"a photo of a pink-yellow dahlia, a type of flower."
./data/synthetic/synthetic_data_b/DTD_Syn/273.jpeg,a photo of a podium/indoor.
./data/synthetic/synthetic_data_b/DTD_Syn/274.jpeg,a photo of a ferry.
./data/synthetic/synthetic_data_b/DTD_Syn/275.jpeg,"a photo of a A318, a type of aircraft."
./data/synthetic/synthetic_data_b/DTD_Syn/276.jpeg,a photo of a bubble.
./data/synthetic/synthetic_data_b/DTD_Syn/277.jpeg,"a photo of a Audi TT Hatchback 2011, a type of car."
./data/synthetic/synthetic_data_b/DTD_Syn/278.jpeg,a photo of a skunk.
./data/synthetic/synthetic_data_b/DTD_Syn/279.jpeg,a photo of a starfish.
./data/synthetic/synthetic_data_b/DTD_Syn/280.jpeg,"a photo of a artichoke, a type of flower."
./data/synthetic/synthetic_data_b/DTD_Syn/281.jpeg,"a photo of a CRJ-900, a type of aircraft."
./data/synthetic/synthetic_data_b/DTD_Syn/282.jpeg,a photo of a macaw.
./data/synthetic/synthetic_data_b/DTD_Syn/283.jpeg,a photo of a flatworm.
./data/synthetic/synthetic_data_b/DTD_Syn/284.jpeg,"a photo of a English Setter, a type of pet."
./data/synthetic/synthetic_data_b/DTD_Syn/285.jpeg,a photo of a projector.
./data/synthetic/synthetic_data_b/DTD_Syn/286.jpeg,a photo of a guillotine.
./data/synthetic/synthetic_data_b/DTD_Syn/287.jpeg,a photo of a baseball.
./data/synthetic/synthetic_data_b/DTD_Syn/288.jpeg,a photo of a volleyball.
./data/synthetic/synthetic_data_b/DTD_Syn/289.jpeg,a photo of a cowboy boot.
./data/synthetic/synthetic_data_b/DTD_Syn/290.jpeg,a photo of a ocarina.
./data/synthetic/synthetic_data_b/DTD_Syn/291.jpeg,"a photo of a omelette, a type of food."
./data/synthetic/synthetic_data_b/DTD_Syn/292.jpeg,a photo of a industrial area.
./data/synthetic/synthetic_data_b/DTD_Syn/293.jpeg,a photo of a vineyard.
./data/synthetic/synthetic_data_b/DTD_Syn/294.jpeg,a photo of a conference room.
./data/synthetic/synthetic_data_b/DTD_Syn/295.jpeg,a photo of a ice cream.
./data/synthetic/synthetic_data_b/DTD_Syn/296.jpeg,a photo of a macaw.
./data/synthetic/synthetic_data_b/DTD_Syn/297.jpeg,a photo of a Irish Setter.
./data/synthetic/synthetic_data_b/DTD_Syn/298.jpeg,a photo of a cabin/outdoor.
./data/synthetic/synthetic_data_b/DTD_Syn/299.jpeg,a photo of a jellyfish.
./data/synthetic/synthetic_data_b/DTD_Syn/300.jpeg,"a photo of a Challenger 600, a type of aircraft."
./data/synthetic/synthetic_data_b/DTD_Syn/301.jpeg,"a photo of a Ferrari FF Coupe 2012, a type of car."
./data/synthetic/synthetic_data_b/DTD_Syn/302.jpeg,a photo of a otter.
./data/synthetic/synthetic_data_b/DTD_Syn/303.jpeg,a photo of a monarch butterfly.
./data/synthetic/synthetic_data_b/DTD_Syn/304.jpeg,a photo of a forest road.
./data/synthetic/synthetic_data_b/DTD_Syn/305.jpeg,a photo of a vine snake.
./data/synthetic/synthetic_data_b/DTD_Syn/306.jpeg,a photo of a gyromitra.
./data/synthetic/synthetic_data_b/DTD_Syn/307.jpeg,"a photo of a Chevrolet Corvette Convertible 2012, a type of car."
./data/synthetic/synthetic_data_b/DTD_Syn/308.jpeg,a photo of a Miniature Pinscher.
./data/synthetic/synthetic_data_b/DTD_Syn/309.jpeg,a photo of a king penguin.
./data/synthetic/synthetic_data_b/DTD_Syn/310.jpeg,a photo of a wave.
./data/synthetic/synthetic_data_b/DTD_Syn/311.jpeg,a photo of a cassette.
./data/synthetic/synthetic_data_b/DTD_Syn/312.jpeg,a photo of a ballroom.
./data/synthetic/synthetic_data_b/DTD_Syn/313.jpeg,a photo of a wooden spoon.
./data/synthetic/synthetic_data_b/DTD_Syn/314.jpeg,"a photo of a cheesecake, a type of food."
./data/synthetic/synthetic_data_b/DTD_Syn/315.jpeg,"a photo of a Toyota Corolla Sedan 2012, a type of car."
./data/synthetic/synthetic_data_b/DTD_Syn/316.jpeg,a photo of a graduation cap.
./data/synthetic/synthetic_data_b/DTD_Syn/317.jpeg,a photo of a tile roof.
./data/synthetic/synthetic_data_b/DTD_Syn/318.jpeg,a photo of a ambulance.
./data/synthetic/synthetic_data_b/DTD_Syn/319.jpeg,a photo of a cathedral/indoor.
./data/synthetic/synthetic_data_b/DTD_Syn/320.jpeg,"a photo of a sword lily, a type of flower."
./data/synthetic/synthetic_data_b/DTD_Syn/321.jpeg,a photo of a wine cellar/bottle storage.
./data/synthetic/synthetic_data_b/DTD_Syn/322.jpeg,a photo of a graduation cap.
./data/synthetic/synthetic_data_b/DTD_Syn/323.jpeg,a photo of a cannon.
./data/synthetic/synthetic_data_b/DTD_Syn/324.jpeg,a photo of a fairway.
./data/synthetic/synthetic_data_b/DTD_Syn/325.jpeg,a photo of a Malinois.
./data/synthetic/synthetic_data_b/DTD_Syn/326.jpeg,a photo of a graduation cap.
./data/synthetic/synthetic_data_b/DTD_Syn/327.jpeg,a photo of a high-speed train.
./data/synthetic/synthetic_data_b/DTD_Syn/328.jpeg,a photo of a Tibetan Terrier.
./data/synthetic/synthetic_data_b/DTD_Syn/329.jpeg,a photo of a CD player.
./data/synthetic/synthetic_data_b/DTD_Syn/330.jpeg,a photo of a building facade.
./data/synthetic/synthetic_data_b/DTD_Syn/331.jpeg,a photo of a electrical switch.
./data/synthetic/synthetic_data_b/DTD_Syn/332.jpeg,a photo of a street.
./data/synthetic/synthetic_data_b/DTD_Syn/333.jpeg,a photo of a analog clock.
./data/synthetic/synthetic_data_b/DTD_Syn/334.jpeg,a photo of a ruler measuring stick.
./data/synthetic/synthetic_data_b/DTD_Syn/335.jpeg,a photo of a volleyball court/outdoor.
./data/synthetic/synthetic_data_b/DTD_Syn/336.jpeg,a photo of a bolo tie.
./data/synthetic/synthetic_data_b/DTD_Syn/337.jpeg,a photo of a sea lion.
./data/synthetic/synthetic_data_b/DTD_Syn/338.jpeg,a photo of a pot pie.
./data/synthetic/synthetic_data_b/DTD_Syn/339.jpeg,"a photo of a baklava, a type of food."
./data/synthetic/synthetic_data_b/DTD_Syn/340.jpeg,a photo of a agaric.
./data/synthetic/synthetic_data_b/DTD_Syn/341.jpeg,a photo of a nematode.
./data/synthetic/synthetic_data_b/DTD_Syn/342.jpeg,a photo of a volcano.
./data/synthetic/synthetic_data_b/DTD_Syn/343.jpeg,a photo of a wall clock.
./data/synthetic/synthetic_data_b/DTD_Syn/344.jpeg,a photo of a polar bear.
./data/synthetic/synthetic_data_b/DTD_Syn/345.jpeg,a photo of a bell tower.
./data/synthetic/synthetic_data_b/DTD_Syn/346.jpeg,"a photo of a DH-82, a type of aircraft."
./data/synthetic/synthetic_data_b/DTD_Syn/347.jpeg,"a photo of a gyoza, a type of food."
./data/synthetic/synthetic_data_b/DTD_Syn/348.jpeg,a photo of a bagel.
./data/synthetic/synthetic_data_b/DTD_Syn/349.jpeg,a photo of a three-toed sloth.
./data/synthetic/synthetic_data_b/DTD_Syn/350.jpeg,a photo of a shower cap.
./data/synthetic/synthetic_data_b/DTD_Syn/351.jpeg,a photo of a rifle.
./data/synthetic/synthetic_data_b/DTD_Syn/352.jpeg,a photo of a Arctic fox.
./data/synthetic/synthetic_data_b/DTD_Syn/353.jpeg,a photo of a broccoli.
./data/synthetic/synthetic_data_b/DTD_Syn/354.jpeg,a photo of a balcony/exterior.
./data/synthetic/synthetic_data_b/DTD_Syn/355.jpeg,a photo of a pufferfish.
./data/synthetic/synthetic_data_b/DTD_Syn/356.jpeg,"a photo of a tiramisu, a type of food."
./data/synthetic/synthetic_data_b/DTD_Syn/357.jpeg,a photo of a police van.
./data/synthetic/synthetic_data_b/DTD_Syn/358.jpeg,a photo of a kangaroo.
./data/synthetic/synthetic_data_b/DTD_Syn/359.jpeg,a photo of a feather boa.
./data/synthetic/synthetic_data_b/DTD_Syn/360.jpeg,a photo of a backpack.
./data/synthetic/synthetic_data_b/DTD_Syn/361.jpeg,a photo of a pipe organ.
./data/synthetic/synthetic_data_b/DTD_Syn/362.jpeg,a photo of a Chow Chow.
./data/synthetic/synthetic_data_b/DTD_Syn/363.jpeg,a photo of a sea snake.
./data/synthetic/synthetic_data_b/DTD_Syn/364.jpeg,"a photo of a rose, a type of flower."
./data/synthetic/synthetic_data_b/DTD_Syn/365.jpeg,"a photo of a Mercedes-Benz S-Class Sedan 2012, a type of car."
./data/synthetic/synthetic_data_b/DTD_Syn/366.jpeg,a photo of a American lobster.
./data/synthetic/synthetic_data_b/DTD_Syn/367.jpeg,a photo of a golf ball.
./data/synthetic/synthetic_data_b/DTD_Syn/368.jpeg,a photo of a Arctic fox.
./data/synthetic/synthetic_data_b/DTD_Syn/369.jpeg,a photo of a Australian Kelpie.
./data/synthetic/synthetic_data_b/DTD_Syn/370.jpeg,a photo of a recreation room.
./data/synthetic/synthetic_data_b/DTD_Syn/371.jpeg,a photo of a pineapple.
./data/synthetic/synthetic_data_b/DTD_Syn/372.jpeg,a photo of a zucchini.
./data/synthetic/synthetic_data_b/DTD_Syn/373.jpeg,a photo of a threshing machine.
./data/synthetic/synthetic_data_b/DTD_Syn/374.jpeg,a photo of a Alpine ibex.
./data/synthetic/synthetic_data_b/DTD_Syn/375.jpeg,a photo of a corn field.
./data/synthetic/synthetic_data_b/DTD_Syn/376.jpeg,a photo of a park bench.
./data/synthetic/synthetic_data_b/DTD_Syn/377.jpeg,a photo of a bobsleigh.
./data/synthetic/synthetic_data_b/DTD_Syn/378.jpeg,a photo of a van interior.
./data/synthetic/synthetic_data_b/DTD_Syn/379.jpeg,a photo of a hourglass.
./data/synthetic/synthetic_data_b/DTD_Syn/380.jpeg,"a photo of a french fries, a type of food."
./data/synthetic/synthetic_data_b/DTD_Syn/381.jpeg,a photo of a red admiral butterfly.
./data/synthetic/synthetic_data_b/DTD_Syn/382.jpeg,a photo of a gazebo/exterior.
./data/synthetic/synthetic_data_b/DTD_Syn/383.jpeg,a photo of a hayfield.
./data/synthetic/synthetic_data_b/DTD_Syn/384.jpeg,"a photo of the number: ""9 - nine""."
./data/synthetic/synthetic_data_b/DTD_Syn/385.jpeg,a photo of a barrel.
./data/synthetic/synthetic_data_b/DTD_Syn/386.jpeg,"a photo of a huevos rancheros, a type of food."
./data/synthetic/synthetic_data_b/DTD_Syn/387.jpeg,"a photo of a 747-200, a type of aircraft."
./data/synthetic/synthetic_data_b/DTD_Syn/388.jpeg,a photo of a ram (adult male sheep).
./data/synthetic/synthetic_data_b/DTD_Syn/389.jpeg,"a photo of a Suzuki SX4 Sedan 2012, a type of car."
./data/synthetic/synthetic_data_b/DTD_Syn/390.jpeg,a photo of a garfield.
./data/synthetic/synthetic_data_b/DTD_Syn/391.jpeg,"a photo of a Hyundai Veracruz SUV 2012, a type of car."
./data/synthetic/synthetic_data_b/DTD_Syn/392.jpeg,a photo of a river.
./data/synthetic/synthetic_data_b/DTD_Syn/393.jpeg,a photo of a candle.
./data/synthetic/synthetic_data_b/DTD_Syn/394.jpeg,a photo of a Scottish Deerhound.
./data/synthetic/synthetic_data_b/DTD_Syn/395.jpeg,a photo of a swing.
./data/synthetic/synthetic_data_b/DTD_Syn/396.jpeg,a photo of a runway.
./data/synthetic/synthetic_data_b/DTD_Syn/397.jpeg,"a photo of a Chevrolet Silverado 2500HD Regular Cab 2012, a type of car."
./data/synthetic/synthetic_data_b/DTD_Syn/398.jpeg,"a photo of a Acura RL Sedan 2012, a type of car."
./data/synthetic/synthetic_data_b/DTD_Syn/399.jpeg,a photo of a shopping mall/indoor.
./data/synthetic/synthetic_data_b/DTD_Syn/400.jpeg,a photo of a wheelchair.
./data/synthetic/synthetic_data_b/DTD_Syn/401.jpeg,a photo of a baby bib.
./data/synthetic/synthetic_data_b/DTD_Syn/402.jpeg,"a photo of a ceviche, a type of food."
./data/synthetic/synthetic_data_b/DTD_Syn/403.jpeg,a photo of a eggnog.
./data/synthetic/synthetic_data_b/DTD_Syn/404.jpeg,a photo of a parking lot.
./data/synthetic/synthetic_data_b/DTD_Syn/405.jpeg,a photo of a mushroom.
./data/synthetic/synthetic_data_b/DTD_Syn/406.jpeg,a photo of a gas pump.
./data/synthetic/synthetic_data_b/DTD_Syn/407.jpeg,a photo of a axolotl.
./data/synthetic/synthetic_data_b/DTD_Syn/408.jpeg,a photo of a berth.
./data/synthetic/synthetic_data_b/DTD_Syn/409.jpeg,a photo of a hot tub.
./data/synthetic/synthetic_data_b/DTD_Syn/410.jpeg,a photo of a boxing ring.
./data/synthetic/synthetic_data_b/DTD_Syn/411.jpeg,a photo of a swimming pool/indoor.
./data/synthetic/synthetic_data_b/DTD_Syn/412.jpeg,a photo of a coffeemaker.
./data/synthetic/synthetic_data_b/DTD_Syn/413.jpeg,a photo of a combination lock.
./data/synthetic/synthetic_data_b/DTD_Syn/414.jpeg,a photo of a vespa.
./data/synthetic/synthetic_data_b/DTD_Syn/415.jpeg,a photo of a violin.
./data/synthetic/synthetic_data_b/DTD_Syn/416.jpeg,"a photo of a Toyota Camry Sedan 2012, a type of car."
./data/synthetic/synthetic_data_b/DTD_Syn/417.jpeg,a photo of a bottle cap.
./data/synthetic/synthetic_data_b/DTD_Syn/418.jpeg,a photo of a waiting room.
./data/synthetic/synthetic_data_b/DTD_Syn/419.jpeg,"a photo of a DC-9-30, a type of aircraft."
./data/synthetic/synthetic_data_b/DTD_Syn/420.jpeg,"a photo of a ceviche, a type of food."
./data/synthetic/synthetic_data_b/DTD_Syn/421.jpeg,"a photo of a Saab 340, a type of aircraft."
./data/synthetic/synthetic_data_b/DTD_Syn/422.jpeg,a photo of a dung beetle.
./data/synthetic/synthetic_data_b/DTD_Syn/423.jpeg,"a photo of a A330-300, a type of aircraft."
./data/synthetic/synthetic_data_b/DTD_Syn/424.jpeg,"a photo of a Rolls-Royce Phantom Drophead Coupe Convertible 2012, a type of car."
./data/synthetic/synthetic_data_b/DTD_Syn/425.jpeg,a photo of a wine cellar/bottle storage.
./data/synthetic/synthetic_data_b/DTD_Syn/426.jpeg,a photo of a brambling.
./data/synthetic/synthetic_data_b/DTD_Syn/427.jpeg,a photo of a thimble.
./data/synthetic/synthetic_data_b/DTD_Syn/428.jpeg,a photo of a metronome.
./data/synthetic/synthetic_data_b/DTD_Syn/429.jpeg,a photo of a lorikeet.
./data/synthetic/synthetic_data_b/DTD_Syn/430.jpeg,a photo of a ruffed grouse.
./data/synthetic/synthetic_data_b/DTD_Syn/431.jpeg,a photo of a stegosaurus.
./data/synthetic/synthetic_data_b/DTD_Syn/432.jpeg,a photo of a pizza.
./data/synthetic/synthetic_data_b/DTD_Syn/433.jpeg,a photo of a booth/indoor.
./data/synthetic/synthetic_data_b/DTD_Syn/434.jpeg,a photo of a diner/indoor.
./data/synthetic/synthetic_data_b/DTD_Syn/435.jpeg,"a photo of a BMW X6 SUV 2012, a type of car."
./data/synthetic/synthetic_data_b/DTD_Syn/436.jpeg,a photo of a sidewinder rattlesnake.
./data/synthetic/synthetic_data_b/DTD_Syn/437.jpeg,a photo of a trimaran.
./data/synthetic/synthetic_data_b/DTD_Syn/438.jpeg,"a photo of a Dodge Sprinter Cargo Van 2009, a type of car."
./data/synthetic/synthetic_data_b/DTD_Syn/439.jpeg,a photo of a solar thermal collector.
./data/synthetic/synthetic_data_b/DTD_Syn/440.jpeg,a photo of a baseball player.
./data/synthetic/synthetic_data_b/DTD_Syn/441.jpeg,a photo of a kindergarden classroom.
./data/synthetic/synthetic_data_b/DTD_Syn/442.jpeg,a photo of a hospital room.
./data/synthetic/synthetic_data_b/DTD_Syn/443.jpeg,"a photo of a hibiscus, a type of flower."
./data/synthetic/synthetic_data_b/DTD_Syn/444.jpeg,a photo of a martial arts gym.
./data/synthetic/synthetic_data_b/DTD_Syn/445.jpeg,a photo of a Tibetan Terrier.
./data/synthetic/synthetic_data_b/DTD_Syn/446.jpeg,a photo of a hot pot.
./data/synthetic/synthetic_data_b/DTD_Syn/447.jpeg,"a photo of a Audi R8 Coupe 2012, a type of car."
./data/synthetic/synthetic_data_b/DTD_Syn/448.jpeg,a photo of a storage chest.
./data/synthetic/synthetic_data_b/DTD_Syn/449.jpeg,a photo of a Irish Wolfhound.
./data/synthetic/synthetic_data_b/DTD_Syn/450.jpeg,"a photo of a Jaguar XK XKR 2012, a type of car."
./data/synthetic/synthetic_data_b/DTD_Syn/451.jpeg,a photo of a classroom.
./data/synthetic/synthetic_data_b/DTD_Syn/452.jpeg,a photo of a fire salamander.
./data/synthetic/synthetic_data_b/DTD_Syn/453.jpeg,"a photo of a morning glory, a type of flower."
./data/synthetic/synthetic_data_b/DTD_Syn/454.jpeg,a photo of a boardwalk.
./data/synthetic/synthetic_data_b/DTD_Syn/455.jpeg,a photo of a stupa.
./data/synthetic/synthetic_data_b/DTD_Syn/456.jpeg,a photo of a leopard.
./data/synthetic/synthetic_data_b/DTD_Syn/457.jpeg,a photo of a ring binder.
./data/synthetic/synthetic_data_b/DTD_Syn/458.jpeg,a photo of a red wolf or maned wolf.
./data/synthetic/synthetic_data_b/DTD_Syn/459.jpeg,a photo of a police van.
./data/synthetic/synthetic_data_b/DTD_Syn/460.jpeg,a photo of a iPod.
./data/synthetic/synthetic_data_b/DTD_Syn/461.jpeg,a photo of a chain-link fence.
./data/synthetic/synthetic_data_b/DTD_Syn/462.jpeg,"a photo of a Leonberger, a type of pet."
./data/synthetic/synthetic_data_b/DTD_Syn/463.jpeg,a photo of a Norfolk Terrier.
./data/synthetic/synthetic_data_b/DTD_Syn/464.jpeg,a photo of a tailed frog.
./data/synthetic/synthetic_data_b/DTD_Syn/465.jpeg,a photo of a bridegroom.
./data/synthetic/synthetic_data_b/DTD_Syn/466.jpeg,"a photo of a prince of wales feathers, a type of flower."
./data/synthetic/synthetic_data_b/DTD_Syn/467.jpeg,a photo of a library.
./data/synthetic/synthetic_data_b/DTD_Syn/468.jpeg,a photo of a hare.
./data/synthetic/synthetic_data_b/DTD_Syn/469.jpeg,"a photo of a mallow, a type of flower."
./data/synthetic/synthetic_data_b/DTD_Syn/470.jpeg,a photo of a spaghetti squash.
./data/synthetic/synthetic_data_b/DTD_Syn/471.jpeg,a photo of a sandbox.
./data/synthetic/synthetic_data_b/DTD_Syn/472.jpeg,"a photo of a Nissan NV Passenger Van 2012, a type of car."
./data/synthetic/synthetic_data_b/DTD_Syn/473.jpeg,a photo of a cathedral/indoor.
./data/synthetic/synthetic_data_b/DTD_Syn/474.jpeg,"a photo of a smart fortwo Convertible 2012, a type of car."
./data/synthetic/synthetic_data_b/DTD_Syn/475.jpeg,a photo of a Nile crocodile.
./data/synthetic/synthetic_data_b/DTD_Syn/476.jpeg,a photo of a lamp.
./data/synthetic/synthetic_data_b/DTD_Syn/477.jpeg,a photo of a bagel.
./data/synthetic/synthetic_data_b/DTD_Syn/478.jpeg,a photo of a strawberry.
./data/synthetic/synthetic_data_b/DTD_Syn/479.jpeg,a photo of a discotheque.
./data/synthetic/synthetic_data_b/DTD_Syn/480.jpeg,a photo of a Persian cat.
./data/synthetic/synthetic_data_b/DTD_Syn/481.jpeg,a photo of a synagogue/outdoor.
./data/synthetic/synthetic_data_b/DTD_Syn/482.jpeg,"a photo of a mallow, a type of flower."
./data/synthetic/synthetic_data_b/DTD_Syn/483.jpeg,a photo of a stretcher.
./data/synthetic/synthetic_data_b/DTD_Syn/484.jpeg,a photo of a white-headed capuchin.
./data/synthetic/synthetic_data_b/DTD_Syn/485.jpeg,a photo of a general store/indoor.
./data/synthetic/synthetic_data_b/DTD_Syn/486.jpeg,a photo of a supermarket.
./data/synthetic/synthetic_data_b/DTD_Syn/487.jpeg,a photo of a fishing casting reel.
./data/synthetic/synthetic_data_b/DTD_Syn/488.jpeg,"a photo of a scallops, a type of food."
./data/synthetic/synthetic_data_b/DTD_Syn/489.jpeg,a photo of a orange.
./data/synthetic/synthetic_data_b/DTD_Syn/490.jpeg,"a photo of a mexican petunia, a type of flower."
./data/synthetic/synthetic_data_b/DTD_Syn/491.jpeg,"a photo of the number: ""0 - zero""."
./data/synthetic/synthetic_data_b/DTD_Syn/492.jpeg,a photo of a great white shark.
./data/synthetic/synthetic_data_b/DTD_Syn/493.jpeg,a photo of a shed.
./data/synthetic/synthetic_data_b/DTD_Syn/494.jpeg,"a photo of a seaweed salad, a type of food."
./data/synthetic/synthetic_data_b/DTD_Syn/495.jpeg,a photo of a pelican.
./data/synthetic/synthetic_data_b/DTD_Syn/496.jpeg,a photo of a shoe store.
./data/synthetic/synthetic_data_b/DTD_Syn/497.jpeg,a photo of a waterfall/block.
./data/synthetic/synthetic_data_b/DTD_Syn/498.jpeg,"a photo of a gazania, a type of flower."
./data/synthetic/synthetic_data_b/DTD_Syn/499.jpeg,a photo of a notebook computer.
./data/synthetic/synthetic_data_b/DTD_Syn/500.jpeg,"a photo of a Dodge Sprinter Cargo Van 2009, a type of car."
./data/synthetic/synthetic_data_b/DTD_Syn/501.jpeg,a photo of a Saharan horned viper.
./data/synthetic/synthetic_data_b/DTD_Syn/502.jpeg,a photo of a carved pumpkin.
./data/synthetic/synthetic_data_b/DTD_Syn/503.jpeg,a photo of a tripod.
./data/synthetic/synthetic_data_b/DTD_Syn/504.jpeg,a photo of a church/outdoor.
./data/synthetic/synthetic_data_b/DTD_Syn/505.jpeg,a photo of a feather boa.
./data/synthetic/synthetic_data_b/DTD_Syn/506.jpeg,"a photo of a tree mallow, a type of flower."
./data/synthetic/synthetic_data_b/DTD_Syn/507.jpeg,"a photo of a Saab 340, a type of aircraft."
./data/synthetic/synthetic_data_b/DTD_Syn/508.jpeg,"a photo of a ice cream, a type of food."
./data/synthetic/synthetic_data_b/DTD_Syn/509.jpeg,"a photo of a Ford Ranger SuperCab 2011, a type of car."
./data/synthetic/synthetic_data_b/DTD_Syn/510.jpeg,"a photo of a Spyker C8 Convertible 2009, a type of car."
./data/synthetic/synthetic_data_b/DTD_Syn/511.jpeg,a photo of a hayfield.
./data/synthetic/synthetic_data_b/DTD_Syn/512.jpeg,a photo of a barbershop.
./data/synthetic/synthetic_data_b/DTD_Syn/513.jpeg,a photo of a garage/indoor.
./data/synthetic/synthetic_data_b/DTD_Syn/514.jpeg,"a photo of a orange dahlia, a type of flower."
./data/synthetic/synthetic_data_b/DTD_Syn/515.jpeg,a photo of a Black and Tan Coonhound.
./data/synthetic/synthetic_data_b/DTD_Syn/516.jpeg,"a photo of a peking duck, a type of food."
./data/synthetic/synthetic_data_b/DTD_Syn/517.jpeg,a photo of a topiary garden.
./data/synthetic/synthetic_data_b/DTD_Syn/518.jpeg,a photo of a pipe organ.
./data/synthetic/synthetic_data_b/DTD_Syn/519.jpeg,a photo of a bowling alley.
./data/synthetic/synthetic_data_b/DTD_Syn/520.jpeg,"a photo of a E-195, a type of aircraft."
./data/synthetic/synthetic_data_b/DTD_Syn/521.jpeg,a photo of a conch.
./data/synthetic/synthetic_data_b/DTD_Syn/522.jpeg,"a photo of a Chevrolet Corvette Convertible 2012, a type of car."
./data/synthetic/synthetic_data_b/DTD_Syn/523.jpeg,"a photo of a Saab 2000, a type of aircraft."
./data/synthetic/synthetic_data_b/DTD_Syn/524.jpeg,"a photo of a 777-300, a type of aircraft."
./data/synthetic/synthetic_data_b/DTD_Syn/525.jpeg,"a photo of a great masterwort, a type of flower."
./data/synthetic/synthetic_data_b/DTD_Syn/526.jpeg,a photo of a projector.
./data/synthetic/synthetic_data_b/DTD_Syn/527.jpeg,a photo of a veterinarians office.
./data/synthetic/synthetic_data_b/DTD_Syn/528.jpeg,a photo of a koala.
./data/synthetic/synthetic_data_b/DTD_Syn/529.jpeg,a photo of a Australian Kelpie.
./data/synthetic/synthetic_data_b/DTD_Syn/530.jpeg,a photo of a screwdriver.
./data/synthetic/synthetic_data_b/DTD_Syn/531.jpeg,a photo of a purse.
./data/synthetic/synthetic_data_b/DTD_Syn/532.jpeg,a photo of a pineapple.
./data/synthetic/synthetic_data_b/DTD_Syn/533.jpeg,"a photo of a paella, a type of food."
./data/synthetic/synthetic_data_b/DTD_Syn/534.jpeg,a photo of a prairie grouse.
./data/synthetic/synthetic_data_b/DTD_Syn/535.jpeg,a photo of a purse.
./data/synthetic/synthetic_data_b/DTD_Syn/536.jpeg,a photo of a quilt.
./data/synthetic/synthetic_data_b/DTD_Syn/537.jpeg,a photo of a European polecat.
./data/synthetic/synthetic_data_b/DTD_Syn/538.jpeg,"a photo of a Maine Coon, a type of pet."
./data/synthetic/synthetic_data_b/DTD_Syn/539.jpeg,"a photo of a Jeep Patriot SUV 2012, a type of car."
./data/synthetic/synthetic_data_b/DTD_Syn/540.jpeg,"a photo of a blanket flower, a type of flower."
./data/synthetic/synthetic_data_b/DTD_Syn/541.jpeg,a photo of a American coot.
./data/synthetic/synthetic_data_b/DTD_Syn/542.jpeg,"a photo of a Jeep Compass SUV 2012, a type of car."
./data/synthetic/synthetic_data_b/DTD_Syn/543.jpeg,a photo of a amusement park.
./data/synthetic/synthetic_data_b/DTD_Syn/544.jpeg,a photo of a driveway.
./data/synthetic/synthetic_data_b/DTD_Syn/545.jpeg,a photo of a Band-Aid.
./data/synthetic/synthetic_data_b/DTD_Syn/546.jpeg,a photo of a Persian cat.
./data/synthetic/synthetic_data_b/DTD_Syn/547.jpeg,a photo of a nautilus.
./data/synthetic/synthetic_data_b/DTD_Syn/548.jpeg,a photo of a odometer.
./data/synthetic/synthetic_data_b/DTD_Syn/549.jpeg,a photo of a chain.
./data/synthetic/synthetic_data_b/DTD_Syn/550.jpeg,"a photo of a Ford F-450 Super Duty Crew Cab 2012, a type of car."
./data/synthetic/synthetic_data_b/DTD_Syn/551.jpeg,a photo of a Border Collie.
./data/synthetic/synthetic_data_b/DTD_Syn/552.jpeg,"a photo of a Newfoundland, a type of pet."
./data/synthetic/synthetic_data_b/DTD_Syn/553.jpeg,a photo of a valley.
./data/synthetic/synthetic_data_b/DTD_Syn/554.jpeg,a photo of a building facade.
./data/synthetic/synthetic_data_b/DTD_Syn/555.jpeg,"a photo of a Gulfstream IV, a type of aircraft."
./data/synthetic/synthetic_data_b/DTD_Syn/556.jpeg,a photo of a church/indoor.
./data/synthetic/synthetic_data_b/DTD_Syn/557.jpeg,"a photo of a Toyota 4Runner SUV 2012, a type of car."
./data/synthetic/synthetic_data_b/DTD_Syn/558.jpeg,a photo of a supermarket.
./data/synthetic/synthetic_data_b/DTD_Syn/559.jpeg,a photo of a cellphone.
./data/synthetic/synthetic_data_b/DTD_Syn/560.jpeg,"a photo of a camellia, a type of flower."
./data/synthetic/synthetic_data_b/DTD_Syn/561.jpeg,a photo of a baseball.
./data/synthetic/synthetic_data_b/DTD_Syn/562.jpeg,a photo of a classroom.
./data/synthetic/synthetic_data_b/DTD_Syn/563.jpeg,a photo of a car interior/frontseat.
./data/synthetic/synthetic_data_b/DTD_Syn/564.jpeg,a photo of a corral.
./data/synthetic/synthetic_data_b/DTD_Syn/565.jpeg,a photo of a breastplate.
./data/synthetic/synthetic_data_b/DTD_Syn/566.jpeg,a photo of a minivan.
./data/synthetic/synthetic_data_b/DTD_Syn/567.jpeg,a photo of a ping-pong ball.
./data/synthetic/synthetic_data_b/DTD_Syn/568.jpeg,a photo of a wine cellar/barrel storage.
./data/synthetic/synthetic_data_b/DTD_Syn/569.jpeg,a photo of a electric locomotive.
./data/synthetic/synthetic_data_b/DTD_Syn/570.jpeg,"a photo of a BMW X5 SUV 2007, a type of car."
./data/synthetic/synthetic_data_b/DTD_Syn/571.jpeg,"a photo of a common dandelion, a type of flower."
./data/synthetic/synthetic_data_b/DTD_Syn/572.jpeg,a photo of a tractor.
./data/synthetic/synthetic_data_b/DTD_Syn/573.jpeg,a photo of a frying pan.
./data/synthetic/synthetic_data_b/DTD_Syn/574.jpeg,a photo of a nematode.
./data/synthetic/synthetic_data_b/DTD_Syn/575.jpeg,a photo of a spoonbill.
./data/synthetic/synthetic_data_b/DTD_Syn/576.jpeg,a photo of a revolver.
./data/synthetic/synthetic_data_b/DTD_Syn/577.jpeg,a photo of a payphone.
./data/synthetic/synthetic_data_b/DTD_Syn/578.jpeg,a photo of a hot pot.
./data/synthetic/synthetic_data_b/DTD_Syn/579.jpeg,a photo of a earth star fungus.
./data/synthetic/synthetic_data_b/DTD_Syn/580.jpeg,"a photo of a BMW 1 Series Convertible 2012, a type of car."
./data/synthetic/synthetic_data_b/DTD_Syn/581.jpeg,"a photo of a Chrysler 300 SRT-8 2010, a type of car."
./data/synthetic/synthetic_data_b/DTD_Syn/582.jpeg,a photo of a oast house.
./data/synthetic/synthetic_data_b/DTD_Syn/583.jpeg,a photo of a Dalmatian.
./data/synthetic/synthetic_data_b/DTD_Syn/584.jpeg,a photo of a meatloaf.
./data/synthetic/synthetic_data_b/DTD_Syn/585.jpeg,a photo of a anechoic chamber.
./data/synthetic/synthetic_data_b/DTD_Syn/586.jpeg,"a photo of a Dodge Dakota Crew Cab 2010, a type of car."
./data/synthetic/synthetic_data_b/DTD_Syn/587.jpeg,"a photo of a wallflower, a type of flower."
./data/synthetic/synthetic_data_b/DTD_Syn/588.jpeg,a photo of a mountain.
./data/synthetic/synthetic_data_b/DTD_Syn/589.jpeg,"a photo of a Dodge Magnum Wagon 2008, a type of car."
./data/synthetic/synthetic_data_b/DTD_Syn/590.jpeg,a photo of a youth hostel.
./data/synthetic/synthetic_data_b/DTD_Syn/591.jpeg,a photo of a home theater.
./data/synthetic/synthetic_data_b/DTD_Syn/592.jpeg,a photo of a consomme.
./data/synthetic/synthetic_data_b/DTD_Syn/593.jpeg,"a photo of a pho, a type of food."
./data/synthetic/synthetic_data_b/DTD_Syn/594.jpeg,a photo of a radiator.
./data/synthetic/synthetic_data_b/DTD_Syn/595.jpeg,a photo of a hotel room.
./data/synthetic/synthetic_data_b/DTD_Syn/596.jpeg,"a photo of a alpine sea holly, a type of flower."
./data/synthetic/synthetic_data_b/DTD_Syn/597.jpeg,"a photo of a Saab 2000, a type of aircraft."
./data/synthetic/synthetic_data_b/DTD_Syn/598.jpeg,"a photo of a morning glory, a type of flower."
./data/synthetic/synthetic_data_b/DTD_Syn/599.jpeg,a photo of a kennel/indoor.
./data/synthetic/synthetic_data_b/DTD_Syn/600.jpeg,a photo of a lotus.
./data/synthetic/synthetic_data_b/DTD_Syn/601.jpeg,"a photo of a Il-76, a type of aircraft."
./data/synthetic/synthetic_data_b/DTD_Syn/602.jpeg,a photo of a train station/platform.
./data/synthetic/synthetic_data_b/DTD_Syn/603.jpeg,a photo of a crane bird.
./data/synthetic/synthetic_data_b/DTD_Syn/604.jpeg,a photo of a Asian elephant.
./data/synthetic/synthetic_data_b/DTD_Syn/605.jpeg,a photo of a waiting room.
./data/synthetic/synthetic_data_b/DTD_Syn/606.jpeg,a photo of a tree house.
./data/synthetic/synthetic_data_b/DTD_Syn/607.jpeg,a photo of a broccoli.
./data/synthetic/synthetic_data_b/DTD_Syn/608.jpeg,a photo of a Weimaraner.
./data/synthetic/synthetic_data_b/DTD_Syn/609.jpeg,a photo of a Bluetick Coonhound.
./data/synthetic/synthetic_data_b/DTD_Syn/610.jpeg,a photo of a slot machine.
./data/synthetic/synthetic_data_b/DTD_Syn/611.jpeg,a photo of a wine cellar/barrel storage.
./data/synthetic/synthetic_data_b/DTD_Syn/612.jpeg,a photo of a gorilla.
./data/synthetic/synthetic_data_b/DTD_Syn/613.jpeg,a photo of a hand-held computer.
./data/synthetic/synthetic_data_b/DTD_Syn/614.jpeg,a photo of a side of a car.
./data/synthetic/synthetic_data_b/DTD_Syn/615.jpeg,a photo of a butterfly.
./data/synthetic/synthetic_data_b/DTD_Syn/616.jpeg,a photo of a Papillon.
./data/synthetic/synthetic_data_b/DTD_Syn/617.jpeg,a photo of a Schipperke.
./data/synthetic/synthetic_data_b/DTD_Syn/618.jpeg,a photo of a beaver.
./data/synthetic/synthetic_data_b/DTD_Syn/619.jpeg,a photo of a freight car.
./data/synthetic/synthetic_data_b/DTD_Syn/620.jpeg,a photo of a Old English Sheepdog.
./data/synthetic/synthetic_data_b/DTD_Syn/621.jpeg,"a photo of a columbine, a type of flower."
./data/synthetic/synthetic_data_b/DTD_Syn/622.jpeg,a photo of a longhorn beetle.
./data/synthetic/synthetic_data_b/DTD_Syn/623.jpeg,"a photo of a Audi 100 Sedan 1994, a type of car."
./data/synthetic/synthetic_data_b/DTD_Syn/624.jpeg,a photo of a fly.
./data/synthetic/synthetic_data_b/DTD_Syn/625.jpeg,a photo of a television studio.
./data/synthetic/synthetic_data_b/DTD_Syn/626.jpeg,a photo of a ballpoint pen.
./data/synthetic/synthetic_data_b/DTD_Syn/627.jpeg,"a photo of a Chevrolet Malibu Hybrid Sedan 2010, a type of car."
./data/synthetic/synthetic_data_b/DTD_Syn/628.jpeg,a photo of a anchor.
./data/synthetic/synthetic_data_b/DTD_Syn/629.jpeg,"a photo of a seaweed salad, a type of food."
./data/synthetic/synthetic_data_b/DTD_Syn/630.jpeg,a photo of a European green lizard.
./data/synthetic/synthetic_data_b/DTD_Syn/631.jpeg,a photo of a hook.
./data/synthetic/synthetic_data_b/DTD_Syn/632.jpeg,a photo of a thatched roof.
./data/synthetic/synthetic_data_b/DTD_Syn/633.jpeg,a photo of a head of a flamingo.
./data/synthetic/synthetic_data_b/DTD_Syn/634.jpeg,"a photo of a sunflower, a type of flower."
./data/synthetic/synthetic_data_b/DTD_Syn/635.jpeg,"a photo of a Ford Expedition EL SUV 2009, a type of car."
./data/synthetic/synthetic_data_b/DTD_Syn/636.jpeg,"a photo of a E-190, a type of aircraft."
./data/synthetic/synthetic_data_b/DTD_Syn/637.jpeg,a photo of a Alaskan tundra wolf.
./data/synthetic/synthetic_data_b/DTD_Syn/638.jpeg,a photo of a mountain.
./data/synthetic/synthetic_data_b/DTD_Syn/639.jpeg,a photo of a pencil sharpener.
./data/synthetic/synthetic_data_b/DTD_Syn/640.jpeg,a photo of a tobacco shop.
./data/synthetic/synthetic_data_b/DTD_Syn/641.jpeg,a photo of a wok.
./data/synthetic/synthetic_data_b/DTD_Syn/642.jpeg,a photo of a building facade.
./data/synthetic/synthetic_data_b/DTD_Syn/643.jpeg,"a photo of a English Setter, a type of pet."
./data/synthetic/synthetic_data_b/DTD_Syn/644.jpeg,a photo of a frilled-necked lizard.
./data/synthetic/synthetic_data_b/DTD_Syn/645.jpeg,a photo of a holster.
./data/synthetic/synthetic_data_b/DTD_Syn/646.jpeg,a photo of a red panda.
./data/synthetic/synthetic_data_b/DTD_Syn/647.jpeg,a photo of a black stork.
./data/synthetic/synthetic_data_b/DTD_Syn/648.jpeg,a photo of a Gila monster.
./data/synthetic/synthetic_data_b/DTD_Syn/649.jpeg,a photo of a sushi bar.
./data/synthetic/synthetic_data_b/DTD_Syn/650.jpeg,a photo of a ice floe.
./data/synthetic/synthetic_data_b/DTD_Syn/651.jpeg,a photo of a car mirror.
./data/synthetic/synthetic_data_b/DTD_Syn/652.jpeg,a photo of a palace.
./data/synthetic/synthetic_data_b/DTD_Syn/653.jpeg,"a photo of a Tu-134, a type of aircraft."
./data/synthetic/synthetic_data_b/DTD_Syn/654.jpeg,"a photo of a Chevrolet Avalanche Crew Cab 2012, a type of car."
./data/synthetic/synthetic_data_b/DTD_Syn/655.jpeg,"a photo of a English Setter, a type of pet."
./data/synthetic/synthetic_data_b/DTD_Syn/656.jpeg,a photo of a pipe organ.
./data/synthetic/synthetic_data_b/DTD_Syn/657.jpeg,a photo of a swing.
./data/synthetic/synthetic_data_b/DTD_Syn/658.jpeg,"a photo of a Toyota Sequoia SUV 2012, a type of car."
./data/synthetic/synthetic_data_b/DTD_Syn/659.jpeg,a photo of a parallel bars.
./data/synthetic/synthetic_data_b/DTD_Syn/660.jpeg,"a photo of a Wheaten Terrier, a type of pet."
./data/synthetic/synthetic_data_b/DTD_Syn/661.jpeg,"a photo of a Havanese, a type of pet."
./data/synthetic/synthetic_data_b/DTD_Syn/662.jpeg,a photo of a galley.
./data/synthetic/synthetic_data_b/DTD_Syn/663.jpeg,a photo of a mosque.
./data/synthetic/synthetic_data_b/DTD_Syn/664.jpeg,a photo of a earth star fungus.
./data/synthetic/synthetic_data_b/DTD_Syn/665.jpeg,"a photo of a chicken quesadilla, a type of food."
./data/synthetic/synthetic_data_b/DTD_Syn/666.jpeg,"a photo of a giant white arum lily, a type of flower."
./data/synthetic/synthetic_data_b/DTD_Syn/667.jpeg,"a photo of a columbine, a type of flower."
./data/synthetic/synthetic_data_b/DTD_Syn/668.jpeg,"a photo of a Dodge Ram Pickup 3500 Crew Cab 2010, a type of car."
./data/synthetic/synthetic_data_b/DTD_Syn/669.jpeg,a photo of a planetarium/outdoor.
./data/synthetic/synthetic_data_b/DTD_Syn/670.jpeg,"a photo of a HUMMER H3T Crew Cab 2010, a type of car."
./data/synthetic/synthetic_data_b/DTD_Syn/671.jpeg,a photo of a wool.
./data/synthetic/synthetic_data_b/DTD_Syn/672.jpeg,a photo of a broccoli.
./data/synthetic/synthetic_data_b/DTD_Syn/673.jpeg,a photo of a lens cap.
./data/synthetic/synthetic_data_b/DTD_Syn/674.jpeg,"a photo of a Mercedes-Benz C-Class Sedan 2012, a type of car."
./data/synthetic/synthetic_data_b/DTD_Syn/675.jpeg,a photo of a Alaskan tundra wolf.
./data/synthetic/synthetic_data_b/DTD_Syn/676.jpeg,a photo of a wine cellar/bottle storage.
./data/synthetic/synthetic_data_b/DTD_Syn/677.jpeg,a photo of a gazebo/exterior.
./data/synthetic/synthetic_data_b/DTD_Syn/678.jpeg,a photo of a limousine.
./data/synthetic/synthetic_data_b/DTD_Syn/679.jpeg,a photo of a hartebeest.
./data/synthetic/synthetic_data_b/DTD_Syn/680.jpeg,a photo of a gazebo/exterior.
./data/synthetic/synthetic_data_b/DTD_Syn/681.jpeg,a photo of a dining table.
./data/synthetic/synthetic_data_b/DTD_Syn/682.jpeg,a photo of a buckle.
./data/synthetic/synthetic_data_b/DTD_Syn/683.jpeg,a photo of a coral fungus.
./data/synthetic/synthetic_data_b/DTD_Syn/684.jpeg,a photo of a remote control.
./data/synthetic/synthetic_data_b/DTD_Syn/685.jpeg,a photo of a gramophone.
./data/synthetic/synthetic_data_b/DTD_Syn/686.jpeg,a photo of a hand-held computer.
./data/synthetic/synthetic_data_b/DTD_Syn/687.jpeg,a photo of a dinette/home.
./data/synthetic/synthetic_data_b/DTD_Syn/688.jpeg,a photo of a poolroom/establishment.
./data/synthetic/synthetic_data_b/DTD_Syn/689.jpeg,a photo of a toucan.
./data/synthetic/synthetic_data_b/DTD_Syn/690.jpeg,a photo of a longhorn beetle.
./data/synthetic/synthetic_data_b/DTD_Syn/691.jpeg,a photo of a pinwheel.
./data/synthetic/synthetic_data_b/DTD_Syn/692.jpeg,a photo of a grocery store.
./data/synthetic/synthetic_data_b/DTD_Syn/693.jpeg,a photo of a cheeseburger.
./data/synthetic/synthetic_data_b/DTD_Syn/694.jpeg,a photo of a buddha.
./data/synthetic/synthetic_data_b/DTD_Syn/695.jpeg,a photo of a zebra.
./data/synthetic/synthetic_data_b/DTD_Syn/696.jpeg,"a photo of a pad thai, a type of food."
./data/synthetic/synthetic_data_b/DTD_Syn/697.jpeg,"a photo of a Cessna 525, a type of aircraft."
./data/synthetic/synthetic_data_b/DTD_Syn/698.jpeg,a photo of a sea cucumber.
./data/synthetic/synthetic_data_b/DTD_Syn/699.jpeg,a photo of a aqueduct.
./data/synthetic/synthetic_data_b/DTD_Syn/700.jpeg,"a photo of a Dodge Charger SRT-8 2009, a type of car."
./data/synthetic/synthetic_data_b/DTD_Syn/701.jpeg,a photo of a hair clip.
./data/synthetic/synthetic_data_b/DTD_Syn/702.jpeg,a photo of a macaque.
./data/synthetic/synthetic_data_b/DTD_Syn/703.jpeg,a photo of a helicopter.
./data/synthetic/synthetic_data_b/DTD_Syn/704.jpeg,a photo of a black-footed ferret.
./data/synthetic/synthetic_data_b/DTD_Syn/705.jpeg,a photo of a pavilion.
./data/synthetic/synthetic_data_b/DTD_Syn/706.jpeg,a photo of a amphitheater.
./data/synthetic/synthetic_data_b/DTD_Syn/707.jpeg,"a photo of a thorn apple, a type of flower."
./data/synthetic/synthetic_data_b/DTD_Syn/708.jpeg,"a photo of a 737-900, a type of aircraft."
./data/synthetic/synthetic_data_b/DTD_Syn/709.jpeg,"a photo of a fire lily, a type of flower."
./data/synthetic/synthetic_data_b/DTD_Syn/710.jpeg,a photo of a hayfield.
./data/synthetic/synthetic_data_b/DTD_Syn/711.jpeg,a photo of a cockroach.
./data/synthetic/synthetic_data_b/DTD_Syn/712.jpeg,a photo of a cottontail rabbit.
./data/synthetic/synthetic_data_b/DTD_Syn/713.jpeg,a photo of a mobile phone.
./data/synthetic/synthetic_data_b/DTD_Syn/714.jpeg,a photo of a Bernese Mountain Dog.
./data/synthetic/synthetic_data_b/DTD_Syn/715.jpeg,a photo of a peafowl.
./data/synthetic/synthetic_data_b/DTD_Syn/716.jpeg,a photo of a trilobite.
./data/synthetic/synthetic_data_b/DTD_Syn/717.jpeg,a photo of a medicine cabinet.
./data/synthetic/synthetic_data_b/DTD_Syn/718.jpeg,"a photo of a Rolls-Royce Phantom Sedan 2012, a type of car."
./data/synthetic/synthetic_data_b/DTD_Syn/719.jpeg,a photo of a Pomeranian.
./data/synthetic/synthetic_data_b/DTD_Syn/720.jpeg,a photo of a whistle.
./data/synthetic/synthetic_data_b/DTD_Syn/721.jpeg,a photo of a dishcloth.
./data/synthetic/synthetic_data_b/DTD_Syn/722.jpeg,a photo of a recreational vehicle.
./data/synthetic/synthetic_data_b/DTD_Syn/723.jpeg,a photo of a marmoset.
./data/synthetic/synthetic_data_b/DTD_Syn/724.jpeg,a photo of a banjo.
./data/synthetic/synthetic_data_b/DTD_Syn/725.jpeg,"a photo of a Lamborghini Gallardo LP 570-4 Superleggera 2012, a type of car."
./data/synthetic/synthetic_data_b/DTD_Syn/726.jpeg,a photo of a airport terminal.
./data/synthetic/synthetic_data_b/DTD_Syn/727.jpeg,a photo of a scorpion.
./data/synthetic/synthetic_data_b/DTD_Syn/728.jpeg,"a photo of a giant white arum lily, a type of flower."
./data/synthetic/synthetic_data_b/DTD_Syn/729.jpeg,a photo of a megalith.
./data/synthetic/synthetic_data_b/DTD_Syn/730.jpeg,a photo of a lobster.
./data/synthetic/synthetic_data_b/DTD_Syn/731.jpeg,a photo of a parking meter.
./data/synthetic/synthetic_data_b/DTD_Syn/732.jpeg,a photo of a ground beetle.
./data/synthetic/synthetic_data_b/DTD_Syn/733.jpeg,a photo of a revolver.
./data/synthetic/synthetic_data_b/DTD_Syn/734.jpeg,a photo of a crossword.
./data/synthetic/synthetic_data_b/DTD_Syn/735.jpeg,"a photo of a Ford F-450 Super Duty Crew Cab 2012, a type of car."
./data/synthetic/synthetic_data_b/DTD_Syn/736.jpeg,a photo of a kangaroo.
./data/synthetic/synthetic_data_b/DTD_Syn/737.jpeg,a photo of a Angora rabbit.
./data/synthetic/synthetic_data_b/DTD_Syn/738.jpeg,"a photo of a Dodge Challenger SRT8 2011, a type of car."
./data/synthetic/synthetic_data_b/DTD_Syn/739.jpeg,a photo of a lab coat.
./data/synthetic/synthetic_data_b/DTD_Syn/740.jpeg,a photo of a husky.
./data/synthetic/synthetic_data_b/DTD_Syn/741.jpeg,"a photo of a C-130, a type of aircraft."
./data/synthetic/synthetic_data_b/DTD_Syn/742.jpeg,a photo of a triceratops.
./data/synthetic/synthetic_data_b/DTD_Syn/743.jpeg,a photo of a strainer.
./data/synthetic/synthetic_data_b/DTD_Syn/744.jpeg,"a photo of a Dornier 328, a type of aircraft."
./data/synthetic/synthetic_data_b/DTD_Syn/745.jpeg,"a photo of a Audi S4 Sedan 2012, a type of car."
./data/synthetic/synthetic_data_b/DTD_Syn/746.jpeg,a photo of a desert/vegetation.
./data/synthetic/synthetic_data_b/DTD_Syn/747.jpeg,a photo of a sloth bear.
./data/synthetic/synthetic_data_b/DTD_Syn/748.jpeg,"a photo of a Tu-154, a type of aircraft."
./data/synthetic/synthetic_data_b/DTD_Syn/749.jpeg,a photo of a cauliflower.
./data/synthetic/synthetic_data_b/DTD_Syn/750.jpeg,"a photo of a DH-82, a type of aircraft."
./data/synthetic/synthetic_data_b/DTD_Syn/751.jpeg,a photo of a miniskirt.
./data/synthetic/synthetic_data_b/DTD_Syn/752.jpeg,a photo of a dragonfly.
./data/synthetic/synthetic_data_b/DTD_Syn/753.jpeg,a photo of a hen.
./data/synthetic/synthetic_data_b/DTD_Syn/754.jpeg,a photo of a garfield.
./data/synthetic/synthetic_data_b/DTD_Syn/755.jpeg,a photo of a burial chamber.
./data/synthetic/synthetic_data_b/DTD_Syn/756.jpeg,"a photo of a GMC Savana Van 2012, a type of car."
./data/synthetic/synthetic_data_b/DTD_Syn/757.jpeg,a photo of a ketch.
./data/synthetic/synthetic_data_b/DTD_Syn/758.jpeg,"a photo of a Bentley Arnage Sedan 2009, a type of car."
./data/synthetic/synthetic_data_b/DTD_Syn/759.jpeg,a photo of a neck brace.
./data/synthetic/synthetic_data_b/DTD_Syn/760.jpeg,"a photo of a Keeshond, a type of pet."
./data/synthetic/synthetic_data_b/DTD_Syn/761.jpeg,"a photo of a trumpet creeper, a type of flower."
./data/synthetic/synthetic_data_b/DTD_Syn/762.jpeg,a photo of a iPod.
./data/synthetic/synthetic_data_b/DTD_Syn/763.jpeg,a photo of a mountain.
./data/synthetic/synthetic_data_b/DTD_Syn/764.jpeg,a photo of a wet bar.
./data/synthetic/synthetic_data_b/DTD_Syn/765.jpeg,a photo of a harmonica.
./data/synthetic/synthetic_data_b/DTD_Syn/766.jpeg,a photo of a head of a flamingo.
./data/synthetic/synthetic_data_b/DTD_Syn/767.jpeg,"a photo of a Model B200, a type of aircraft."
./data/synthetic/synthetic_data_b/DTD_Syn/768.jpeg,a photo of a cliff.
./data/synthetic/synthetic_data_b/DTD_Syn/769.jpeg,a photo of a minaret.
./data/synthetic/synthetic_data_b/DTD_Syn/770.jpeg,a photo of a trilobite.
./data/synthetic/synthetic_data_b/DTD_Syn/771.jpeg,"a photo of a Rolls-Royce Phantom Drophead Coupe Convertible 2012, a type of car."
./data/synthetic/synthetic_data_b/DTD_Syn/772.jpeg,"a photo of a pincushion flower, a type of flower."
./data/synthetic/synthetic_data_b/DTD_Syn/773.jpeg,a photo of a ladybug.
./data/synthetic/synthetic_data_b/DTD_Syn/774.jpeg,a photo of a hotel/outdoor.
./data/synthetic/synthetic_data_b/DTD_Syn/775.jpeg,"a photo of a Maybach Landaulet Convertible 2012, a type of car."
./data/synthetic/synthetic_data_b/DTD_Syn/776.jpeg,a photo of a beach.
./data/synthetic/synthetic_data_b/DTD_Syn/777.jpeg,"a photo of a 757-200, a type of aircraft."
./data/synthetic/synthetic_data_b/DTD_Syn/778.jpeg,"a photo of a CRJ-700, a type of aircraft."
./data/synthetic/synthetic_data_b/DTD_Syn/779.jpeg,a photo of a window shade.
./data/synthetic/synthetic_data_b/DTD_Syn/780.jpeg,a photo of a paddle.
./data/synthetic/synthetic_data_b/DTD_Syn/781.jpeg,"a photo of a bearded iris, a type of flower."
./data/synthetic/synthetic_data_b/DTD_Syn/782.jpeg,a photo of a Shetland Sheepdog.
./data/synthetic/synthetic_data_b/DTD_Syn/783.jpeg,a photo of a boardwalk.
./data/synthetic/synthetic_data_b/DTD_Syn/784.jpeg,a photo of a volcano.
./data/synthetic/synthetic_data_b/DTD_Syn/785.jpeg,"a photo of a 707-320, a type of aircraft."
./data/synthetic/synthetic_data_b/DTD_Syn/786.jpeg,a photo of a ruffed grouse.
./data/synthetic/synthetic_data_b/DTD_Syn/787.jpeg,a photo of a Egyptian Mau.
./data/synthetic/synthetic_data_b/DTD_Syn/788.jpeg,"a photo of a bolero deep blue, a type of flower."
./data/synthetic/synthetic_data_b/DTD_Syn/789.jpeg,"a photo of a Honda Accord Sedan 2012, a type of car."
./data/synthetic/synthetic_data_b/DTD_Syn/790.jpeg,a photo of a Bernese Mountain Dog.
./data/synthetic/synthetic_data_b/DTD_Syn/791.jpeg,a photo of a slip-on shoe.
./data/synthetic/synthetic_data_b/DTD_Syn/792.jpeg,a photo of a American alligator.
./data/synthetic/synthetic_data_b/DTD_Syn/793.jpeg,a photo of a steel drum.
./data/synthetic/synthetic_data_b/DTD_Syn/794.jpeg,"a photo of a onion rings, a type of food."
./data/synthetic/synthetic_data_b/DTD_Syn/795.jpeg,a photo of a picnic area.
./data/synthetic/synthetic_data_b/DTD_Syn/796.jpeg,a photo of a bolo tie.
./data/synthetic/synthetic_data_b/DTD_Syn/797.jpeg,a photo of a shipwreck.
./data/synthetic/synthetic_data_b/DTD_Syn/798.jpeg,a photo of a plunger.
./data/synthetic/synthetic_data_b/DTD_Syn/799.jpeg,a photo of a Lakeland Terrier.
./data/synthetic/synthetic_data_b/DTD_Syn/800.jpeg,a photo of a mosque.
./data/synthetic/synthetic_data_b/DTD_Syn/801.jpeg,a photo of a conch.
./data/synthetic/synthetic_data_b/DTD_Syn/802.jpeg,"a photo of a grilled cheese sandwich, a type of food."
./data/synthetic/synthetic_data_b/DTD_Syn/803.jpeg,"a photo of a Birman, a type of pet."
./data/synthetic/synthetic_data_b/DTD_Syn/804.jpeg,a photo of a abaya.
./data/synthetic/synthetic_data_b/DTD_Syn/805.jpeg,"a photo of a Volvo XC90 SUV 2007, a type of car."
./data/synthetic/synthetic_data_b/DTD_Syn/806.jpeg,"a photo of a Chrysler 300 SRT-8 2010, a type of car."
./data/synthetic/synthetic_data_b/DTD_Syn/807.jpeg,a photo of a bookstore.
./data/synthetic/synthetic_data_b/DTD_Syn/808.jpeg,a photo of a fire station.
./data/synthetic/synthetic_data_b/DTD_Syn/809.jpeg,"a photo of a F/A-18, a type of aircraft."
./data/synthetic/synthetic_data_b/DTD_Syn/810.jpeg,a photo of a dentists office.
./data/synthetic/synthetic_data_b/DTD_Syn/811.jpeg,a photo of a garbage truck.
./data/synthetic/synthetic_data_b/DTD_Syn/812.jpeg,a photo of a academic gown.
./data/synthetic/synthetic_data_b/DTD_Syn/813.jpeg,a photo of a European green lizard.
./data/synthetic/synthetic_data_b/DTD_Syn/814.jpeg,a photo of a Italian Greyhound.
./data/synthetic/synthetic_data_b/DTD_Syn/815.jpeg,"a photo of a Ferrari 458 Italia Convertible 2012, a type of car."
./data/synthetic/synthetic_data_b/DTD_Syn/816.jpeg,a photo of a raceway.
./data/synthetic/synthetic_data_b/DTD_Syn/817.jpeg,a photo of a split-rail fence.
./data/synthetic/synthetic_data_b/DTD_Syn/818.jpeg,"a photo of a sword lily, a type of flower."
./data/synthetic/synthetic_data_b/DTD_Syn/819.jpeg,"a photo of a garden phlox, a type of flower."
./data/synthetic/synthetic_data_b/DTD_Syn/820.jpeg,a photo of a cannon.
./data/synthetic/synthetic_data_b/DTD_Syn/821.jpeg,a photo of a Weimaraner.
./data/synthetic/synthetic_data_b/DTD_Syn/822.jpeg,a photo of a ketch.
./data/synthetic/synthetic_data_b/DTD_Syn/823.jpeg,"a photo of a Buick Verano Sedan 2012, a type of car."
./data/synthetic/synthetic_data_b/DTD_Syn/824.jpeg,a photo of a solar thermal collector.
./data/synthetic/synthetic_data_b/DTD_Syn/825.jpeg,a photo of a abacus.
./data/synthetic/synthetic_data_b/DTD_Syn/826.jpeg,"a photo of a Acura TSX Sedan 2012, a type of car."
./data/synthetic/synthetic_data_b/DTD_Syn/827.jpeg,a photo of a microphone.
./data/synthetic/synthetic_data_b/DTD_Syn/828.jpeg,"a photo of a foie gras, a type of food."
./data/synthetic/synthetic_data_b/DTD_Syn/829.jpeg,"a photo of a fried calamari, a type of food."
./data/synthetic/synthetic_data_b/DTD_Syn/830.jpeg,"a photo of a Buick Rainier SUV 2007, a type of car."
./data/synthetic/synthetic_data_b/DTD_Syn/831.jpeg,"a photo of a Metroliner, a type of aircraft."
./data/synthetic/synthetic_data_b/DTD_Syn/832.jpeg,a photo of a slug.
./data/synthetic/synthetic_data_b/DTD_Syn/833.jpeg,"a photo of a 767-300, a type of aircraft."
./data/synthetic/synthetic_data_b/DTD_Syn/834.jpeg,"a photo of a pincushion flower, a type of flower."
./data/synthetic/synthetic_data_b/DTD_Syn/835.jpeg,a photo of a potter's wheel.
./data/synthetic/synthetic_data_b/DTD_Syn/836.jpeg,a photo of a motorboat.
./data/synthetic/synthetic_data_b/DTD_Syn/837.jpeg,a photo of a ground beetle.
./data/synthetic/synthetic_data_b/DTD_Syn/838.jpeg,a photo of a atrium/public.
./data/synthetic/synthetic_data_b/DTD_Syn/839.jpeg,a photo of a restaurant patio.
./data/synthetic/synthetic_data_b/DTD_Syn/840.jpeg,a photo of a trombone.
./data/synthetic/synthetic_data_b/DTD_Syn/841.jpeg,a photo of a recreational vehicle.
./data/synthetic/synthetic_data_b/DTD_Syn/842.jpeg,a photo of a shopping basket.
./data/synthetic/synthetic_data_b/DTD_Syn/843.jpeg,a photo of a revolver.
./data/synthetic/synthetic_data_b/DTD_Syn/844.jpeg,a photo of a great grey owl.
./data/synthetic/synthetic_data_b/DTD_Syn/845.jpeg,a photo of a grocery store.
./data/synthetic/synthetic_data_b/DTD_Syn/846.jpeg,a photo of a patio.
./data/synthetic/synthetic_data_b/DTD_Syn/847.jpeg,a photo of a piggy bank.
./data/synthetic/synthetic_data_b/DTD_Syn/848.jpeg,a photo of a slip-on shoe.
./data/synthetic/synthetic_data_b/DTD_Syn/849.jpeg,a photo of a llama.
./data/synthetic/synthetic_data_b/DTD_Syn/850.jpeg,a photo of a split-rail fence.
./data/synthetic/synthetic_data_b/DTD_Syn/851.jpeg,a photo of a synagogue/outdoor.
./data/synthetic/synthetic_data_b/DTD_Syn/852.jpeg,"a photo of a Jeep Compass SUV 2012, a type of car."
./data/synthetic/synthetic_data_b/DTD_Syn/853.jpeg,a photo of a Staffordshire Bull Terrier.
./data/synthetic/synthetic_data_b/DTD_Syn/854.jpeg,a photo of a beer glass.
./data/synthetic/synthetic_data_b/DTD_Syn/855.jpeg,a photo of a bazaar/indoor.
./data/synthetic/synthetic_data_b/DTD_Syn/856.jpeg,a photo of a veterinarians office.
./data/synthetic/synthetic_data_b/DTD_Syn/857.jpeg,a photo of a wok.
./data/synthetic/synthetic_data_b/DTD_Syn/858.jpeg,a photo of a campsite.
./data/synthetic/synthetic_data_b/DTD_Syn/859.jpeg,a photo of a strawberry.
./data/synthetic/synthetic_data_b/DTD_Syn/860.jpeg,a photo of a television.
./data/synthetic/synthetic_data_b/DTD_Syn/861.jpeg,a photo of a ice skating rink/outdoor.
./data/synthetic/synthetic_data_b/DTD_Syn/862.jpeg,a photo of a Windsor tie.
./data/synthetic/synthetic_data_b/DTD_Syn/863.jpeg,a photo of a handkerchief.
./data/synthetic/synthetic_data_b/DTD_Syn/864.jpeg,a photo of a fox squirrel.
./data/synthetic/synthetic_data_b/DTD_Syn/865.jpeg,a photo of a islet.
./data/synthetic/synthetic_data_b/DTD_Syn/866.jpeg,a photo of a bazaar/indoor.
./data/synthetic/synthetic_data_b/DTD_Syn/867.jpeg,a photo of a gerenuk.
./data/synthetic/synthetic_data_b/DTD_Syn/868.jpeg,a photo of a wine cellar/barrel storage.
./data/synthetic/synthetic_data_b/DTD_Syn/869.jpeg,a photo of a tray.
./data/synthetic/synthetic_data_b/DTD_Syn/870.jpeg,a photo of a beach.
./data/synthetic/synthetic_data_b/DTD_Syn/871.jpeg,a photo of a wheat field.
./data/synthetic/synthetic_data_b/DTD_Syn/872.jpeg,a photo of a tape player.
./data/synthetic/synthetic_data_b/DTD_Syn/873.jpeg,a photo of a Egyptian Mau.
./data/synthetic/synthetic_data_b/DTD_Syn/874.jpeg,a photo of a park.
./data/synthetic/synthetic_data_b/DTD_Syn/875.jpeg,"a photo of a beignets, a type of food."
./data/synthetic/synthetic_data_b/DTD_Syn/876.jpeg,"a photo of a croque madame, a type of food."
./data/synthetic/synthetic_data_b/DTD_Syn/877.jpeg,a photo of a Saluki.
./data/synthetic/synthetic_data_b/DTD_Syn/878.jpeg,a photo of a brown bear.
./data/synthetic/synthetic_data_b/DTD_Syn/879.jpeg,a photo of a barn.
./data/synthetic/synthetic_data_b/DTD_Syn/880.jpeg,a photo of a lawn mower.
./data/synthetic/synthetic_data_b/DTD_Syn/881.jpeg,a photo of a cliff.
./data/synthetic/synthetic_data_b/DTD_Syn/882.jpeg,a photo of a scorpion.
./data/synthetic/synthetic_data_b/DTD_Syn/883.jpeg,a photo of a stable.
./data/synthetic/synthetic_data_b/DTD_Syn/884.jpeg,"a photo of a Chrysler Aspen SUV 2009, a type of car."
./data/synthetic/synthetic_data_b/DTD_Syn/885.jpeg,a photo of a rooster.
./data/synthetic/synthetic_data_b/DTD_Syn/886.jpeg,a photo of a oil filter.
./data/synthetic/synthetic_data_b/DTD_Syn/887.jpeg,a photo of a limpkin.
./data/synthetic/synthetic_data_b/DTD_Syn/888.jpeg,"a photo of a ERJ 135, a type of aircraft."
./data/synthetic/synthetic_data_b/DTD_Syn/889.jpeg,a photo of a chandelier.
./data/synthetic/synthetic_data_b/DTD_Syn/890.jpeg,"a photo of a caprese salad, a type of food."
./data/synthetic/synthetic_data_b/DTD_Syn/891.jpeg,a photo of a coast.
./data/synthetic/synthetic_data_b/DTD_Syn/892.jpeg,a photo of a ruler measuring stick.
./data/synthetic/synthetic_data_b/DTD_Syn/893.jpeg,a photo of a Bedlington Terrier.
./data/synthetic/synthetic_data_b/DTD_Syn/894.jpeg,a photo of a junco.
./data/synthetic/synthetic_data_b/DTD_Syn/895.jpeg,a photo of a sunscreen.
./data/synthetic/synthetic_data_b/DTD_Syn/896.jpeg,"a photo of a American Bulldog, a type of pet."
./data/synthetic/synthetic_data_b/DTD_Syn/897.jpeg,"a photo of a A340-200, a type of aircraft."
./data/synthetic/synthetic_data_b/DTD_Syn/898.jpeg,a photo of a folding chair.
./data/synthetic/synthetic_data_b/DTD_Syn/899.jpeg,a photo of a tape player.
./data/synthetic/synthetic_data_b/DTD_Syn/900.jpeg,a photo of a European polecat.
./data/synthetic/synthetic_data_b/DTD_Syn/901.jpeg,"a photo of a Hyundai Elantra Touring Hatchback 2012, a type of car."
./data/synthetic/synthetic_data_b/DTD_Syn/902.jpeg,a photo of a cardoon.
./data/synthetic/synthetic_data_b/DTD_Syn/903.jpeg,a photo of a apartment building/outdoor.
./data/synthetic/synthetic_data_b/DTD_Syn/904.jpeg,"a photo of a Mercedes-Benz E-Class Sedan 2012, a type of car."
./data/synthetic/synthetic_data_b/DTD_Syn/905.jpeg,a photo of a closet.
./data/synthetic/synthetic_data_b/DTD_Syn/906.jpeg,"a photo of a A340-300, a type of aircraft."
./data/synthetic/synthetic_data_b/DTD_Syn/907.jpeg,a photo of a grey fox.
./data/synthetic/synthetic_data_b/DTD_Syn/908.jpeg,a photo of a amphibious vehicle.
./data/synthetic/synthetic_data_b/DTD_Syn/909.jpeg,a photo of a titi monkey.
./data/synthetic/synthetic_data_b/DTD_Syn/910.jpeg,a photo of a oilrig.
./data/synthetic/synthetic_data_b/DTD_Syn/911.jpeg,a photo of a scoreboard.
./data/synthetic/synthetic_data_b/DTD_Syn/912.jpeg,a photo of a hard disk drive.
./data/synthetic/synthetic_data_b/DTD_Syn/913.jpeg,"a photo of a Hyundai Elantra Sedan 2007, a type of car."
./data/synthetic/synthetic_data_b/DTD_Syn/914.jpeg,"a photo of a Acura TSX Sedan 2012, a type of car."
./data/synthetic/synthetic_data_b/DTD_Syn/915.jpeg,a photo of a partridge.
./data/synthetic/synthetic_data_b/DTD_Syn/916.jpeg,a photo of a moat/water.
./data/synthetic/synthetic_data_b/DTD_Syn/917.jpeg,a photo of a movie theater/indoor.
./data/synthetic/synthetic_data_b/DTD_Syn/918.jpeg,a photo of a ladle.
./data/synthetic/synthetic_data_b/DTD_Syn/919.jpeg,a photo of a palace.
./data/synthetic/synthetic_data_b/DTD_Syn/920.jpeg,"a photo of a baklava, a type of food."
./data/synthetic/synthetic_data_b/DTD_Syn/921.jpeg,a photo of a lens cap.
./data/synthetic/synthetic_data_b/DTD_Syn/922.jpeg,"a photo of a Audi RS 4 Convertible 2008, a type of car."
./data/synthetic/synthetic_data_b/DTD_Syn/923.jpeg,"a photo of a Jeep Wrangler SUV 2012, a type of car."
./data/synthetic/synthetic_data_b/DTD_Syn/924.jpeg,a photo of a butte.
./data/synthetic/synthetic_data_b/DTD_Syn/925.jpeg,a photo of a strawberry.
./data/synthetic/synthetic_data_b/DTD_Syn/926.jpeg,a photo of a bra.
./data/synthetic/synthetic_data_b/DTD_Syn/927.jpeg,a photo of a eastern hog-nosed snake.
./data/synthetic/synthetic_data_b/DTD_Syn/928.jpeg,a photo of a golf course.
./data/synthetic/synthetic_data_b/DTD_Syn/929.jpeg,a photo of a electric ray.
./data/synthetic/synthetic_data_b/DTD_Syn/930.jpeg,a photo of a praying mantis.
./data/synthetic/synthetic_data_b/DTD_Syn/931.jpeg,a photo of a dog sled.
./data/synthetic/synthetic_data_b/DTD_Syn/932.jpeg,a photo of a kimono.
./data/synthetic/synthetic_data_b/DTD_Syn/933.jpeg,a photo of a brontosaurus.
./data/synthetic/synthetic_data_b/DTD_Syn/934.jpeg,"a photo of a Beagle, a type of pet."
./data/synthetic/synthetic_data_b/DTD_Syn/935.jpeg,a photo of a pagoda.
./data/synthetic/synthetic_data_b/DTD_Syn/936.jpeg,"a photo of the number: ""6 - six""."
./data/synthetic/synthetic_data_b/DTD_Syn/937.jpeg,a photo of a espresso.
./data/synthetic/synthetic_data_b/DTD_Syn/938.jpeg,a photo of a pug.
./data/synthetic/synthetic_data_b/DTD_Syn/939.jpeg,"a photo of a Siamese, a type of pet."
./data/synthetic/synthetic_data_b/DTD_Syn/940.jpeg,"a photo of a giant white arum lily, a type of flower."
./data/synthetic/synthetic_data_b/DTD_Syn/941.jpeg,a photo of a water tower.
./data/synthetic/synthetic_data_b/DTD_Syn/942.jpeg,a photo of a hair dryer.
./data/synthetic/synthetic_data_b/DTD_Syn/943.jpeg,a photo of a front curtain.
./data/synthetic/synthetic_data_b/DTD_Syn/944.jpeg,a photo of a chimpanzee.
./data/synthetic/synthetic_data_b/DTD_Syn/945.jpeg,"a photo of a Aston Martin V8 Vantage Convertible 2012, a type of car."
./data/synthetic/synthetic_data_b/DTD_Syn/946.jpeg,"a photo of a 757-200, a type of aircraft."
./data/synthetic/synthetic_data_b/DTD_Syn/947.jpeg,"a photo of a californian poppy, a type of flower."
./data/synthetic/synthetic_data_b/DTD_Syn/948.jpeg,"a photo of a English Setter, a type of pet."
./data/synthetic/synthetic_data_b/DTD_Syn/949.jpeg,a photo of a cloak.
./data/synthetic/synthetic_data_b/DTD_Syn/950.jpeg,a photo of a water snake.
./data/synthetic/synthetic_data_b/DTD_Syn/951.jpeg,a photo of a Tibetan Mastiff.
./data/synthetic/synthetic_data_b/DTD_Syn/952.jpeg,a photo of a crevasse.
./data/synthetic/synthetic_data_b/DTD_Syn/953.jpeg,a photo of a frying pan.
./data/synthetic/synthetic_data_b/DTD_Syn/954.jpeg,"a photo of a Aston Martin Virage Convertible 2012, a type of car."
./data/synthetic/synthetic_data_b/DTD_Syn/955.jpeg,a photo of a umbrella.
./data/synthetic/synthetic_data_b/DTD_Syn/956.jpeg,a photo of a gerenuk.
./data/synthetic/synthetic_data_b/DTD_Syn/957.jpeg,a photo of a common gallinule.
./data/synthetic/synthetic_data_b/DTD_Syn/958.jpeg,"a photo of a deviled eggs, a type of food."
./data/synthetic/synthetic_data_b/DTD_Syn/959.jpeg,a photo of a carrousel.
./data/synthetic/synthetic_data_b/DTD_Syn/960.jpeg,a photo of a power drill.
./data/synthetic/synthetic_data_b/DTD_Syn/961.jpeg,"a photo of a Volkswagen Golf Hatchback 1991, a type of car."
./data/synthetic/synthetic_data_b/DTD_Syn/962.jpeg,a photo of a rapeseed.
./data/synthetic/synthetic_data_b/DTD_Syn/963.jpeg,"a photo of a Mazda Tribute SUV 2011, a type of car."
./data/synthetic/synthetic_data_b/DTD_Syn/964.jpeg,a photo of a wallet.
./data/synthetic/synthetic_data_b/DTD_Syn/965.jpeg,a photo of a stadium/football.
./data/synthetic/synthetic_data_b/DTD_Syn/966.jpeg,a photo of a rotary dial telephone.
./data/synthetic/synthetic_data_b/DTD_Syn/967.jpeg,"a photo of a spaghetti bolognese, a type of food."
./data/synthetic/synthetic_data_b/DTD_Syn/968.jpeg,"a photo of a cautleya spicata, a type of flower."
./data/synthetic/synthetic_data_b/DTD_Syn/969.jpeg,a photo of a geyser.
./data/synthetic/synthetic_data_b/DTD_Syn/970.jpeg,a photo of a inline skate.
./data/synthetic/synthetic_data_b/DTD_Syn/971.jpeg,"a photo of a lotus, a type of flower."
./data/synthetic/synthetic_data_b/DTD_Syn/972.jpeg,a photo of a lock chamber.
./data/synthetic/synthetic_data_b/DTD_Syn/973.jpeg,a photo of a Tibetan Mastiff.
./data/synthetic/synthetic_data_b/DTD_Syn/974.jpeg,a photo of a rifle.
./data/synthetic/synthetic_data_b/DTD_Syn/975.jpeg,"a photo of a Buick Enclave SUV 2012, a type of car."
./data/synthetic/synthetic_data_b/DTD_Syn/976.jpeg,a photo of a bookstore.
./data/synthetic/synthetic_data_b/DTD_Syn/977.jpeg,"a photo of a Spyker C8 Convertible 2009, a type of car."
./data/synthetic/synthetic_data_b/DTD_Syn/978.jpeg,a photo of a mud turtle.
./data/synthetic/synthetic_data_b/DTD_Syn/979.jpeg,a photo of a poolroom/establishment.
./data/synthetic/synthetic_data_b/DTD_Syn/980.jpeg,a photo of a digital watch.
./data/synthetic/synthetic_data_b/DTD_Syn/981.jpeg,a photo of a hamster.
./data/synthetic/synthetic_data_b/DTD_Syn/982.jpeg,"a photo of a Volkswagen Beetle Hatchback 2012, a type of car."
./data/synthetic/synthetic_data_b/DTD_Syn/983.jpeg,a photo of a rock crab.
./data/synthetic/synthetic_data_b/DTD_Syn/984.jpeg,a photo of a meerkat.
./data/synthetic/synthetic_data_b/DTD_Syn/985.jpeg,a photo of a minibus.
./data/synthetic/synthetic_data_b/DTD_Syn/986.jpeg,a photo of a artichoke.
./data/synthetic/synthetic_data_b/DTD_Syn/987.jpeg,a photo of a theater/indoor seats.
./data/synthetic/synthetic_data_b/DTD_Syn/988.jpeg,"a photo of a morning glory, a type of flower."
./data/synthetic/synthetic_data_b/DTD_Syn/989.jpeg,a photo of a red fox.
./data/synthetic/synthetic_data_b/DTD_Syn/990.jpeg,a photo of a plunger.
./data/synthetic/synthetic_data_b/DTD_Syn/991.jpeg,a photo of a porcupine.
./data/synthetic/synthetic_data_b/DTD_Syn/992.jpeg,a photo of a sea anemone.
./data/synthetic/synthetic_data_b/DTD_Syn/993.jpeg,a photo of a flute.
./data/synthetic/synthetic_data_b/DTD_Syn/994.jpeg,a photo of a potter's wheel.
./data/synthetic/synthetic_data_b/DTD_Syn/995.jpeg,a photo of a toaster.
./data/synthetic/synthetic_data_b/DTD_Syn/996.jpeg,"a photo of the number: ""6 - six""."
./data/synthetic/synthetic_data_b/DTD_Syn/997.jpeg,"a photo of a A319, a type of aircraft."
./data/synthetic/synthetic_data_b/DTD_Syn/998.jpeg,a photo of a brain.
./data/synthetic/synthetic_data_b/DTD_Syn/999.jpeg,a photo of a plate rack.
