image,text
./data/synthetic/synthetic_data_b/Flowers_Syn/0.jpeg,a photo of a ocean liner.
./data/synthetic/synthetic_data_b/Flowers_Syn/1.jpeg,a photo of a horse-drawn vehicle.
./data/synthetic/synthetic_data_b/Flowers_Syn/2.jpeg,a photo of a Chow Chow.
./data/synthetic/synthetic_data_b/Flowers_Syn/3.jpeg,a photo of a armadillo.
./data/synthetic/synthetic_data_b/Flowers_Syn/4.jpeg,a photo of a tiger shark.
./data/synthetic/synthetic_data_b/Flowers_Syn/5.jpeg,"a photo of a Ram C/V Cargo Van Minivan 2012, a type of car."
./data/synthetic/synthetic_data_b/Flowers_Syn/6.jpeg,a photo of a snorkel.
./data/synthetic/synthetic_data_b/Flowers_Syn/7.jpeg,"a photo of a Mercedes-Benz SL-Class Coupe 2009, a type of car."
./data/synthetic/synthetic_data_b/Flowers_Syn/8.jpeg,a photo of a Saharan horned viper.
./data/synthetic/synthetic_data_b/Flowers_Syn/9.jpeg,a photo of a baboon.
./data/synthetic/synthetic_data_b/Flowers_Syn/10.jpeg,"a photo of a filet mignon, a type of food."
./data/synthetic/synthetic_data_b/Flowers_Syn/11.jpeg,a photo of a microwave oven.
./data/synthetic/synthetic_data_b/Flowers_Syn/12.jpeg,"a photo of a huevos rancheros, a type of food."
./data/synthetic/synthetic_data_b/Flowers_Syn/13.jpeg,a photo of a poke bonnet.
./data/synthetic/synthetic_data_b/Flowers_Syn/14.jpeg,"a photo of a American Pit Bull Terrier, a type of pet."
./data/synthetic/synthetic_data_b/Flowers_Syn/15.jpeg,"a photo of a Mazda Tribute SUV 2011, a type of car."
./data/synthetic/synthetic_data_b/Flowers_Syn/16.jpeg,a photo of a Irish Setter.
./data/synthetic/synthetic_data_b/Flowers_Syn/17.jpeg,"a photo of a Audi 100 Sedan 1994, a type of car."
./data/synthetic/synthetic_data_b/Flowers_Syn/18.jpeg,a photo of a leopard.
./data/synthetic/synthetic_data_b/Flowers_Syn/19.jpeg,a photo of a neck brace.
./data/synthetic/synthetic_data_b/Flowers_Syn/20.jpeg,a photo of a Rhodesian Ridgeback.
./data/synthetic/synthetic_data_b/Flowers_Syn/21.jpeg,a photo of a mobile phone.
./data/synthetic/synthetic_data_b/Flowers_Syn/22.jpeg,a photo of a pencil sharpener.
./data/synthetic/synthetic_data_b/Flowers_Syn/23.jpeg,a photo of a minibus.
./data/synthetic/synthetic_data_b/Flowers_Syn/24.jpeg,a photo of a warthog.
./data/synthetic/synthetic_data_b/Flowers_Syn/25.jpeg,"a photo of the number: ""5 - five""."
./data/synthetic/synthetic_data_b/Flowers_Syn/26.jpeg,a photo of a Bedlington Terrier.
./data/synthetic/synthetic_data_b/Flowers_Syn/27.jpeg,"a photo of a American Bulldog, a type of pet."
./data/synthetic/synthetic_data_b/Flowers_Syn/28.jpeg,a photo of a pipe organ.
./data/synthetic/synthetic_data_b/Flowers_Syn/29.jpeg,a photo of a sailboat.
./data/synthetic/synthetic_data_b/Flowers_Syn/30.jpeg,a photo of a vulture.
./data/synthetic/synthetic_data_b/Flowers_Syn/31.jpeg,a photo of a dumbbell.
./data/synthetic/synthetic_data_b/Flowers_Syn/32.jpeg,a photo of a baseball.
./data/synthetic/synthetic_data_b/Flowers_Syn/33.jpeg,a photo of a convertible.
./data/synthetic/synthetic_data_b/Flowers_Syn/34.jpeg,a photo of a bustard.
./data/synthetic/synthetic_data_b/Flowers_Syn/35.jpeg,a photo of a pickup truck.
./data/synthetic/synthetic_data_b/Flowers_Syn/36.jpeg,a photo of a dam.
./data/synthetic/synthetic_data_b/Flowers_Syn/37.jpeg,a photo of a Irish Water Spaniel.
./data/synthetic/synthetic_data_b/Flowers_Syn/38.jpeg,a photo of a great white shark.
./data/synthetic/synthetic_data_b/Flowers_Syn/39.jpeg,a photo of a red-breasted merganser.
./data/synthetic/synthetic_data_b/Flowers_Syn/40.jpeg,a photo of a shopping basket.
./data/synthetic/synthetic_data_b/Flowers_Syn/41.jpeg,a photo of a washing machine.
./data/synthetic/synthetic_data_b/Flowers_Syn/42.jpeg,a photo of a toaster.
./data/synthetic/synthetic_data_b/Flowers_Syn/43.jpeg,a photo of a zebra.
./data/synthetic/synthetic_data_b/Flowers_Syn/44.jpeg,a photo of a tank.
./data/synthetic/synthetic_data_b/Flowers_Syn/45.jpeg,"a photo of a Aston Martin Virage Convertible 2012, a type of car."
./data/synthetic/synthetic_data_b/Flowers_Syn/46.jpeg,a photo of a sarong.
./data/synthetic/synthetic_data_b/Flowers_Syn/47.jpeg,a photo of a piggy bank.
./data/synthetic/synthetic_data_b/Flowers_Syn/48.jpeg,"a photo of a GMC Savana Van 2012, a type of car."
./data/synthetic/synthetic_data_b/Flowers_Syn/49.jpeg,a photo of a rugby ball.
./data/synthetic/synthetic_data_b/Flowers_Syn/50.jpeg,a photo of a Golden Retriever.
./data/synthetic/synthetic_data_b/Flowers_Syn/51.jpeg,a photo of a baseball player.
./data/synthetic/synthetic_data_b/Flowers_Syn/52.jpeg,"a photo of a Suzuki SX4 Sedan 2012, a type of car."
./data/synthetic/synthetic_data_b/Flowers_Syn/53.jpeg,"a photo of a Ragdoll, a type of pet."
./data/synthetic/synthetic_data_b/Flowers_Syn/54.jpeg,a photo of a breastplate.
./data/synthetic/synthetic_data_b/Flowers_Syn/55.jpeg,a photo of a hamster.
./data/synthetic/synthetic_data_b/Flowers_Syn/56.jpeg,a photo of a guacamole.
./data/synthetic/synthetic_data_b/Flowers_Syn/57.jpeg,a photo of a sea lion.
./data/synthetic/synthetic_data_b/Flowers_Syn/58.jpeg,a photo of a sidewinder rattlesnake.
./data/synthetic/synthetic_data_b/Flowers_Syn/59.jpeg,a photo of a horse-drawn vehicle.
./data/synthetic/synthetic_data_b/Flowers_Syn/60.jpeg,a photo of a desert grassland whiptail lizard.
./data/synthetic/synthetic_data_b/Flowers_Syn/61.jpeg,a photo of a military uniform.
./data/synthetic/synthetic_data_b/Flowers_Syn/62.jpeg,a photo of a dishwasher.
./data/synthetic/synthetic_data_b/Flowers_Syn/63.jpeg,a photo of a Gordon Setter.
./data/synthetic/synthetic_data_b/Flowers_Syn/64.jpeg,a photo of a Chihuahua.
./data/synthetic/synthetic_data_b/Flowers_Syn/65.jpeg,a photo of a paper towel.
./data/synthetic/synthetic_data_b/Flowers_Syn/66.jpeg,a photo of a ram (adult male sheep).
./data/synthetic/synthetic_data_b/Flowers_Syn/67.jpeg,a photo of a rugby ball.
./data/synthetic/synthetic_data_b/Flowers_Syn/68.jpeg,a photo of a sea cucumber.
./data/synthetic/synthetic_data_b/Flowers_Syn/69.jpeg,a photo of a Maltese.
./data/synthetic/synthetic_data_b/Flowers_Syn/70.jpeg,"a photo of a GMC Acadia SUV 2012, a type of car."
./data/synthetic/synthetic_data_b/Flowers_Syn/71.jpeg,a photo of a Sealyham Terrier.
./data/synthetic/synthetic_data_b/Flowers_Syn/72.jpeg,a photo of a product packet / packaging.
./data/synthetic/synthetic_data_b/Flowers_Syn/73.jpeg,"a photo of a chicken wings, a type of food."
./data/synthetic/synthetic_data_b/Flowers_Syn/74.jpeg,"a photo of a lobster bisque, a type of food."
./data/synthetic/synthetic_data_b/Flowers_Syn/75.jpeg,a photo of a acorn.
./data/synthetic/synthetic_data_b/Flowers_Syn/76.jpeg,a photo of a Indian cobra.
./data/synthetic/synthetic_data_b/Flowers_Syn/77.jpeg,a photo of a vase.
./data/synthetic/synthetic_data_b/Flowers_Syn/78.jpeg,"a photo of a Shiba Inu, a type of pet."
./data/synthetic/synthetic_data_b/Flowers_Syn/79.jpeg,a photo of a beaver.
./data/synthetic/synthetic_data_b/Flowers_Syn/80.jpeg,"a photo of a gnocchi, a type of food."
./data/synthetic/synthetic_data_b/Flowers_Syn/81.jpeg,a photo of a violin.
./data/synthetic/synthetic_data_b/Flowers_Syn/82.jpeg,a photo of a red admiral butterfly.
./data/synthetic/synthetic_data_b/Flowers_Syn/83.jpeg,a photo of a brain coral.
./data/synthetic/synthetic_data_b/Flowers_Syn/84.jpeg,a photo of a Golden Retriever.
./data/synthetic/synthetic_data_b/Flowers_Syn/85.jpeg,a photo of a neck brace.
./data/synthetic/synthetic_data_b/Flowers_Syn/86.jpeg,a photo of a banjo.
./data/synthetic/synthetic_data_b/Flowers_Syn/87.jpeg,a photo of a snoek fish.
./data/synthetic/synthetic_data_b/Flowers_Syn/88.jpeg,a photo of a sunscreen.
./data/synthetic/synthetic_data_b/Flowers_Syn/89.jpeg,"a photo of a Hyundai Elantra Sedan 2007, a type of car."
./data/synthetic/synthetic_data_b/Flowers_Syn/90.jpeg,"a photo of a Ford Mustang Convertible 2007, a type of car."
./data/synthetic/synthetic_data_b/Flowers_Syn/91.jpeg,a photo of a dumbbell.
./data/synthetic/synthetic_data_b/Flowers_Syn/92.jpeg,a photo of a gondola.
./data/synthetic/synthetic_data_b/Flowers_Syn/93.jpeg,a photo of a jeep.
./data/synthetic/synthetic_data_b/Flowers_Syn/94.jpeg,a photo of a cello.
./data/synthetic/synthetic_data_b/Flowers_Syn/95.jpeg,a photo of a Miniature Schnauzer.
./data/synthetic/synthetic_data_b/Flowers_Syn/96.jpeg,a photo of a tusker.
./data/synthetic/synthetic_data_b/Flowers_Syn/97.jpeg,a photo of a soap dispenser.
./data/synthetic/synthetic_data_b/Flowers_Syn/98.jpeg,"a photo of a Nissan 240SX Coupe 1998, a type of car."
./data/synthetic/synthetic_data_b/Flowers_Syn/99.jpeg,"a photo of a Honda Odyssey Minivan 2012, a type of car."
./data/synthetic/synthetic_data_b/Flowers_Syn/100.jpeg,"a photo of a Acura Integra Type R 2001, a type of car."
./data/synthetic/synthetic_data_b/Flowers_Syn/101.jpeg,a photo of a cockroach.
./data/synthetic/synthetic_data_b/Flowers_Syn/102.jpeg,a photo of a nematode.
./data/synthetic/synthetic_data_b/Flowers_Syn/103.jpeg,a photo of a plant pot.
./data/synthetic/synthetic_data_b/Flowers_Syn/104.jpeg,a photo of a rooster.
./data/synthetic/synthetic_data_b/Flowers_Syn/105.jpeg,a photo of a trombone.
./data/synthetic/synthetic_data_b/Flowers_Syn/106.jpeg,a photo of a Staffordshire Bull Terrier.
./data/synthetic/synthetic_data_b/Flowers_Syn/107.jpeg,a photo of a horse-drawn vehicle.
./data/synthetic/synthetic_data_b/Flowers_Syn/108.jpeg,"a photo of a risotto, a type of food."
./data/synthetic/synthetic_data_b/Flowers_Syn/109.jpeg,"a photo of a edamame, a type of food."
./data/synthetic/synthetic_data_b/Flowers_Syn/110.jpeg,a photo of a scuba diver.
./data/synthetic/synthetic_data_b/Flowers_Syn/111.jpeg,a photo of a amphibious vehicle.
./data/synthetic/synthetic_data_b/Flowers_Syn/112.jpeg,a photo of a Standard Schnauzer.
./data/synthetic/synthetic_data_b/Flowers_Syn/113.jpeg,a photo of a worm snake.
./data/synthetic/synthetic_data_b/Flowers_Syn/114.jpeg,a photo of a barber chair.
./data/synthetic/synthetic_data_b/Flowers_Syn/115.jpeg,a photo of a bighorn sheep.
./data/synthetic/synthetic_data_b/Flowers_Syn/116.jpeg,"a photo of a Abyssinian, a type of pet."
./data/synthetic/synthetic_data_b/Flowers_Syn/117.jpeg,a photo of a holster.
./data/synthetic/synthetic_data_b/Flowers_Syn/118.jpeg,a photo of a English foxhound.
./data/synthetic/synthetic_data_b/Flowers_Syn/119.jpeg,a photo of a eggnog.
./data/synthetic/synthetic_data_b/Flowers_Syn/120.jpeg,a photo of a Dobermann.
./data/synthetic/synthetic_data_b/Flowers_Syn/121.jpeg,a photo of a lotion.
./data/synthetic/synthetic_data_b/Flowers_Syn/122.jpeg,a photo of a motorboat.
./data/synthetic/synthetic_data_b/Flowers_Syn/123.jpeg,a photo of a pot pie.
./data/synthetic/synthetic_data_b/Flowers_Syn/124.jpeg,"a photo of a Acura RL Sedan 2012, a type of car."
./data/synthetic/synthetic_data_b/Flowers_Syn/125.jpeg,a photo of a drumstick.
./data/synthetic/synthetic_data_b/Flowers_Syn/126.jpeg,a photo of a Norwich Terrier.
./data/synthetic/synthetic_data_b/Flowers_Syn/127.jpeg,"a photo of a Bombay, a type of pet."
./data/synthetic/synthetic_data_b/Flowers_Syn/128.jpeg,"a photo of a Ford Focus Sedan 2007, a type of car."
./data/synthetic/synthetic_data_b/Flowers_Syn/129.jpeg,a photo of a shower cap.
./data/synthetic/synthetic_data_b/Flowers_Syn/130.jpeg,a photo of a white-headed capuchin.
./data/synthetic/synthetic_data_b/Flowers_Syn/131.jpeg,a photo of a reflex camera.
./data/synthetic/synthetic_data_b/Flowers_Syn/132.jpeg,a photo of a scoreboard.
./data/synthetic/synthetic_data_b/Flowers_Syn/133.jpeg,a photo of a rain barrel.
./data/synthetic/synthetic_data_b/Flowers_Syn/134.jpeg,a photo of a common squirrel monkey.
./data/synthetic/synthetic_data_b/Flowers_Syn/135.jpeg,a photo of a split-rail fence.
./data/synthetic/synthetic_data_b/Flowers_Syn/136.jpeg,a photo of a coucal.
./data/synthetic/synthetic_data_b/Flowers_Syn/137.jpeg,a photo of a doormat.
./data/synthetic/synthetic_data_b/Flowers_Syn/138.jpeg,a photo of a water tower.
./data/synthetic/synthetic_data_b/Flowers_Syn/139.jpeg,a photo of a fig.
./data/synthetic/synthetic_data_b/Flowers_Syn/140.jpeg,a photo of a doormat.
./data/synthetic/synthetic_data_b/Flowers_Syn/141.jpeg,a photo of a bucket.
./data/synthetic/synthetic_data_b/Flowers_Syn/142.jpeg,a photo of a espresso machine.
./data/synthetic/synthetic_data_b/Flowers_Syn/143.jpeg,"a photo of a Lincoln Town Car Sedan 2011, a type of car."
./data/synthetic/synthetic_data_b/Flowers_Syn/144.jpeg,a photo of a isopod.
./data/synthetic/synthetic_data_b/Flowers_Syn/145.jpeg,a photo of a bee.
./data/synthetic/synthetic_data_b/Flowers_Syn/146.jpeg,a photo of a Standard Schnauzer.
./data/synthetic/synthetic_data_b/Flowers_Syn/147.jpeg,a photo of a Otterhound.
./data/synthetic/synthetic_data_b/Flowers_Syn/148.jpeg,a photo of a parking meter.
./data/synthetic/synthetic_data_b/Flowers_Syn/149.jpeg,"a photo of a Ford Expedition EL SUV 2009, a type of car."
./data/synthetic/synthetic_data_b/Flowers_Syn/150.jpeg,a photo of a tank.
./data/synthetic/synthetic_data_b/Flowers_Syn/151.jpeg,"a photo of a caesar salad, a type of food."
./data/synthetic/synthetic_data_b/Flowers_Syn/152.jpeg,a photo of a bulletproof vest.
./data/synthetic/synthetic_data_b/Flowers_Syn/153.jpeg,"a photo of a Hyundai Sonata Hybrid Sedan 2012, a type of car."
./data/synthetic/synthetic_data_b/Flowers_Syn/154.jpeg,a photo of a crayfish.
./data/synthetic/synthetic_data_b/Flowers_Syn/155.jpeg,a photo of a shovel.
./data/synthetic/synthetic_data_b/Flowers_Syn/156.jpeg,"a photo of a Chevrolet Express Van 2007, a type of car."
./data/synthetic/synthetic_data_b/Flowers_Syn/157.jpeg,a photo of a throne.
./data/synthetic/synthetic_data_b/Flowers_Syn/158.jpeg,"a photo of a Dodge Charger SRT-8 2009, a type of car."
./data/synthetic/synthetic_data_b/Flowers_Syn/159.jpeg,a photo of a cliff.
./data/synthetic/synthetic_data_b/Flowers_Syn/160.jpeg,"a photo of a Porsche Panamera Sedan 2012, a type of car."
./data/synthetic/synthetic_data_b/Flowers_Syn/161.jpeg,a photo of a cassette player.
./data/synthetic/synthetic_data_b/Flowers_Syn/162.jpeg,a photo of a lakeshore.
./data/synthetic/synthetic_data_b/Flowers_Syn/163.jpeg,a photo of a rickshaw.
./data/synthetic/synthetic_data_b/Flowers_Syn/164.jpeg,a photo of a Basset Hound.
./data/synthetic/synthetic_data_b/Flowers_Syn/165.jpeg,a photo of a sombrero.
./data/synthetic/synthetic_data_b/Flowers_Syn/166.jpeg,a photo of a scorpion.
./data/synthetic/synthetic_data_b/Flowers_Syn/167.jpeg,"a photo of a BMW 3 Series Sedan 2012, a type of car."
./data/synthetic/synthetic_data_b/Flowers_Syn/168.jpeg,"a photo of a Nissan Juke Hatchback 2012, a type of car."
./data/synthetic/synthetic_data_b/Flowers_Syn/169.jpeg,"a photo of a Chevrolet Camaro Convertible 2012, a type of car."
./data/synthetic/synthetic_data_b/Flowers_Syn/170.jpeg,"a photo of a Nissan 240SX Coupe 1998, a type of car."
./data/synthetic/synthetic_data_b/Flowers_Syn/171.jpeg,"a photo of a peking duck, a type of food."
./data/synthetic/synthetic_data_b/Flowers_Syn/172.jpeg,a photo of a ladybug.
./data/synthetic/synthetic_data_b/Flowers_Syn/173.jpeg,a photo of a Great Dane.
./data/synthetic/synthetic_data_b/Flowers_Syn/174.jpeg,a photo of a traffic or street sign.
./data/synthetic/synthetic_data_b/Flowers_Syn/175.jpeg,a photo of a arabian camel.
./data/synthetic/synthetic_data_b/Flowers_Syn/176.jpeg,a photo of a wild boar.
./data/synthetic/synthetic_data_b/Flowers_Syn/177.jpeg,a photo of a swimming cap.
./data/synthetic/synthetic_data_b/Flowers_Syn/178.jpeg,a photo of a sturgeon.
./data/synthetic/synthetic_data_b/Flowers_Syn/179.jpeg,a photo of a Samoyed.
./data/synthetic/synthetic_data_b/Flowers_Syn/180.jpeg,a photo of a african grey parrot.
./data/synthetic/synthetic_data_b/Flowers_Syn/181.jpeg,a photo of a semi-trailer truck.
./data/synthetic/synthetic_data_b/Flowers_Syn/182.jpeg,a photo of a Afghan Hound.
./data/synthetic/synthetic_data_b/Flowers_Syn/183.jpeg,a photo of a waffle iron.
./data/synthetic/synthetic_data_b/Flowers_Syn/184.jpeg,a photo of a assault rifle.
./data/synthetic/synthetic_data_b/Flowers_Syn/185.jpeg,"a photo of a seaweed salad, a type of food."
./data/synthetic/synthetic_data_b/Flowers_Syn/186.jpeg,a photo of a ground beetle.
./data/synthetic/synthetic_data_b/Flowers_Syn/187.jpeg,"a photo of a chocolate mousse, a type of food."
./data/synthetic/synthetic_data_b/Flowers_Syn/188.jpeg,a photo of a rotary dial telephone.
./data/synthetic/synthetic_data_b/Flowers_Syn/189.jpeg,a photo of a minibus.
./data/synthetic/synthetic_data_b/Flowers_Syn/190.jpeg,a photo of a American coot.
./data/synthetic/synthetic_data_b/Flowers_Syn/191.jpeg,a photo of a Weimaraner.
./data/synthetic/synthetic_data_b/Flowers_Syn/192.jpeg,a photo of a shower curtain.
./data/synthetic/synthetic_data_b/Flowers_Syn/193.jpeg,"a photo of a Hyundai Azera Sedan 2012, a type of car."
./data/synthetic/synthetic_data_b/Flowers_Syn/194.jpeg,a photo of a spatula.
./data/synthetic/synthetic_data_b/Flowers_Syn/195.jpeg,"a photo of a Hyundai Santa Fe SUV 2012, a type of car."
./data/synthetic/synthetic_data_b/Flowers_Syn/196.jpeg,a photo of a graduation cap.
./data/synthetic/synthetic_data_b/Flowers_Syn/197.jpeg,a photo of a freight car.
./data/synthetic/synthetic_data_b/Flowers_Syn/198.jpeg,"a photo of a Chevrolet Avalanche Crew Cab 2012, a type of car."
./data/synthetic/synthetic_data_b/Flowers_Syn/199.jpeg,a photo of a cauliflower.
./data/synthetic/synthetic_data_b/Flowers_Syn/200.jpeg,a photo of a fire salamander.
./data/synthetic/synthetic_data_b/Flowers_Syn/201.jpeg,"a photo of a pulled pork sandwich, a type of food."
./data/synthetic/synthetic_data_b/Flowers_Syn/202.jpeg,"a photo of a bibimbap, a type of food."
./data/synthetic/synthetic_data_b/Flowers_Syn/203.jpeg,"a photo of a Chevrolet Express Van 2007, a type of car."
./data/synthetic/synthetic_data_b/Flowers_Syn/204.jpeg,a photo of a toaster.
./data/synthetic/synthetic_data_b/Flowers_Syn/205.jpeg,a photo of a Shetland Sheepdog.
./data/synthetic/synthetic_data_b/Flowers_Syn/206.jpeg,a photo of a tape player.
./data/synthetic/synthetic_data_b/Flowers_Syn/207.jpeg,a photo of a rhinoceros beetle.
./data/synthetic/synthetic_data_b/Flowers_Syn/208.jpeg,a photo of a longhorn beetle.
./data/synthetic/synthetic_data_b/Flowers_Syn/209.jpeg,"a photo of a Mercedes-Benz 300-Class Convertible 1993, a type of car."
./data/synthetic/synthetic_data_b/Flowers_Syn/210.jpeg,"a photo of a bread pudding, a type of food."
./data/synthetic/synthetic_data_b/Flowers_Syn/211.jpeg,"a photo of a Volvo 240 Sedan 1993, a type of car."
./data/synthetic/synthetic_data_b/Flowers_Syn/212.jpeg,a photo of a Flat-Coated Retriever.
./data/synthetic/synthetic_data_b/Flowers_Syn/213.jpeg,a photo of a Clumber Spaniel.
./data/synthetic/synthetic_data_b/Flowers_Syn/214.jpeg,"a photo of a Lamborghini Diablo Coupe 2001, a type of car."
./data/synthetic/synthetic_data_b/Flowers_Syn/215.jpeg,a photo of a Curly-coated Retriever.
./data/synthetic/synthetic_data_b/Flowers_Syn/216.jpeg,a photo of a hair spray.
./data/synthetic/synthetic_data_b/Flowers_Syn/217.jpeg,"a photo of a Dodge Charger SRT-8 2009, a type of car."
./data/synthetic/synthetic_data_b/Flowers_Syn/218.jpeg,a photo of a parking meter.
./data/synthetic/synthetic_data_b/Flowers_Syn/219.jpeg,a photo of a sweatshirt.
./data/synthetic/synthetic_data_b/Flowers_Syn/220.jpeg,a photo of a drilling rig.
./data/synthetic/synthetic_data_b/Flowers_Syn/221.jpeg,a photo of a screwdriver.
./data/synthetic/synthetic_data_b/Flowers_Syn/222.jpeg,"a photo of a Staffordshire Bull Terrier, a type of pet."
./data/synthetic/synthetic_data_b/Flowers_Syn/223.jpeg,a photo of a stinkhorn mushroom.
./data/synthetic/synthetic_data_b/Flowers_Syn/224.jpeg,"a photo of a Plymouth Neon Coupe 1999, a type of car."
./data/synthetic/synthetic_data_b/Flowers_Syn/225.jpeg,"a photo of a guacamole, a type of food."
./data/synthetic/synthetic_data_b/Flowers_Syn/226.jpeg,a photo of a tea cup.
./data/synthetic/synthetic_data_b/Flowers_Syn/227.jpeg,a photo of a tarantula.
./data/synthetic/synthetic_data_b/Flowers_Syn/228.jpeg,a photo of a impala (antelope).
./data/synthetic/synthetic_data_b/Flowers_Syn/229.jpeg,a photo of a four-poster bed.
./data/synthetic/synthetic_data_b/Flowers_Syn/230.jpeg,a photo of a stone wall.
./data/synthetic/synthetic_data_b/Flowers_Syn/231.jpeg,a photo of a brown bear.
./data/synthetic/synthetic_data_b/Flowers_Syn/232.jpeg,"a photo of a pad thai, a type of food."
./data/synthetic/synthetic_data_b/Flowers_Syn/233.jpeg,"a photo of a grilled salmon, a type of food."
./data/synthetic/synthetic_data_b/Flowers_Syn/234.jpeg,a photo of a steel drum.
./data/synthetic/synthetic_data_b/Flowers_Syn/235.jpeg,a photo of a centipede.
./data/synthetic/synthetic_data_b/Flowers_Syn/236.jpeg,a photo of a keyboard space bar.
./data/synthetic/synthetic_data_b/Flowers_Syn/237.jpeg,a photo of a neck brace.
./data/synthetic/synthetic_data_b/Flowers_Syn/238.jpeg,a photo of a cello.
./data/synthetic/synthetic_data_b/Flowers_Syn/239.jpeg,a photo of a black swan.
./data/synthetic/synthetic_data_b/Flowers_Syn/240.jpeg,a photo of a coral reef.
./data/synthetic/synthetic_data_b/Flowers_Syn/241.jpeg,a photo of a espresso machine.
./data/synthetic/synthetic_data_b/Flowers_Syn/242.jpeg,a photo of a restaurant.
./data/synthetic/synthetic_data_b/Flowers_Syn/243.jpeg,a photo of a desert grassland whiptail lizard.
./data/synthetic/synthetic_data_b/Flowers_Syn/244.jpeg,a photo of a oxygen mask.
./data/synthetic/synthetic_data_b/Flowers_Syn/245.jpeg,a photo of a laptop computer.
./data/synthetic/synthetic_data_b/Flowers_Syn/246.jpeg,a photo of a messenger bag.
./data/synthetic/synthetic_data_b/Flowers_Syn/247.jpeg,a photo of a golf ball.
./data/synthetic/synthetic_data_b/Flowers_Syn/248.jpeg,"a photo of a Acura ZDX Hatchback 2012, a type of car."
./data/synthetic/synthetic_data_b/Flowers_Syn/249.jpeg,a photo of a Australian Silky Terrier.
./data/synthetic/synthetic_data_b/Flowers_Syn/250.jpeg,a photo of a high-speed train.
./data/synthetic/synthetic_data_b/Flowers_Syn/251.jpeg,a photo of a African wild dog.
./data/synthetic/synthetic_data_b/Flowers_Syn/252.jpeg,a photo of a knee pad.
./data/synthetic/synthetic_data_b/Flowers_Syn/253.jpeg,a photo of a wine bottle.
./data/synthetic/synthetic_data_b/Flowers_Syn/254.jpeg,a photo of a missile.
./data/synthetic/synthetic_data_b/Flowers_Syn/255.jpeg,a photo of a face powder.
./data/synthetic/synthetic_data_b/Flowers_Syn/256.jpeg,a photo of a thatched roof.
./data/synthetic/synthetic_data_b/Flowers_Syn/257.jpeg,"a photo of a french toast, a type of food."
./data/synthetic/synthetic_data_b/Flowers_Syn/258.jpeg,"a photo of a Great Pyrenees, a type of pet."
./data/synthetic/synthetic_data_b/Flowers_Syn/259.jpeg,a photo of a Border Terrier.
./data/synthetic/synthetic_data_b/Flowers_Syn/260.jpeg,a photo of a indri.
./data/synthetic/synthetic_data_b/Flowers_Syn/261.jpeg,a photo of a window screen.
./data/synthetic/synthetic_data_b/Flowers_Syn/262.jpeg,a photo of a bassoon.
./data/synthetic/synthetic_data_b/Flowers_Syn/263.jpeg,a photo of a submarine.
./data/synthetic/synthetic_data_b/Flowers_Syn/264.jpeg,a photo of a agaric.
./data/synthetic/synthetic_data_b/Flowers_Syn/265.jpeg,"a photo of a Chevrolet Traverse SUV 2012, a type of car."
./data/synthetic/synthetic_data_b/Flowers_Syn/266.jpeg,a photo of a rocking chair.
./data/synthetic/synthetic_data_b/Flowers_Syn/267.jpeg,a photo of a sea slug.
./data/synthetic/synthetic_data_b/Flowers_Syn/268.jpeg,"a photo of a Chevrolet Corvette ZR1 2012, a type of car."
./data/synthetic/synthetic_data_b/Flowers_Syn/269.jpeg,a photo of a sulphur butterfly.
./data/synthetic/synthetic_data_b/Flowers_Syn/270.jpeg,a photo of a crane bird.
./data/synthetic/synthetic_data_b/Flowers_Syn/271.jpeg,a photo of a mailbox.
./data/synthetic/synthetic_data_b/Flowers_Syn/272.jpeg,"a photo of a BMW Z4 Convertible 2012, a type of car."
./data/synthetic/synthetic_data_b/Flowers_Syn/273.jpeg,a photo of a stopwatch.
./data/synthetic/synthetic_data_b/Flowers_Syn/274.jpeg,a photo of a red fox.
./data/synthetic/synthetic_data_b/Flowers_Syn/275.jpeg,"a photo of a Chevrolet Silverado 1500 Extended Cab 2012, a type of car."
./data/synthetic/synthetic_data_b/Flowers_Syn/276.jpeg,"a photo of a Mercedes-Benz S-Class Sedan 2012, a type of car."
./data/synthetic/synthetic_data_b/Flowers_Syn/277.jpeg,a photo of a vine snake.
./data/synthetic/synthetic_data_b/Flowers_Syn/278.jpeg,a photo of a llama.
./data/synthetic/synthetic_data_b/Flowers_Syn/279.jpeg,a photo of a sturgeon.
./data/synthetic/synthetic_data_b/Flowers_Syn/280.jpeg,a photo of a apron.
./data/synthetic/synthetic_data_b/Flowers_Syn/281.jpeg,a photo of a Dungeness crab.
./data/synthetic/synthetic_data_b/Flowers_Syn/282.jpeg,a photo of a container ship.
./data/synthetic/synthetic_data_b/Flowers_Syn/283.jpeg,a photo of a eastern diamondback rattlesnake.
./data/synthetic/synthetic_data_b/Flowers_Syn/284.jpeg,a photo of a hot dog.
./data/synthetic/synthetic_data_b/Flowers_Syn/285.jpeg,a photo of a platypus.
./data/synthetic/synthetic_data_b/Flowers_Syn/286.jpeg,a photo of a plant pot.
./data/synthetic/synthetic_data_b/Flowers_Syn/287.jpeg,a photo of a ambulance.
./data/synthetic/synthetic_data_b/Flowers_Syn/288.jpeg,a photo of a forklift.
./data/synthetic/synthetic_data_b/Flowers_Syn/289.jpeg,a photo of a radio.
./data/synthetic/synthetic_data_b/Flowers_Syn/290.jpeg,a photo of a orange.
./data/synthetic/synthetic_data_b/Flowers_Syn/291.jpeg,"a photo of a BMW M5 Sedan 2010, a type of car."
./data/synthetic/synthetic_data_b/Flowers_Syn/292.jpeg,a photo of a space shuttle.
./data/synthetic/synthetic_data_b/Flowers_Syn/293.jpeg,"a photo of the number: ""4 - four""."
./data/synthetic/synthetic_data_b/Flowers_Syn/294.jpeg,a photo of a Basenji.
./data/synthetic/synthetic_data_b/Flowers_Syn/295.jpeg,a photo of a African rock python.
./data/synthetic/synthetic_data_b/Flowers_Syn/296.jpeg,a photo of a china cabinet.
./data/synthetic/synthetic_data_b/Flowers_Syn/297.jpeg,a photo of a restaurant.
./data/synthetic/synthetic_data_b/Flowers_Syn/298.jpeg,"a photo of a Acura RL Sedan 2012, a type of car."
./data/synthetic/synthetic_data_b/Flowers_Syn/299.jpeg,"a photo of a chicken wings, a type of food."
./data/synthetic/synthetic_data_b/Flowers_Syn/300.jpeg,a photo of a shipwreck.
./data/synthetic/synthetic_data_b/Flowers_Syn/301.jpeg,a photo of a armadillo.
./data/synthetic/synthetic_data_b/Flowers_Syn/302.jpeg,a photo of a bubble.
./data/synthetic/synthetic_data_b/Flowers_Syn/303.jpeg,"a photo of a beet salad, a type of food."
./data/synthetic/synthetic_data_b/Flowers_Syn/304.jpeg,"a photo of a Hyundai Veloster Hatchback 2012, a type of car."
./data/synthetic/synthetic_data_b/Flowers_Syn/305.jpeg,a photo of a picket fence.
./data/synthetic/synthetic_data_b/Flowers_Syn/306.jpeg,a photo of a railroad car.
./data/synthetic/synthetic_data_b/Flowers_Syn/307.jpeg,a photo of a porcupine.
./data/synthetic/synthetic_data_b/Flowers_Syn/308.jpeg,a photo of a diaper.
./data/synthetic/synthetic_data_b/Flowers_Syn/309.jpeg,a photo of a Norfolk Terrier.
./data/synthetic/synthetic_data_b/Flowers_Syn/310.jpeg,a photo of a guillotine.
./data/synthetic/synthetic_data_b/Flowers_Syn/311.jpeg,a photo of a kingsnake.
./data/synthetic/synthetic_data_b/Flowers_Syn/312.jpeg,a photo of a shopping cart.
./data/synthetic/synthetic_data_b/Flowers_Syn/313.jpeg,a photo of a tusker.
./data/synthetic/synthetic_data_b/Flowers_Syn/314.jpeg,a photo of a hamster.
./data/synthetic/synthetic_data_b/Flowers_Syn/315.jpeg,"a photo of a Plymouth Neon Coupe 1999, a type of car."
./data/synthetic/synthetic_data_b/Flowers_Syn/316.jpeg,a photo of a beaker.
./data/synthetic/synthetic_data_b/Flowers_Syn/317.jpeg,a photo of a bookcase.
./data/synthetic/synthetic_data_b/Flowers_Syn/318.jpeg,"a photo of a Keeshond, a type of pet."
./data/synthetic/synthetic_data_b/Flowers_Syn/319.jpeg,a photo of a breastplate.
./data/synthetic/synthetic_data_b/Flowers_Syn/320.jpeg,a photo of a barber chair.
./data/synthetic/synthetic_data_b/Flowers_Syn/321.jpeg,a photo of a face powder.
./data/synthetic/synthetic_data_b/Flowers_Syn/322.jpeg,"a photo of a Russian Blue, a type of pet."
./data/synthetic/synthetic_data_b/Flowers_Syn/323.jpeg,a photo of a sunscreen.
./data/synthetic/synthetic_data_b/Flowers_Syn/324.jpeg,"a photo of a Cadillac SRX SUV 2012, a type of car."
./data/synthetic/synthetic_data_b/Flowers_Syn/325.jpeg,a photo of a desert grassland whiptail lizard.
./data/synthetic/synthetic_data_b/Flowers_Syn/326.jpeg,a photo of a magpie.
./data/synthetic/synthetic_data_b/Flowers_Syn/327.jpeg,a photo of a mountain.
./data/synthetic/synthetic_data_b/Flowers_Syn/328.jpeg,a photo of a Alaskan tundra wolf.
./data/synthetic/synthetic_data_b/Flowers_Syn/329.jpeg,"a photo of a Keeshond, a type of pet."
./data/synthetic/synthetic_data_b/Flowers_Syn/330.jpeg,a photo of a arabian camel.
./data/synthetic/synthetic_data_b/Flowers_Syn/331.jpeg,"a photo of a escargots, a type of food."
./data/synthetic/synthetic_data_b/Flowers_Syn/332.jpeg,a photo of a jay.
./data/synthetic/synthetic_data_b/Flowers_Syn/333.jpeg,a photo of a brass memorial plaque.
./data/synthetic/synthetic_data_b/Flowers_Syn/334.jpeg,a photo of a cradle.
./data/synthetic/synthetic_data_b/Flowers_Syn/335.jpeg,"a photo of a grilled cheese sandwich, a type of food."
./data/synthetic/synthetic_data_b/Flowers_Syn/336.jpeg,a photo of a lifeboat.
./data/synthetic/synthetic_data_b/Flowers_Syn/337.jpeg,"a photo of a British Shorthair, a type of pet."
./data/synthetic/synthetic_data_b/Flowers_Syn/338.jpeg,a photo of a fountain pen.
./data/synthetic/synthetic_data_b/Flowers_Syn/339.jpeg,a photo of a semi-trailer truck.
./data/synthetic/synthetic_data_b/Flowers_Syn/340.jpeg,a photo of a safe.
./data/synthetic/synthetic_data_b/Flowers_Syn/341.jpeg,a photo of a plectrum.
./data/synthetic/synthetic_data_b/Flowers_Syn/342.jpeg,a photo of a spaghetti squash.
./data/synthetic/synthetic_data_b/Flowers_Syn/343.jpeg,a photo of a cradle.
./data/synthetic/synthetic_data_b/Flowers_Syn/344.jpeg,a photo of a ring binder.
./data/synthetic/synthetic_data_b/Flowers_Syn/345.jpeg,a photo of a jackfruit.
./data/synthetic/synthetic_data_b/Flowers_Syn/346.jpeg,a photo of a ladle.
./data/synthetic/synthetic_data_b/Flowers_Syn/347.jpeg,"a photo of a Chevrolet Malibu Hybrid Sedan 2010, a type of car."
./data/synthetic/synthetic_data_b/Flowers_Syn/348.jpeg,"a photo of a ramen, a type of food."
./data/synthetic/synthetic_data_b/Flowers_Syn/349.jpeg,a photo of a spatula.
./data/synthetic/synthetic_data_b/Flowers_Syn/350.jpeg,"a photo of a baby back ribs, a type of food."
./data/synthetic/synthetic_data_b/Flowers_Syn/351.jpeg,a photo of a Chesapeake Bay Retriever.
./data/synthetic/synthetic_data_b/Flowers_Syn/352.jpeg,a photo of a American robin.
./data/synthetic/synthetic_data_b/Flowers_Syn/353.jpeg,"a photo of a Buick Rainier SUV 2007, a type of car."
./data/synthetic/synthetic_data_b/Flowers_Syn/354.jpeg,a photo of a rotisserie.
./data/synthetic/synthetic_data_b/Flowers_Syn/355.jpeg,"a photo of a Lamborghini Reventon Coupe 2008, a type of car."
./data/synthetic/synthetic_data_b/Flowers_Syn/356.jpeg,"a photo of a Keeshond, a type of pet."
./data/synthetic/synthetic_data_b/Flowers_Syn/357.jpeg,"a photo of a chicken wings, a type of food."
./data/synthetic/synthetic_data_b/Flowers_Syn/358.jpeg,"a photo of a guacamole, a type of food."
./data/synthetic/synthetic_data_b/Flowers_Syn/359.jpeg,a photo of a gown.
./data/synthetic/synthetic_data_b/Flowers_Syn/360.jpeg,a photo of a jigsaw puzzle.
./data/synthetic/synthetic_data_b/Flowers_Syn/361.jpeg,a photo of a Irish Water Spaniel.
./data/synthetic/synthetic_data_b/Flowers_Syn/362.jpeg,a photo of a yellow lady's slipper.
./data/synthetic/synthetic_data_b/Flowers_Syn/363.jpeg,a photo of a flamingo.
./data/synthetic/synthetic_data_b/Flowers_Syn/364.jpeg,a photo of a oscilloscope.
./data/synthetic/synthetic_data_b/Flowers_Syn/365.jpeg,a photo of a French horn.
./data/synthetic/synthetic_data_b/Flowers_Syn/366.jpeg,"a photo of a Beagle, a type of pet."
./data/synthetic/synthetic_data_b/Flowers_Syn/367.jpeg,a photo of a moped.
./data/synthetic/synthetic_data_b/Flowers_Syn/368.jpeg,a photo of a frying pan.
./data/synthetic/synthetic_data_b/Flowers_Syn/369.jpeg,a photo of a dishwasher.
./data/synthetic/synthetic_data_b/Flowers_Syn/370.jpeg,"a photo of a Yorkshire Terrier, a type of pet."
./data/synthetic/synthetic_data_b/Flowers_Syn/371.jpeg,"a photo of a Russian Blue, a type of pet."
./data/synthetic/synthetic_data_b/Flowers_Syn/372.jpeg,a photo of a jigsaw puzzle.
./data/synthetic/synthetic_data_b/Flowers_Syn/373.jpeg,a photo of a Asian elephant.
./data/synthetic/synthetic_data_b/Flowers_Syn/374.jpeg,a photo of a weevil.
./data/synthetic/synthetic_data_b/Flowers_Syn/375.jpeg,"a photo of a Chevrolet HHR SS 2010, a type of car."
./data/synthetic/synthetic_data_b/Flowers_Syn/376.jpeg,a photo of a storage chest.
./data/synthetic/synthetic_data_b/Flowers_Syn/377.jpeg,a photo of a chiton.
./data/synthetic/synthetic_data_b/Flowers_Syn/378.jpeg,"a photo of a dumplings, a type of food."
./data/synthetic/synthetic_data_b/Flowers_Syn/379.jpeg,a photo of a stove.
./data/synthetic/synthetic_data_b/Flowers_Syn/380.jpeg,a photo of a minibus.
./data/synthetic/synthetic_data_b/Flowers_Syn/381.jpeg,a photo of a cougar.
./data/synthetic/synthetic_data_b/Flowers_Syn/382.jpeg,a photo of a worm snake.
./data/synthetic/synthetic_data_b/Flowers_Syn/383.jpeg,"a photo of a Wheaten Terrier, a type of pet."
./data/synthetic/synthetic_data_b/Flowers_Syn/384.jpeg,"a photo of a Audi TT Hatchback 2011, a type of car."
./data/synthetic/synthetic_data_b/Flowers_Syn/385.jpeg,a photo of a iPod.
./data/synthetic/synthetic_data_b/Flowers_Syn/386.jpeg,a photo of a digital watch.
./data/synthetic/synthetic_data_b/Flowers_Syn/387.jpeg,a photo of a throne.
./data/synthetic/synthetic_data_b/Flowers_Syn/388.jpeg,a photo of a strainer.
./data/synthetic/synthetic_data_b/Flowers_Syn/389.jpeg,a photo of a ski.
./data/synthetic/synthetic_data_b/Flowers_Syn/390.jpeg,a photo of a yellow garden spider.
./data/synthetic/synthetic_data_b/Flowers_Syn/391.jpeg,"a photo of a Volvo XC90 SUV 2007, a type of car."
./data/synthetic/synthetic_data_b/Flowers_Syn/392.jpeg,"a photo of a Plymouth Neon Coupe 1999, a type of car."
./data/synthetic/synthetic_data_b/Flowers_Syn/393.jpeg,a photo of a giant panda.
./data/synthetic/synthetic_data_b/Flowers_Syn/394.jpeg,a photo of a parallel bars.
./data/synthetic/synthetic_data_b/Flowers_Syn/395.jpeg,a photo of a bottle cap.
./data/synthetic/synthetic_data_b/Flowers_Syn/396.jpeg,"a photo of a Dodge Durango SUV 2007, a type of car."
./data/synthetic/synthetic_data_b/Flowers_Syn/397.jpeg,"a photo of a Abyssinian, a type of pet."
./data/synthetic/synthetic_data_b/Flowers_Syn/398.jpeg,a photo of a geyser.
./data/synthetic/synthetic_data_b/Flowers_Syn/399.jpeg,a photo of a police van.
./data/synthetic/synthetic_data_b/Flowers_Syn/400.jpeg,"a photo of a Bentley Continental Supersports Conv. Convertible 2012, a type of car."
./data/synthetic/synthetic_data_b/Flowers_Syn/401.jpeg,a photo of a kimono.
./data/synthetic/synthetic_data_b/Flowers_Syn/402.jpeg,a photo of a ram (adult male sheep).
./data/synthetic/synthetic_data_b/Flowers_Syn/403.jpeg,"a photo of a Jaguar XK XKR 2012, a type of car."
./data/synthetic/synthetic_data_b/Flowers_Syn/404.jpeg,a photo of a guenon.
./data/synthetic/synthetic_data_b/Flowers_Syn/405.jpeg,a photo of a hoop skirt.
./data/synthetic/synthetic_data_b/Flowers_Syn/406.jpeg,a photo of a Scottish Terrier.
./data/synthetic/synthetic_data_b/Flowers_Syn/407.jpeg,a photo of a pot pie.
./data/synthetic/synthetic_data_b/Flowers_Syn/408.jpeg,a photo of a brussels griffon.
./data/synthetic/synthetic_data_b/Flowers_Syn/409.jpeg,a photo of a diaper.
./data/synthetic/synthetic_data_b/Flowers_Syn/410.jpeg,"a photo of a Jeep Patriot SUV 2012, a type of car."
./data/synthetic/synthetic_data_b/Flowers_Syn/411.jpeg,a photo of a langur.
./data/synthetic/synthetic_data_b/Flowers_Syn/412.jpeg,a photo of a pipe organ.
./data/synthetic/synthetic_data_b/Flowers_Syn/413.jpeg,"a photo of a Sphynx, a type of pet."
./data/synthetic/synthetic_data_b/Flowers_Syn/414.jpeg,a photo of a Border Terrier.
./data/synthetic/synthetic_data_b/Flowers_Syn/415.jpeg,a photo of a bottle cap.
./data/synthetic/synthetic_data_b/Flowers_Syn/416.jpeg,a photo of a planetarium.
./data/synthetic/synthetic_data_b/Flowers_Syn/417.jpeg,a photo of a bow tie.
./data/synthetic/synthetic_data_b/Flowers_Syn/418.jpeg,a photo of a ocean liner.
./data/synthetic/synthetic_data_b/Flowers_Syn/419.jpeg,a photo of a toilet seat.
./data/synthetic/synthetic_data_b/Flowers_Syn/420.jpeg,a photo of a neck brace.
./data/synthetic/synthetic_data_b/Flowers_Syn/421.jpeg,a photo of a remote control.
./data/synthetic/synthetic_data_b/Flowers_Syn/422.jpeg,a photo of a dishcloth.
./data/synthetic/synthetic_data_b/Flowers_Syn/423.jpeg,"a photo of a beef carpaccio, a type of food."
./data/synthetic/synthetic_data_b/Flowers_Syn/424.jpeg,a photo of a gymnastic horizontal bar.
./data/synthetic/synthetic_data_b/Flowers_Syn/425.jpeg,a photo of a strawberry.
./data/synthetic/synthetic_data_b/Flowers_Syn/426.jpeg,a photo of a Entlebucher Sennenhund.
./data/synthetic/synthetic_data_b/Flowers_Syn/427.jpeg,a photo of a pizza.
./data/synthetic/synthetic_data_b/Flowers_Syn/428.jpeg,a photo of a brain coral.
./data/synthetic/synthetic_data_b/Flowers_Syn/429.jpeg,"a photo of the number: ""2 - two""."
./data/synthetic/synthetic_data_b/Flowers_Syn/430.jpeg,"a photo of a smart fortwo Convertible 2012, a type of car."
./data/synthetic/synthetic_data_b/Flowers_Syn/431.jpeg,"a photo of a Toyota 4Runner SUV 2012, a type of car."
./data/synthetic/synthetic_data_b/Flowers_Syn/432.jpeg,"a photo of a pho, a type of food."
./data/synthetic/synthetic_data_b/Flowers_Syn/433.jpeg,a photo of a king penguin.
./data/synthetic/synthetic_data_b/Flowers_Syn/434.jpeg,a photo of a espresso.
./data/synthetic/synthetic_data_b/Flowers_Syn/435.jpeg,a photo of a abacus.
./data/synthetic/synthetic_data_b/Flowers_Syn/436.jpeg,"a photo of a Audi TT RS Coupe 2012, a type of car."
./data/synthetic/synthetic_data_b/Flowers_Syn/437.jpeg,a photo of a French Bulldog.
./data/synthetic/synthetic_data_b/Flowers_Syn/438.jpeg,a photo of a scoreboard.
./data/synthetic/synthetic_data_b/Flowers_Syn/439.jpeg,"a photo of a Dodge Ram Pickup 3500 Crew Cab 2010, a type of car."
./data/synthetic/synthetic_data_b/Flowers_Syn/440.jpeg,a photo of a jigsaw puzzle.
./data/synthetic/synthetic_data_b/Flowers_Syn/441.jpeg,a photo of a table lamp.
./data/synthetic/synthetic_data_b/Flowers_Syn/442.jpeg,a photo of a flatworm.
./data/synthetic/synthetic_data_b/Flowers_Syn/443.jpeg,a photo of a fly.
./data/synthetic/synthetic_data_b/Flowers_Syn/444.jpeg,a photo of a tabby cat.
./data/synthetic/synthetic_data_b/Flowers_Syn/445.jpeg,a photo of a apiary.
./data/synthetic/synthetic_data_b/Flowers_Syn/446.jpeg,a photo of a parachute.
./data/synthetic/synthetic_data_b/Flowers_Syn/447.jpeg,a photo of a sunscreen.
./data/synthetic/synthetic_data_b/Flowers_Syn/448.jpeg,"a photo of a Mitsubishi Lancer Sedan 2012, a type of car."
./data/synthetic/synthetic_data_b/Flowers_Syn/449.jpeg,a photo of a broccoli.
./data/synthetic/synthetic_data_b/Flowers_Syn/450.jpeg,a photo of a cheetah.
./data/synthetic/synthetic_data_b/Flowers_Syn/451.jpeg,a photo of a measuring cup.
./data/synthetic/synthetic_data_b/Flowers_Syn/452.jpeg,a photo of a siamang.
./data/synthetic/synthetic_data_b/Flowers_Syn/453.jpeg,a photo of a Black and Tan Coonhound.
./data/synthetic/synthetic_data_b/Flowers_Syn/454.jpeg,a photo of a corn cob.
./data/synthetic/synthetic_data_b/Flowers_Syn/455.jpeg,a photo of a notebook computer.
./data/synthetic/synthetic_data_b/Flowers_Syn/456.jpeg,"a photo of a tacos, a type of food."
./data/synthetic/synthetic_data_b/Flowers_Syn/457.jpeg,a photo of a badger.
./data/synthetic/synthetic_data_b/Flowers_Syn/458.jpeg,a photo of a maraca.
./data/synthetic/synthetic_data_b/Flowers_Syn/459.jpeg,"a photo of the number: ""2 - two""."
./data/synthetic/synthetic_data_b/Flowers_Syn/460.jpeg,a photo of a Dungeness crab.
./data/synthetic/synthetic_data_b/Flowers_Syn/461.jpeg,a photo of a ostrich.
./data/synthetic/synthetic_data_b/Flowers_Syn/462.jpeg,a photo of a consomme.
./data/synthetic/synthetic_data_b/Flowers_Syn/463.jpeg,a photo of a football helmet.
./data/synthetic/synthetic_data_b/Flowers_Syn/464.jpeg,a photo of a wheelbarrow.
./data/synthetic/synthetic_data_b/Flowers_Syn/465.jpeg,a photo of a ox.
./data/synthetic/synthetic_data_b/Flowers_Syn/466.jpeg,"a photo of a Suzuki Aerio Sedan 2007, a type of car."
./data/synthetic/synthetic_data_b/Flowers_Syn/467.jpeg,a photo of a small white butterfly.
./data/synthetic/synthetic_data_b/Flowers_Syn/468.jpeg,"a photo of a Acura TL Sedan 2012, a type of car."
./data/synthetic/synthetic_data_b/Flowers_Syn/469.jpeg,a photo of a American Staffordshire Terrier.
./data/synthetic/synthetic_data_b/Flowers_Syn/470.jpeg,a photo of a Toy Poodle.
./data/synthetic/synthetic_data_b/Flowers_Syn/471.jpeg,"a photo of a macaroni and cheese, a type of food."
./data/synthetic/synthetic_data_b/Flowers_Syn/472.jpeg,a photo of a viaduct.
./data/synthetic/synthetic_data_b/Flowers_Syn/473.jpeg,"a photo of the number: ""0 - zero""."
./data/synthetic/synthetic_data_b/Flowers_Syn/474.jpeg,a photo of a umbrella.
./data/synthetic/synthetic_data_b/Flowers_Syn/475.jpeg,a photo of a stopwatch.
./data/synthetic/synthetic_data_b/Flowers_Syn/476.jpeg,a photo of a typewriter keyboard.
./data/synthetic/synthetic_data_b/Flowers_Syn/477.jpeg,a photo of a sandbar.
./data/synthetic/synthetic_data_b/Flowers_Syn/478.jpeg,a photo of a seat belt.
./data/synthetic/synthetic_data_b/Flowers_Syn/479.jpeg,a photo of a ostrich.
./data/synthetic/synthetic_data_b/Flowers_Syn/480.jpeg,a photo of a wolf spider.
./data/synthetic/synthetic_data_b/Flowers_Syn/481.jpeg,"a photo of a Dodge Durango SUV 2012, a type of car."
./data/synthetic/synthetic_data_b/Flowers_Syn/482.jpeg,a photo of a amphibious vehicle.
./data/synthetic/synthetic_data_b/Flowers_Syn/483.jpeg,a photo of a rifle.
./data/synthetic/synthetic_data_b/Flowers_Syn/484.jpeg,a photo of a spotted salamander.
./data/synthetic/synthetic_data_b/Flowers_Syn/485.jpeg,a photo of a mixing bowl.
./data/synthetic/synthetic_data_b/Flowers_Syn/486.jpeg,"a photo of a Dodge Sprinter Cargo Van 2009, a type of car."
./data/synthetic/synthetic_data_b/Flowers_Syn/487.jpeg,a photo of a eel.
./data/synthetic/synthetic_data_b/Flowers_Syn/488.jpeg,a photo of a terrapin.
./data/synthetic/synthetic_data_b/Flowers_Syn/489.jpeg,a photo of a hen.
./data/synthetic/synthetic_data_b/Flowers_Syn/490.jpeg,"a photo of a scallops, a type of food."
./data/synthetic/synthetic_data_b/Flowers_Syn/491.jpeg,a photo of a candy store.
./data/synthetic/synthetic_data_b/Flowers_Syn/492.jpeg,a photo of a bucket.
./data/synthetic/synthetic_data_b/Flowers_Syn/493.jpeg,a photo of a railroad car.
./data/synthetic/synthetic_data_b/Flowers_Syn/494.jpeg,a photo of a one-piece bathing suit.
./data/synthetic/synthetic_data_b/Flowers_Syn/495.jpeg,a photo of a Cardigan Welsh Corgi.
./data/synthetic/synthetic_data_b/Flowers_Syn/496.jpeg,a photo of a German Shorthaired Pointer.
./data/synthetic/synthetic_data_b/Flowers_Syn/497.jpeg,a photo of a seat belt.
./data/synthetic/synthetic_data_b/Flowers_Syn/498.jpeg,"a photo of a BMW 6 Series Convertible 2007, a type of car."
./data/synthetic/synthetic_data_b/Flowers_Syn/499.jpeg,"a photo of a breakfast burrito, a type of food."
./data/synthetic/synthetic_data_b/Flowers_Syn/500.jpeg,a photo of a lighter.
./data/synthetic/synthetic_data_b/Flowers_Syn/501.jpeg,a photo of a wild boar.
./data/synthetic/synthetic_data_b/Flowers_Syn/502.jpeg,a photo of a bittern bird.
./data/synthetic/synthetic_data_b/Flowers_Syn/503.jpeg,a photo of a hornbill.
./data/synthetic/synthetic_data_b/Flowers_Syn/504.jpeg,a photo of a T-shirt.
./data/synthetic/synthetic_data_b/Flowers_Syn/505.jpeg,a photo of a combine harvester.
./data/synthetic/synthetic_data_b/Flowers_Syn/506.jpeg,a photo of a cheeseburger.
./data/synthetic/synthetic_data_b/Flowers_Syn/507.jpeg,"a photo of a Chevrolet Cobalt SS 2010, a type of car."
./data/synthetic/synthetic_data_b/Flowers_Syn/508.jpeg,"a photo of a club sandwich, a type of food."
./data/synthetic/synthetic_data_b/Flowers_Syn/509.jpeg,"a photo of a Chevrolet Silverado 1500 Extended Cab 2012, a type of car."
./data/synthetic/synthetic_data_b/Flowers_Syn/510.jpeg,a photo of a oxygen mask.
./data/synthetic/synthetic_data_b/Flowers_Syn/511.jpeg,a photo of a viaduct.
./data/synthetic/synthetic_data_b/Flowers_Syn/512.jpeg,a photo of a dhole.
./data/synthetic/synthetic_data_b/Flowers_Syn/513.jpeg,a photo of a parachute.
./data/synthetic/synthetic_data_b/Flowers_Syn/514.jpeg,"a photo of a Acura TL Type-S 2008, a type of car."
./data/synthetic/synthetic_data_b/Flowers_Syn/515.jpeg,a photo of a poncho.
./data/synthetic/synthetic_data_b/Flowers_Syn/516.jpeg,a photo of a Asian elephant.
./data/synthetic/synthetic_data_b/Flowers_Syn/517.jpeg,a photo of a beaver.
./data/synthetic/synthetic_data_b/Flowers_Syn/518.jpeg,a photo of a stopwatch.
./data/synthetic/synthetic_data_b/Flowers_Syn/519.jpeg,a photo of a green iguana.
./data/synthetic/synthetic_data_b/Flowers_Syn/520.jpeg,a photo of a butcher shop.
./data/synthetic/synthetic_data_b/Flowers_Syn/521.jpeg,a photo of a bra.
./data/synthetic/synthetic_data_b/Flowers_Syn/522.jpeg,a photo of a Mexican hairless dog (xoloitzcuintli).
./data/synthetic/synthetic_data_b/Flowers_Syn/523.jpeg,a photo of a bassoon.
./data/synthetic/synthetic_data_b/Flowers_Syn/524.jpeg,a photo of a alligator lizard.
./data/synthetic/synthetic_data_b/Flowers_Syn/525.jpeg,"a photo of a caesar salad, a type of food."
./data/synthetic/synthetic_data_b/Flowers_Syn/526.jpeg,"a photo of a BMW M3 Coupe 2012, a type of car."
./data/synthetic/synthetic_data_b/Flowers_Syn/527.jpeg,a photo of a water buffalo.
./data/synthetic/synthetic_data_b/Flowers_Syn/528.jpeg,a photo of a Affenpinscher.
./data/synthetic/synthetic_data_b/Flowers_Syn/529.jpeg,a photo of a quilt.
./data/synthetic/synthetic_data_b/Flowers_Syn/530.jpeg,"a photo of a Pug, a type of pet."
./data/synthetic/synthetic_data_b/Flowers_Syn/531.jpeg,a photo of a tarantula.
./data/synthetic/synthetic_data_b/Flowers_Syn/532.jpeg,a photo of a rugby ball.
./data/synthetic/synthetic_data_b/Flowers_Syn/533.jpeg,"a photo of a Beagle, a type of pet."
./data/synthetic/synthetic_data_b/Flowers_Syn/534.jpeg,a photo of a crutch.
./data/synthetic/synthetic_data_b/Flowers_Syn/535.jpeg,"a photo of a Dodge Charger Sedan 2012, a type of car."
./data/synthetic/synthetic_data_b/Flowers_Syn/536.jpeg,"a photo of a pulled pork sandwich, a type of food."
./data/synthetic/synthetic_data_b/Flowers_Syn/537.jpeg,a photo of a goose.
./data/synthetic/synthetic_data_b/Flowers_Syn/538.jpeg,"a photo of a chicken wings, a type of food."
./data/synthetic/synthetic_data_b/Flowers_Syn/539.jpeg,a photo of a red-breasted merganser.
./data/synthetic/synthetic_data_b/Flowers_Syn/540.jpeg,a photo of a Irish Water Spaniel.
./data/synthetic/synthetic_data_b/Flowers_Syn/541.jpeg,"a photo of a Shiba Inu, a type of pet."
./data/synthetic/synthetic_data_b/Flowers_Syn/542.jpeg,a photo of a Carolina anole.
./data/synthetic/synthetic_data_b/Flowers_Syn/543.jpeg,a photo of a red-breasted merganser.
./data/synthetic/synthetic_data_b/Flowers_Syn/544.jpeg,a photo of a Miniature Pinscher.
./data/synthetic/synthetic_data_b/Flowers_Syn/545.jpeg,a photo of a thatched roof.
./data/synthetic/synthetic_data_b/Flowers_Syn/546.jpeg,a photo of a wok.
./data/synthetic/synthetic_data_b/Flowers_Syn/547.jpeg,a photo of a weighing scale.
./data/synthetic/synthetic_data_b/Flowers_Syn/548.jpeg,a photo of a Basenji.
./data/synthetic/synthetic_data_b/Flowers_Syn/549.jpeg,"a photo of a GMC Acadia SUV 2012, a type of car."
./data/synthetic/synthetic_data_b/Flowers_Syn/550.jpeg,a photo of a construction crane.
./data/synthetic/synthetic_data_b/Flowers_Syn/551.jpeg,a photo of a bubble.
./data/synthetic/synthetic_data_b/Flowers_Syn/552.jpeg,a photo of a stick insect.
./data/synthetic/synthetic_data_b/Flowers_Syn/553.jpeg,a photo of a banjo.
./data/synthetic/synthetic_data_b/Flowers_Syn/554.jpeg,"a photo of a strawberry shortcake, a type of food."
./data/synthetic/synthetic_data_b/Flowers_Syn/555.jpeg,a photo of a chickadee.
./data/synthetic/synthetic_data_b/Flowers_Syn/556.jpeg,a photo of a knot.
./data/synthetic/synthetic_data_b/Flowers_Syn/557.jpeg,a photo of a toilet seat.
./data/synthetic/synthetic_data_b/Flowers_Syn/558.jpeg,a photo of a Curly-coated Retriever.
./data/synthetic/synthetic_data_b/Flowers_Syn/559.jpeg,"a photo of a Chevrolet Cobalt SS 2010, a type of car."
./data/synthetic/synthetic_data_b/Flowers_Syn/560.jpeg,a photo of a feather boa.
./data/synthetic/synthetic_data_b/Flowers_Syn/561.jpeg,"a photo of a prime rib, a type of food."
./data/synthetic/synthetic_data_b/Flowers_Syn/562.jpeg,"a photo of a fried rice, a type of food."
./data/synthetic/synthetic_data_b/Flowers_Syn/563.jpeg,a photo of a grey fox.
./data/synthetic/synthetic_data_b/Flowers_Syn/564.jpeg,a photo of a throne.
./data/synthetic/synthetic_data_b/Flowers_Syn/565.jpeg,a photo of a Gordon Setter.
./data/synthetic/synthetic_data_b/Flowers_Syn/566.jpeg,"a photo of a Buick Rainier SUV 2007, a type of car."
./data/synthetic/synthetic_data_b/Flowers_Syn/567.jpeg,"a photo of a oysters, a type of food."
./data/synthetic/synthetic_data_b/Flowers_Syn/568.jpeg,a photo of a Entlebucher Sennenhund.
./data/synthetic/synthetic_data_b/Flowers_Syn/569.jpeg,a photo of a gown.
./data/synthetic/synthetic_data_b/Flowers_Syn/570.jpeg,a photo of a Bouvier des Flandres dog.
./data/synthetic/synthetic_data_b/Flowers_Syn/571.jpeg,a photo of a English Springer Spaniel.
./data/synthetic/synthetic_data_b/Flowers_Syn/572.jpeg,"a photo of a Audi S6 Sedan 2011, a type of car."
./data/synthetic/synthetic_data_b/Flowers_Syn/573.jpeg,a photo of a altar.
./data/synthetic/synthetic_data_b/Flowers_Syn/574.jpeg,"a photo of a guacamole, a type of food."
./data/synthetic/synthetic_data_b/Flowers_Syn/575.jpeg,a photo of a analog clock.
./data/synthetic/synthetic_data_b/Flowers_Syn/576.jpeg,a photo of a dome.
./data/synthetic/synthetic_data_b/Flowers_Syn/577.jpeg,"a photo of a Chevrolet Monte Carlo Coupe 2007, a type of car."
./data/synthetic/synthetic_data_b/Flowers_Syn/578.jpeg,a photo of a assault rifle.
./data/synthetic/synthetic_data_b/Flowers_Syn/579.jpeg,a photo of a pole.
./data/synthetic/synthetic_data_b/Flowers_Syn/580.jpeg,a photo of a suspension bridge.
./data/synthetic/synthetic_data_b/Flowers_Syn/581.jpeg,a photo of a hourglass.
./data/synthetic/synthetic_data_b/Flowers_Syn/582.jpeg,a photo of a sea urchin.
./data/synthetic/synthetic_data_b/Flowers_Syn/583.jpeg,a photo of a black grouse.
./data/synthetic/synthetic_data_b/Flowers_Syn/584.jpeg,"a photo of a Geo Metro Convertible 1993, a type of car."
./data/synthetic/synthetic_data_b/Flowers_Syn/585.jpeg,"a photo of a Audi 100 Sedan 1994, a type of car."
./data/synthetic/synthetic_data_b/Flowers_Syn/586.jpeg,a photo of a barn.
./data/synthetic/synthetic_data_b/Flowers_Syn/587.jpeg,a photo of a rapeseed.
./data/synthetic/synthetic_data_b/Flowers_Syn/588.jpeg,a photo of a metal nail.
./data/synthetic/synthetic_data_b/Flowers_Syn/589.jpeg,a photo of a automated teller machine.
./data/synthetic/synthetic_data_b/Flowers_Syn/590.jpeg,a photo of a electric ray.
./data/synthetic/synthetic_data_b/Flowers_Syn/591.jpeg,a photo of a smooth newt.
./data/synthetic/synthetic_data_b/Flowers_Syn/592.jpeg,a photo of a Border Terrier.
./data/synthetic/synthetic_data_b/Flowers_Syn/593.jpeg,a photo of a Briard.
./data/synthetic/synthetic_data_b/Flowers_Syn/594.jpeg,"a photo of a Rolls-Royce Ghost Sedan 2012, a type of car."
./data/synthetic/synthetic_data_b/Flowers_Syn/595.jpeg,"a photo of a Audi RS 4 Convertible 2008, a type of car."
./data/synthetic/synthetic_data_b/Flowers_Syn/596.jpeg,a photo of a dung beetle.
./data/synthetic/synthetic_data_b/Flowers_Syn/597.jpeg,a photo of a Irish Terrier.
./data/synthetic/synthetic_data_b/Flowers_Syn/598.jpeg,"a photo of a Buick Rainier SUV 2007, a type of car."
./data/synthetic/synthetic_data_b/Flowers_Syn/599.jpeg,a photo of a Maltese.
./data/synthetic/synthetic_data_b/Flowers_Syn/600.jpeg,a photo of a Golden Retriever.
./data/synthetic/synthetic_data_b/Flowers_Syn/601.jpeg,a photo of a cuirass.
./data/synthetic/synthetic_data_b/Flowers_Syn/602.jpeg,"a photo of a English Cocker Spaniel, a type of pet."
./data/synthetic/synthetic_data_b/Flowers_Syn/603.jpeg,a photo of a can opener.
./data/synthetic/synthetic_data_b/Flowers_Syn/604.jpeg,a photo of a mashed potatoes.
./data/synthetic/synthetic_data_b/Flowers_Syn/605.jpeg,a photo of a clothes iron.
./data/synthetic/synthetic_data_b/Flowers_Syn/606.jpeg,a photo of a drilling rig.
./data/synthetic/synthetic_data_b/Flowers_Syn/607.jpeg,a photo of a orange.
./data/synthetic/synthetic_data_b/Flowers_Syn/608.jpeg,a photo of a echidna.
./data/synthetic/synthetic_data_b/Flowers_Syn/609.jpeg,a photo of a Lhasa Apso.
./data/synthetic/synthetic_data_b/Flowers_Syn/610.jpeg,a photo of a mink.
./data/synthetic/synthetic_data_b/Flowers_Syn/611.jpeg,a photo of a black grouse.
./data/synthetic/synthetic_data_b/Flowers_Syn/612.jpeg,a photo of a combine harvester.
./data/synthetic/synthetic_data_b/Flowers_Syn/613.jpeg,a photo of a soda bottle.
./data/synthetic/synthetic_data_b/Flowers_Syn/614.jpeg,a photo of a manhole cover.
./data/synthetic/synthetic_data_b/Flowers_Syn/615.jpeg,a photo of a tripod.
./data/synthetic/synthetic_data_b/Flowers_Syn/616.jpeg,a photo of a Miniature Pinscher.
./data/synthetic/synthetic_data_b/Flowers_Syn/617.jpeg,a photo of a Dandie Dinmont Terrier.
./data/synthetic/synthetic_data_b/Flowers_Syn/618.jpeg,a photo of a hornbill.
./data/synthetic/synthetic_data_b/Flowers_Syn/619.jpeg,a photo of a chickadee.
./data/synthetic/synthetic_data_b/Flowers_Syn/620.jpeg,a photo of a Persian cat.
./data/synthetic/synthetic_data_b/Flowers_Syn/621.jpeg,"a photo of a Keeshond, a type of pet."
./data/synthetic/synthetic_data_b/Flowers_Syn/622.jpeg,a photo of a bighorn sheep.
./data/synthetic/synthetic_data_b/Flowers_Syn/623.jpeg,a photo of a computer mouse.
./data/synthetic/synthetic_data_b/Flowers_Syn/624.jpeg,a photo of a Polaroid camera.
./data/synthetic/synthetic_data_b/Flowers_Syn/625.jpeg,a photo of a sink.
./data/synthetic/synthetic_data_b/Flowers_Syn/626.jpeg,"a photo of a pork chop, a type of food."
./data/synthetic/synthetic_data_b/Flowers_Syn/627.jpeg,a photo of a envelope.
./data/synthetic/synthetic_data_b/Flowers_Syn/628.jpeg,a photo of a Sealyham Terrier.
./data/synthetic/synthetic_data_b/Flowers_Syn/629.jpeg,a photo of a revolver.
./data/synthetic/synthetic_data_b/Flowers_Syn/630.jpeg,a photo of a parachute.
./data/synthetic/synthetic_data_b/Flowers_Syn/631.jpeg,a photo of a langur.
./data/synthetic/synthetic_data_b/Flowers_Syn/632.jpeg,a photo of a Bouvier des Flandres dog.
./data/synthetic/synthetic_data_b/Flowers_Syn/633.jpeg,a photo of a steam locomotive.
./data/synthetic/synthetic_data_b/Flowers_Syn/634.jpeg,a photo of a stage.
./data/synthetic/synthetic_data_b/Flowers_Syn/635.jpeg,a photo of a hot dog.
./data/synthetic/synthetic_data_b/Flowers_Syn/636.jpeg,a photo of a fire screen.
./data/synthetic/synthetic_data_b/Flowers_Syn/637.jpeg,a photo of a shoji screen / room divider.
./data/synthetic/synthetic_data_b/Flowers_Syn/638.jpeg,a photo of a valley.
./data/synthetic/synthetic_data_b/Flowers_Syn/639.jpeg,a photo of a totem pole.
./data/synthetic/synthetic_data_b/Flowers_Syn/640.jpeg,"a photo of a Miniature Pinscher, a type of pet."
./data/synthetic/synthetic_data_b/Flowers_Syn/641.jpeg,a photo of a pig.
./data/synthetic/synthetic_data_b/Flowers_Syn/642.jpeg,a photo of a collie.
./data/synthetic/synthetic_data_b/Flowers_Syn/643.jpeg,a photo of a red wolf or maned wolf.
./data/synthetic/synthetic_data_b/Flowers_Syn/644.jpeg,a photo of a fiddler crab.
./data/synthetic/synthetic_data_b/Flowers_Syn/645.jpeg,a photo of a gossamer-winged butterfly.
./data/synthetic/synthetic_data_b/Flowers_Syn/646.jpeg,a photo of a English Setter.
./data/synthetic/synthetic_data_b/Flowers_Syn/647.jpeg,a photo of a tennis ball.
./data/synthetic/synthetic_data_b/Flowers_Syn/648.jpeg,"a photo of a caprese salad, a type of food."
./data/synthetic/synthetic_data_b/Flowers_Syn/649.jpeg,a photo of a acorn.
./data/synthetic/synthetic_data_b/Flowers_Syn/650.jpeg,"a photo of a Mercedes-Benz Sprinter Van 2012, a type of car."
./data/synthetic/synthetic_data_b/Flowers_Syn/651.jpeg,a photo of a washing machine.
./data/synthetic/synthetic_data_b/Flowers_Syn/652.jpeg,a photo of a patas monkey.
./data/synthetic/synthetic_data_b/Flowers_Syn/653.jpeg,"a photo of a hot dog, a type of food."
./data/synthetic/synthetic_data_b/Flowers_Syn/654.jpeg,a photo of a scabbard.
./data/synthetic/synthetic_data_b/Flowers_Syn/655.jpeg,a photo of a police van.
./data/synthetic/synthetic_data_b/Flowers_Syn/656.jpeg,"a photo of a huevos rancheros, a type of food."
./data/synthetic/synthetic_data_b/Flowers_Syn/657.jpeg,a photo of a vine snake.
./data/synthetic/synthetic_data_b/Flowers_Syn/658.jpeg,a photo of a Standard Poodle.
./data/synthetic/synthetic_data_b/Flowers_Syn/659.jpeg,a photo of a rose hip.
./data/synthetic/synthetic_data_b/Flowers_Syn/660.jpeg,a photo of a toilet paper.
./data/synthetic/synthetic_data_b/Flowers_Syn/661.jpeg,a photo of a collie.
./data/synthetic/synthetic_data_b/Flowers_Syn/662.jpeg,a photo of a swim trunks / shorts.
./data/synthetic/synthetic_data_b/Flowers_Syn/663.jpeg,a photo of a whistle.
./data/synthetic/synthetic_data_b/Flowers_Syn/664.jpeg,a photo of a hummingbird.
./data/synthetic/synthetic_data_b/Flowers_Syn/665.jpeg,a photo of a spoonbill.
./data/synthetic/synthetic_data_b/Flowers_Syn/666.jpeg,a photo of a disc brake.
./data/synthetic/synthetic_data_b/Flowers_Syn/667.jpeg,"a photo of a Staffordshire Bull Terrier, a type of pet."
./data/synthetic/synthetic_data_b/Flowers_Syn/668.jpeg,a photo of a mask.
./data/synthetic/synthetic_data_b/Flowers_Syn/669.jpeg,a photo of a fire salamander.
./data/synthetic/synthetic_data_b/Flowers_Syn/670.jpeg,"a photo of a Chevrolet Silverado 1500 Regular Cab 2012, a type of car."
./data/synthetic/synthetic_data_b/Flowers_Syn/671.jpeg,"a photo of a Suzuki Aerio Sedan 2007, a type of car."
./data/synthetic/synthetic_data_b/Flowers_Syn/672.jpeg,"a photo of a Maybach Landaulet Convertible 2012, a type of car."
./data/synthetic/synthetic_data_b/Flowers_Syn/673.jpeg,a photo of a brass memorial plaque.
./data/synthetic/synthetic_data_b/Flowers_Syn/674.jpeg,a photo of a product packet / packaging.
./data/synthetic/synthetic_data_b/Flowers_Syn/675.jpeg,"a photo of a Chevrolet Express Cargo Van 2007, a type of car."
./data/synthetic/synthetic_data_b/Flowers_Syn/676.jpeg,"a photo of a Chevrolet Monte Carlo Coupe 2007, a type of car."
./data/synthetic/synthetic_data_b/Flowers_Syn/677.jpeg,"a photo of a pad thai, a type of food."
./data/synthetic/synthetic_data_b/Flowers_Syn/678.jpeg,a photo of a Boston Terrier.
./data/synthetic/synthetic_data_b/Flowers_Syn/679.jpeg,a photo of a vending machine.
./data/synthetic/synthetic_data_b/Flowers_Syn/680.jpeg,a photo of a candy store.
./data/synthetic/synthetic_data_b/Flowers_Syn/681.jpeg,a photo of a yellow lady's slipper.
./data/synthetic/synthetic_data_b/Flowers_Syn/682.jpeg,a photo of a pedestal.
./data/synthetic/synthetic_data_b/Flowers_Syn/683.jpeg,"a photo of a Birman, a type of pet."
./data/synthetic/synthetic_data_b/Flowers_Syn/684.jpeg,a photo of a shoe store.
./data/synthetic/synthetic_data_b/Flowers_Syn/685.jpeg,a photo of a leaf beetle.
./data/synthetic/synthetic_data_b/Flowers_Syn/686.jpeg,"a photo of a Jaguar XK XKR 2012, a type of car."
./data/synthetic/synthetic_data_b/Flowers_Syn/687.jpeg,"a photo of a lasagna, a type of food."
./data/synthetic/synthetic_data_b/Flowers_Syn/688.jpeg,a photo of a nematode.
./data/synthetic/synthetic_data_b/Flowers_Syn/689.jpeg,a photo of a vulture.
./data/synthetic/synthetic_data_b/Flowers_Syn/690.jpeg,"a photo of a Chihuahua, a type of pet."
./data/synthetic/synthetic_data_b/Flowers_Syn/691.jpeg,a photo of a red admiral butterfly.
./data/synthetic/synthetic_data_b/Flowers_Syn/692.jpeg,"a photo of a BMW M6 Convertible 2010, a type of car."
./data/synthetic/synthetic_data_b/Flowers_Syn/693.jpeg,a photo of a dough.
./data/synthetic/synthetic_data_b/Flowers_Syn/694.jpeg,"a photo of a Audi V8 Sedan 1994, a type of car."
./data/synthetic/synthetic_data_b/Flowers_Syn/695.jpeg,a photo of a guinea pig.
./data/synthetic/synthetic_data_b/Flowers_Syn/696.jpeg,a photo of a Maltese.
./data/synthetic/synthetic_data_b/Flowers_Syn/697.jpeg,"a photo of a Acura ZDX Hatchback 2012, a type of car."
./data/synthetic/synthetic_data_b/Flowers_Syn/698.jpeg,a photo of a minivan.
./data/synthetic/synthetic_data_b/Flowers_Syn/699.jpeg,a photo of a chiffonier.
./data/synthetic/synthetic_data_b/Flowers_Syn/700.jpeg,a photo of a metal nail.
./data/synthetic/synthetic_data_b/Flowers_Syn/701.jpeg,a photo of a garbage truck.
./data/synthetic/synthetic_data_b/Flowers_Syn/702.jpeg,a photo of a platypus.
./data/synthetic/synthetic_data_b/Flowers_Syn/703.jpeg,"a photo of a Bentley Continental Supersports Conv. Convertible 2012, a type of car."
./data/synthetic/synthetic_data_b/Flowers_Syn/704.jpeg,a photo of a hunting bow.
./data/synthetic/synthetic_data_b/Flowers_Syn/705.jpeg,"a photo of a Honda Accord Coupe 2012, a type of car."
./data/synthetic/synthetic_data_b/Flowers_Syn/706.jpeg,"a photo of a Chihuahua, a type of pet."
./data/synthetic/synthetic_data_b/Flowers_Syn/707.jpeg,a photo of a sarong.
./data/synthetic/synthetic_data_b/Flowers_Syn/708.jpeg,a photo of a stone wall.
./data/synthetic/synthetic_data_b/Flowers_Syn/709.jpeg,a photo of a cassette.
./data/synthetic/synthetic_data_b/Flowers_Syn/710.jpeg,a photo of a Basset Hound.
./data/synthetic/synthetic_data_b/Flowers_Syn/711.jpeg,a photo of a spaghetti squash.
./data/synthetic/synthetic_data_b/Flowers_Syn/712.jpeg,a photo of a wok.
./data/synthetic/synthetic_data_b/Flowers_Syn/713.jpeg,"a photo of a Ram C/V Cargo Van Minivan 2012, a type of car."
./data/synthetic/synthetic_data_b/Flowers_Syn/714.jpeg,a photo of a comic book.
./data/synthetic/synthetic_data_b/Flowers_Syn/715.jpeg,a photo of a American Staffordshire Terrier.
./data/synthetic/synthetic_data_b/Flowers_Syn/716.jpeg,"a photo of a Audi S5 Convertible 2012, a type of car."
./data/synthetic/synthetic_data_b/Flowers_Syn/717.jpeg,a photo of a yurt.
./data/synthetic/synthetic_data_b/Flowers_Syn/718.jpeg,a photo of a measuring cup.
./data/synthetic/synthetic_data_b/Flowers_Syn/719.jpeg,a photo of a Bullmastiff.
./data/synthetic/synthetic_data_b/Flowers_Syn/720.jpeg,"a photo of a Audi TT Hatchback 2011, a type of car."
./data/synthetic/synthetic_data_b/Flowers_Syn/721.jpeg,"a photo of a Shiba Inu, a type of pet."
./data/synthetic/synthetic_data_b/Flowers_Syn/722.jpeg,a photo of a terrapin.
./data/synthetic/synthetic_data_b/Flowers_Syn/723.jpeg,a photo of a German Shorthaired Pointer.
./data/synthetic/synthetic_data_b/Flowers_Syn/724.jpeg,a photo of a stopwatch.
./data/synthetic/synthetic_data_b/Flowers_Syn/725.jpeg,a photo of a electrical switch.
./data/synthetic/synthetic_data_b/Flowers_Syn/726.jpeg,a photo of a barn spider.
./data/synthetic/synthetic_data_b/Flowers_Syn/727.jpeg,"a photo of a Infiniti QX56 SUV 2011, a type of car."
./data/synthetic/synthetic_data_b/Flowers_Syn/728.jpeg,"a photo of a HUMMER H2 SUT Crew Cab 2009, a type of car."
./data/synthetic/synthetic_data_b/Flowers_Syn/729.jpeg,a photo of a tench.
./data/synthetic/synthetic_data_b/Flowers_Syn/730.jpeg,a photo of a Norwich Terrier.
./data/synthetic/synthetic_data_b/Flowers_Syn/731.jpeg,"a photo of a french onion soup, a type of food."
./data/synthetic/synthetic_data_b/Flowers_Syn/732.jpeg,"a photo of a paella, a type of food."
./data/synthetic/synthetic_data_b/Flowers_Syn/733.jpeg,"a photo of the number: ""8 - eight""."
./data/synthetic/synthetic_data_b/Flowers_Syn/734.jpeg,a photo of a letter opener.
./data/synthetic/synthetic_data_b/Flowers_Syn/735.jpeg,"a photo of a Bentley Continental GT Coupe 2012, a type of car."
./data/synthetic/synthetic_data_b/Flowers_Syn/736.jpeg,"a photo of a Lamborghini Gallardo LP 570-4 Superleggera 2012, a type of car."
./data/synthetic/synthetic_data_b/Flowers_Syn/737.jpeg,a photo of a barber chair.
./data/synthetic/synthetic_data_b/Flowers_Syn/738.jpeg,"a photo of a Sphynx, a type of pet."
./data/synthetic/synthetic_data_b/Flowers_Syn/739.jpeg,a photo of a hot dog.
./data/synthetic/synthetic_data_b/Flowers_Syn/740.jpeg,a photo of a palace.
./data/synthetic/synthetic_data_b/Flowers_Syn/741.jpeg,a photo of a missile.
./data/synthetic/synthetic_data_b/Flowers_Syn/742.jpeg,a photo of a nematode.
./data/synthetic/synthetic_data_b/Flowers_Syn/743.jpeg,a photo of a hunting bow.
./data/synthetic/synthetic_data_b/Flowers_Syn/744.jpeg,a photo of a baguette.
./data/synthetic/synthetic_data_b/Flowers_Syn/745.jpeg,a photo of a necklace.
./data/synthetic/synthetic_data_b/Flowers_Syn/746.jpeg,"a photo of a Jeep Grand Cherokee SUV 2012, a type of car."
./data/synthetic/synthetic_data_b/Flowers_Syn/747.jpeg,"a photo of a panna cotta, a type of food."
./data/synthetic/synthetic_data_b/Flowers_Syn/748.jpeg,"a photo of a dumplings, a type of food."
./data/synthetic/synthetic_data_b/Flowers_Syn/749.jpeg,a photo of a tea cup.
./data/synthetic/synthetic_data_b/Flowers_Syn/750.jpeg,a photo of a missile.
./data/synthetic/synthetic_data_b/Flowers_Syn/751.jpeg,a photo of a hot pot.
./data/synthetic/synthetic_data_b/Flowers_Syn/752.jpeg,a photo of a Bouvier des Flandres dog.
./data/synthetic/synthetic_data_b/Flowers_Syn/753.jpeg,a photo of a Scottish Terrier.
./data/synthetic/synthetic_data_b/Flowers_Syn/754.jpeg,a photo of a bookstore.
./data/synthetic/synthetic_data_b/Flowers_Syn/755.jpeg,a photo of a hammerhead shark.
./data/synthetic/synthetic_data_b/Flowers_Syn/756.jpeg,a photo of a pan flute.
./data/synthetic/synthetic_data_b/Flowers_Syn/757.jpeg,a photo of a planetarium.
./data/synthetic/synthetic_data_b/Flowers_Syn/758.jpeg,"a photo of the number: ""0 - zero""."
./data/synthetic/synthetic_data_b/Flowers_Syn/759.jpeg,a photo of a holster.
./data/synthetic/synthetic_data_b/Flowers_Syn/760.jpeg,"a photo of a GMC Canyon Extended Cab 2012, a type of car."
./data/synthetic/synthetic_data_b/Flowers_Syn/761.jpeg,"a photo of a Chevrolet Silverado 1500 Classic Extended Cab 2007, a type of car."
./data/synthetic/synthetic_data_b/Flowers_Syn/762.jpeg,a photo of a rocking chair.
./data/synthetic/synthetic_data_b/Flowers_Syn/763.jpeg,a photo of a English Springer Spaniel.
./data/synthetic/synthetic_data_b/Flowers_Syn/764.jpeg,a photo of a hornbill.
./data/synthetic/synthetic_data_b/Flowers_Syn/765.jpeg,a photo of a marmot.
./data/synthetic/synthetic_data_b/Flowers_Syn/766.jpeg,"a photo of a Aston Martin V8 Vantage Coupe 2012, a type of car."
./data/synthetic/synthetic_data_b/Flowers_Syn/767.jpeg,a photo of a lynx.
./data/synthetic/synthetic_data_b/Flowers_Syn/768.jpeg,a photo of a sunscreen.
./data/synthetic/synthetic_data_b/Flowers_Syn/769.jpeg,a photo of a Cocker Spaniel.
./data/synthetic/synthetic_data_b/Flowers_Syn/770.jpeg,a photo of a infant bed.
./data/synthetic/synthetic_data_b/Flowers_Syn/771.jpeg,"a photo of a hot dog, a type of food."
./data/synthetic/synthetic_data_b/Flowers_Syn/772.jpeg,a photo of a accordion.
./data/synthetic/synthetic_data_b/Flowers_Syn/773.jpeg,a photo of a indri.
./data/synthetic/synthetic_data_b/Flowers_Syn/774.jpeg,a photo of a St. Bernard.
./data/synthetic/synthetic_data_b/Flowers_Syn/775.jpeg,a photo of a soap dispenser.
./data/synthetic/synthetic_data_b/Flowers_Syn/776.jpeg,a photo of a beer glass.
./data/synthetic/synthetic_data_b/Flowers_Syn/777.jpeg,a photo of a cabbage.
./data/synthetic/synthetic_data_b/Flowers_Syn/778.jpeg,a photo of a eel.
./data/synthetic/synthetic_data_b/Flowers_Syn/779.jpeg,a photo of a product packet / packaging.
./data/synthetic/synthetic_data_b/Flowers_Syn/780.jpeg,a photo of a Sussex Spaniel.
./data/synthetic/synthetic_data_b/Flowers_Syn/781.jpeg,a photo of a tape player.
./data/synthetic/synthetic_data_b/Flowers_Syn/782.jpeg,a photo of a jacamar.
./data/synthetic/synthetic_data_b/Flowers_Syn/783.jpeg,"a photo of a waffles, a type of food."
./data/synthetic/synthetic_data_b/Flowers_Syn/784.jpeg,"a photo of a breakfast burrito, a type of food."
./data/synthetic/synthetic_data_b/Flowers_Syn/785.jpeg,a photo of a Affenpinscher.
./data/synthetic/synthetic_data_b/Flowers_Syn/786.jpeg,a photo of a menu.
./data/synthetic/synthetic_data_b/Flowers_Syn/787.jpeg,a photo of a cabbage.
./data/synthetic/synthetic_data_b/Flowers_Syn/788.jpeg,"a photo of a bruschetta, a type of food."
./data/synthetic/synthetic_data_b/Flowers_Syn/789.jpeg,"a photo of a BMW X6 SUV 2012, a type of car."
./data/synthetic/synthetic_data_b/Flowers_Syn/790.jpeg,a photo of a African wild dog.
./data/synthetic/synthetic_data_b/Flowers_Syn/791.jpeg,"a photo of a Audi S5 Coupe 2012, a type of car."
./data/synthetic/synthetic_data_b/Flowers_Syn/792.jpeg,a photo of a hen.
./data/synthetic/synthetic_data_b/Flowers_Syn/793.jpeg,"a photo of a Dodge Ram Pickup 3500 Quad Cab 2009, a type of car."
./data/synthetic/synthetic_data_b/Flowers_Syn/794.jpeg,a photo of a goose.
./data/synthetic/synthetic_data_b/Flowers_Syn/795.jpeg,"a photo of a Hyundai Sonata Hybrid Sedan 2012, a type of car."
./data/synthetic/synthetic_data_b/Flowers_Syn/796.jpeg,a photo of a vending machine.
./data/synthetic/synthetic_data_b/Flowers_Syn/797.jpeg,"a photo of a baklava, a type of food."
./data/synthetic/synthetic_data_b/Flowers_Syn/798.jpeg,a photo of a rose hip.
./data/synthetic/synthetic_data_b/Flowers_Syn/799.jpeg,"a photo of a Bentley Continental GT Coupe 2012, a type of car."
./data/synthetic/synthetic_data_b/Flowers_Syn/800.jpeg,a photo of a badger.
./data/synthetic/synthetic_data_b/Flowers_Syn/801.jpeg,"a photo of a Tesla Model S Sedan 2012, a type of car."
./data/synthetic/synthetic_data_b/Flowers_Syn/802.jpeg,a photo of a llama.
./data/synthetic/synthetic_data_b/Flowers_Syn/803.jpeg,a photo of a brussels griffon.
./data/synthetic/synthetic_data_b/Flowers_Syn/804.jpeg,a photo of a English Setter.
./data/synthetic/synthetic_data_b/Flowers_Syn/805.jpeg,a photo of a shower cap.
./data/synthetic/synthetic_data_b/Flowers_Syn/806.jpeg,"a photo of a edamame, a type of food."
./data/synthetic/synthetic_data_b/Flowers_Syn/807.jpeg,"a photo of a frozen yogurt, a type of food."
./data/synthetic/synthetic_data_b/Flowers_Syn/808.jpeg,a photo of a mixing bowl.
./data/synthetic/synthetic_data_b/Flowers_Syn/809.jpeg,"a photo of a BMW X6 SUV 2012, a type of car."
./data/synthetic/synthetic_data_b/Flowers_Syn/810.jpeg,a photo of a shield.
./data/synthetic/synthetic_data_b/Flowers_Syn/811.jpeg,a photo of a throne.
./data/synthetic/synthetic_data_b/Flowers_Syn/812.jpeg,"a photo of a guacamole, a type of food."
./data/synthetic/synthetic_data_b/Flowers_Syn/813.jpeg,a photo of a computer keyboard.
./data/synthetic/synthetic_data_b/Flowers_Syn/814.jpeg,a photo of a football helmet.
./data/synthetic/synthetic_data_b/Flowers_Syn/815.jpeg,a photo of a motorboat.
./data/synthetic/synthetic_data_b/Flowers_Syn/816.jpeg,a photo of a parallel bars.
./data/synthetic/synthetic_data_b/Flowers_Syn/817.jpeg,a photo of a gymnastic horizontal bar.
./data/synthetic/synthetic_data_b/Flowers_Syn/818.jpeg,a photo of a trifle.
./data/synthetic/synthetic_data_b/Flowers_Syn/819.jpeg,a photo of a dingo.
./data/synthetic/synthetic_data_b/Flowers_Syn/820.jpeg,a photo of a tiger cat.
./data/synthetic/synthetic_data_b/Flowers_Syn/821.jpeg,a photo of a syringe.
./data/synthetic/synthetic_data_b/Flowers_Syn/822.jpeg,"a photo of a filet mignon, a type of food."
./data/synthetic/synthetic_data_b/Flowers_Syn/823.jpeg,"a photo of a Buick Enclave SUV 2012, a type of car."
./data/synthetic/synthetic_data_b/Flowers_Syn/824.jpeg,a photo of a rickshaw.
./data/synthetic/synthetic_data_b/Flowers_Syn/825.jpeg,"a photo of a GMC Canyon Extended Cab 2012, a type of car."
./data/synthetic/synthetic_data_b/Flowers_Syn/826.jpeg,a photo of a marimba.
./data/synthetic/synthetic_data_b/Flowers_Syn/827.jpeg,"a photo of a Hyundai Sonata Hybrid Sedan 2012, a type of car."
./data/synthetic/synthetic_data_b/Flowers_Syn/828.jpeg,"a photo of a tuna tartare, a type of food."
./data/synthetic/synthetic_data_b/Flowers_Syn/829.jpeg,a photo of a bikini.
./data/synthetic/synthetic_data_b/Flowers_Syn/830.jpeg,a photo of a apron.
./data/synthetic/synthetic_data_b/Flowers_Syn/831.jpeg,a photo of a baseball.
./data/synthetic/synthetic_data_b/Flowers_Syn/832.jpeg,"a photo of a ravioli, a type of food."
./data/synthetic/synthetic_data_b/Flowers_Syn/833.jpeg,a photo of a combine harvester.
./data/synthetic/synthetic_data_b/Flowers_Syn/834.jpeg,a photo of a payphone.
./data/synthetic/synthetic_data_b/Flowers_Syn/835.jpeg,a photo of a red wolf or maned wolf.
./data/synthetic/synthetic_data_b/Flowers_Syn/836.jpeg,"a photo of a Pomeranian, a type of pet."
./data/synthetic/synthetic_data_b/Flowers_Syn/837.jpeg,a photo of a three-toed sloth.
./data/synthetic/synthetic_data_b/Flowers_Syn/838.jpeg,"a photo of a BMW X5 SUV 2007, a type of car."
./data/synthetic/synthetic_data_b/Flowers_Syn/839.jpeg,"a photo of a Ford GT Coupe 2006, a type of car."
./data/synthetic/synthetic_data_b/Flowers_Syn/840.jpeg,"a photo of the number: ""7 - seven""."
./data/synthetic/synthetic_data_b/Flowers_Syn/841.jpeg,a photo of a mobile home.
./data/synthetic/synthetic_data_b/Flowers_Syn/842.jpeg,a photo of a Dobermann.
./data/synthetic/synthetic_data_b/Flowers_Syn/843.jpeg,a photo of a pillow.
./data/synthetic/synthetic_data_b/Flowers_Syn/844.jpeg,"a photo of a Lamborghini Gallardo LP 570-4 Superleggera 2012, a type of car."
./data/synthetic/synthetic_data_b/Flowers_Syn/845.jpeg,a photo of a scuba diver.
./data/synthetic/synthetic_data_b/Flowers_Syn/846.jpeg,"a photo of a Volvo 240 Sedan 1993, a type of car."
./data/synthetic/synthetic_data_b/Flowers_Syn/847.jpeg,"a photo of a Nissan NV Passenger Van 2012, a type of car."
./data/synthetic/synthetic_data_b/Flowers_Syn/848.jpeg,a photo of a front curtain.
./data/synthetic/synthetic_data_b/Flowers_Syn/849.jpeg,"a photo of a Dodge Durango SUV 2012, a type of car."
./data/synthetic/synthetic_data_b/Flowers_Syn/850.jpeg,a photo of a hair spray.
./data/synthetic/synthetic_data_b/Flowers_Syn/851.jpeg,a photo of a toy store.
./data/synthetic/synthetic_data_b/Flowers_Syn/852.jpeg,a photo of a smooth newt.
./data/synthetic/synthetic_data_b/Flowers_Syn/853.jpeg,"a photo of a Chevrolet Express Van 2007, a type of car."
./data/synthetic/synthetic_data_b/Flowers_Syn/854.jpeg,a photo of a Welsh Springer Spaniel.
./data/synthetic/synthetic_data_b/Flowers_Syn/855.jpeg,a photo of a triceratops.
./data/synthetic/synthetic_data_b/Flowers_Syn/856.jpeg,a photo of a schooner.
./data/synthetic/synthetic_data_b/Flowers_Syn/857.jpeg,a photo of a sloth bear.
./data/synthetic/synthetic_data_b/Flowers_Syn/858.jpeg,a photo of a sea anemone.
./data/synthetic/synthetic_data_b/Flowers_Syn/859.jpeg,a photo of a sea slug.
./data/synthetic/synthetic_data_b/Flowers_Syn/860.jpeg,a photo of a analog clock.
./data/synthetic/synthetic_data_b/Flowers_Syn/861.jpeg,a photo of a electric guitar.
./data/synthetic/synthetic_data_b/Flowers_Syn/862.jpeg,a photo of a sea cucumber.
./data/synthetic/synthetic_data_b/Flowers_Syn/863.jpeg,a photo of a half-track.
./data/synthetic/synthetic_data_b/Flowers_Syn/864.jpeg,a photo of a cornet.
./data/synthetic/synthetic_data_b/Flowers_Syn/865.jpeg,a photo of a meerkat.
./data/synthetic/synthetic_data_b/Flowers_Syn/866.jpeg,a photo of a white stork.
./data/synthetic/synthetic_data_b/Flowers_Syn/867.jpeg,a photo of a hourglass.
./data/synthetic/synthetic_data_b/Flowers_Syn/868.jpeg,a photo of a balloon.
./data/synthetic/synthetic_data_b/Flowers_Syn/869.jpeg,"a photo of a Ford Expedition EL SUV 2009, a type of car."
./data/synthetic/synthetic_data_b/Flowers_Syn/870.jpeg,a photo of a Saharan horned viper.
./data/synthetic/synthetic_data_b/Flowers_Syn/871.jpeg,a photo of a police van.
./data/synthetic/synthetic_data_b/Flowers_Syn/872.jpeg,a photo of a hot pot.
./data/synthetic/synthetic_data_b/Flowers_Syn/873.jpeg,a photo of a Chesapeake Bay Retriever.
./data/synthetic/synthetic_data_b/Flowers_Syn/874.jpeg,"a photo of a mussels, a type of food."
./data/synthetic/synthetic_data_b/Flowers_Syn/875.jpeg,"a photo of a Lamborghini Aventador Coupe 2012, a type of car."
./data/synthetic/synthetic_data_b/Flowers_Syn/876.jpeg,a photo of a bra.
./data/synthetic/synthetic_data_b/Flowers_Syn/877.jpeg,"a photo of a Keeshond, a type of pet."
./data/synthetic/synthetic_data_b/Flowers_Syn/878.jpeg,"a photo of a Lamborghini Reventon Coupe 2008, a type of car."
./data/synthetic/synthetic_data_b/Flowers_Syn/879.jpeg,a photo of a balaclava ski mask.
./data/synthetic/synthetic_data_b/Flowers_Syn/880.jpeg,a photo of a cello.
./data/synthetic/synthetic_data_b/Flowers_Syn/881.jpeg,"a photo of a Buick Regal GS 2012, a type of car."
./data/synthetic/synthetic_data_b/Flowers_Syn/882.jpeg,a photo of a hair dryer.
./data/synthetic/synthetic_data_b/Flowers_Syn/883.jpeg,a photo of a toucan.
./data/synthetic/synthetic_data_b/Flowers_Syn/884.jpeg,a photo of a scoreboard.
./data/synthetic/synthetic_data_b/Flowers_Syn/885.jpeg,a photo of a shower cap.
./data/synthetic/synthetic_data_b/Flowers_Syn/886.jpeg,a photo of a thatched roof.
./data/synthetic/synthetic_data_b/Flowers_Syn/887.jpeg,a photo of a manhole cover.
./data/synthetic/synthetic_data_b/Flowers_Syn/888.jpeg,"a photo of a Hyundai Santa Fe SUV 2012, a type of car."
./data/synthetic/synthetic_data_b/Flowers_Syn/889.jpeg,a photo of a flatworm.
./data/synthetic/synthetic_data_b/Flowers_Syn/890.jpeg,a photo of a smooth newt.
./data/synthetic/synthetic_data_b/Flowers_Syn/891.jpeg,a photo of a cowboy boot.
./data/synthetic/synthetic_data_b/Flowers_Syn/892.jpeg,a photo of a bakery.
./data/synthetic/synthetic_data_b/Flowers_Syn/893.jpeg,"a photo of a peking duck, a type of food."
./data/synthetic/synthetic_data_b/Flowers_Syn/894.jpeg,a photo of a wine bottle.
./data/synthetic/synthetic_data_b/Flowers_Syn/895.jpeg,a photo of a breastplate.
./data/synthetic/synthetic_data_b/Flowers_Syn/896.jpeg,"a photo of the number: ""0 - zero""."
./data/synthetic/synthetic_data_b/Flowers_Syn/897.jpeg,"a photo of a Leonberger, a type of pet."
./data/synthetic/synthetic_data_b/Flowers_Syn/898.jpeg,a photo of a radiator.
./data/synthetic/synthetic_data_b/Flowers_Syn/899.jpeg,"a photo of a breakfast burrito, a type of food."
./data/synthetic/synthetic_data_b/Flowers_Syn/900.jpeg,"a photo of a GMC Yukon Hybrid SUV 2012, a type of car."
./data/synthetic/synthetic_data_b/Flowers_Syn/901.jpeg,"a photo of a foie gras, a type of food."
./data/synthetic/synthetic_data_b/Flowers_Syn/902.jpeg,a photo of a acoustic guitar.
./data/synthetic/synthetic_data_b/Flowers_Syn/903.jpeg,a photo of a lionfish.
./data/synthetic/synthetic_data_b/Flowers_Syn/904.jpeg,a photo of a gymnastic horizontal bar.
./data/synthetic/synthetic_data_b/Flowers_Syn/905.jpeg,a photo of a traffic or street sign.
./data/synthetic/synthetic_data_b/Flowers_Syn/906.jpeg,a photo of a armadillo.
./data/synthetic/synthetic_data_b/Flowers_Syn/907.jpeg,a photo of a Japanese Chin.
./data/synthetic/synthetic_data_b/Flowers_Syn/908.jpeg,a photo of a common squirrel monkey.
./data/synthetic/synthetic_data_b/Flowers_Syn/909.jpeg,a photo of a llama.
./data/synthetic/synthetic_data_b/Flowers_Syn/910.jpeg,"a photo of a Cadillac Escalade EXT Crew Cab 2007, a type of car."
./data/synthetic/synthetic_data_b/Flowers_Syn/911.jpeg,a photo of a Tibetan Mastiff.
./data/synthetic/synthetic_data_b/Flowers_Syn/912.jpeg,a photo of a safety pin.
./data/synthetic/synthetic_data_b/Flowers_Syn/913.jpeg,a photo of a prairie grouse.
./data/synthetic/synthetic_data_b/Flowers_Syn/914.jpeg,a photo of a turnstile.
./data/synthetic/synthetic_data_b/Flowers_Syn/915.jpeg,a photo of a gas pump.
./data/synthetic/synthetic_data_b/Flowers_Syn/916.jpeg,"a photo of a Hyundai Azera Sedan 2012, a type of car."
./data/synthetic/synthetic_data_b/Flowers_Syn/917.jpeg,a photo of a drum.
./data/synthetic/synthetic_data_b/Flowers_Syn/918.jpeg,a photo of a Miniature Poodle.
./data/synthetic/synthetic_data_b/Flowers_Syn/919.jpeg,a photo of a sea cucumber.
./data/synthetic/synthetic_data_b/Flowers_Syn/920.jpeg,"a photo of a apple pie, a type of food."
./data/synthetic/synthetic_data_b/Flowers_Syn/921.jpeg,a photo of a croquet ball.
./data/synthetic/synthetic_data_b/Flowers_Syn/922.jpeg,a photo of a goldfinch.
./data/synthetic/synthetic_data_b/Flowers_Syn/923.jpeg,a photo of a muzzle.
./data/synthetic/synthetic_data_b/Flowers_Syn/924.jpeg,a photo of a jackfruit.
./data/synthetic/synthetic_data_b/Flowers_Syn/925.jpeg,a photo of a leafhopper.
./data/synthetic/synthetic_data_b/Flowers_Syn/926.jpeg,a photo of a ptarmigan.
./data/synthetic/synthetic_data_b/Flowers_Syn/927.jpeg,a photo of a cockroach.
./data/synthetic/synthetic_data_b/Flowers_Syn/928.jpeg,a photo of a mobile home.
./data/synthetic/synthetic_data_b/Flowers_Syn/929.jpeg,"a photo of a crab cakes, a type of food."
./data/synthetic/synthetic_data_b/Flowers_Syn/930.jpeg,a photo of a wallaby.
./data/synthetic/synthetic_data_b/Flowers_Syn/931.jpeg,"a photo of a risotto, a type of food."
./data/synthetic/synthetic_data_b/Flowers_Syn/932.jpeg,"a photo of a miso soup, a type of food."
./data/synthetic/synthetic_data_b/Flowers_Syn/933.jpeg,a photo of a knot.
./data/synthetic/synthetic_data_b/Flowers_Syn/934.jpeg,"a photo of a Acura TSX Sedan 2012, a type of car."
./data/synthetic/synthetic_data_b/Flowers_Syn/935.jpeg,"a photo of a Porsche Panamera Sedan 2012, a type of car."
./data/synthetic/synthetic_data_b/Flowers_Syn/936.jpeg,"a photo of a Honda Odyssey Minivan 2007, a type of car."
./data/synthetic/synthetic_data_b/Flowers_Syn/937.jpeg,a photo of a pole.
./data/synthetic/synthetic_data_b/Flowers_Syn/938.jpeg,a photo of a dugong.
./data/synthetic/synthetic_data_b/Flowers_Syn/939.jpeg,a photo of a microphone.
./data/synthetic/synthetic_data_b/Flowers_Syn/940.jpeg,"a photo of a Chrysler Sebring Convertible 2010, a type of car."
./data/synthetic/synthetic_data_b/Flowers_Syn/941.jpeg,a photo of a bobsleigh.
./data/synthetic/synthetic_data_b/Flowers_Syn/942.jpeg,a photo of a proboscis monkey.
./data/synthetic/synthetic_data_b/Flowers_Syn/943.jpeg,"a photo of a Chevrolet Malibu Hybrid Sedan 2010, a type of car."
./data/synthetic/synthetic_data_b/Flowers_Syn/944.jpeg,a photo of a ruddy turnstone.
./data/synthetic/synthetic_data_b/Flowers_Syn/945.jpeg,"a photo of a BMW M5 Sedan 2010, a type of car."
./data/synthetic/synthetic_data_b/Flowers_Syn/946.jpeg,a photo of a gossamer-winged butterfly.
./data/synthetic/synthetic_data_b/Flowers_Syn/947.jpeg,a photo of a television.
./data/synthetic/synthetic_data_b/Flowers_Syn/948.jpeg,"a photo of a Ford F-150 Regular Cab 2012, a type of car."
./data/synthetic/synthetic_data_b/Flowers_Syn/949.jpeg,"a photo of a FIAT 500 Convertible 2012, a type of car."
./data/synthetic/synthetic_data_b/Flowers_Syn/950.jpeg,a photo of a stopwatch.
./data/synthetic/synthetic_data_b/Flowers_Syn/951.jpeg,a photo of a Wire Fox Terrier.
./data/synthetic/synthetic_data_b/Flowers_Syn/952.jpeg,a photo of a Pickelhaube.
./data/synthetic/synthetic_data_b/Flowers_Syn/953.jpeg,a photo of a bookcase.
./data/synthetic/synthetic_data_b/Flowers_Syn/954.jpeg,a photo of a station wagon.
./data/synthetic/synthetic_data_b/Flowers_Syn/955.jpeg,a photo of a necklace.
./data/synthetic/synthetic_data_b/Flowers_Syn/956.jpeg,a photo of a neck brace.
./data/synthetic/synthetic_data_b/Flowers_Syn/957.jpeg,a photo of a plant pot.
./data/synthetic/synthetic_data_b/Flowers_Syn/958.jpeg,a photo of a hoop skirt.
./data/synthetic/synthetic_data_b/Flowers_Syn/959.jpeg,a photo of a binoculars.
./data/synthetic/synthetic_data_b/Flowers_Syn/960.jpeg,"a photo of a pad thai, a type of food."
./data/synthetic/synthetic_data_b/Flowers_Syn/961.jpeg,"a photo of a Dodge Ram Pickup 3500 Quad Cab 2009, a type of car."
./data/synthetic/synthetic_data_b/Flowers_Syn/962.jpeg,a photo of a cliff.
./data/synthetic/synthetic_data_b/Flowers_Syn/963.jpeg,"a photo of a Lamborghini Reventon Coupe 2008, a type of car."
./data/synthetic/synthetic_data_b/Flowers_Syn/964.jpeg,"a photo of a Newfoundland, a type of pet."
./data/synthetic/synthetic_data_b/Flowers_Syn/965.jpeg,a photo of a magpie.
./data/synthetic/synthetic_data_b/Flowers_Syn/966.jpeg,a photo of a Rottweiler.
./data/synthetic/synthetic_data_b/Flowers_Syn/967.jpeg,a photo of a pedestal.
./data/synthetic/synthetic_data_b/Flowers_Syn/968.jpeg,a photo of a split-rail fence.
./data/synthetic/synthetic_data_b/Flowers_Syn/969.jpeg,a photo of a storage chest.
./data/synthetic/synthetic_data_b/Flowers_Syn/970.jpeg,"a photo of a Boxer, a type of pet."
./data/synthetic/synthetic_data_b/Flowers_Syn/971.jpeg,"a photo of a lobster bisque, a type of food."
./data/synthetic/synthetic_data_b/Flowers_Syn/972.jpeg,"a photo of a pizza, a type of food."
./data/synthetic/synthetic_data_b/Flowers_Syn/973.jpeg,a photo of a cleaver.
./data/synthetic/synthetic_data_b/Flowers_Syn/974.jpeg,a photo of a ptarmigan.
./data/synthetic/synthetic_data_b/Flowers_Syn/975.jpeg,a photo of a missile.
./data/synthetic/synthetic_data_b/Flowers_Syn/976.jpeg,a photo of a scoreboard.
./data/synthetic/synthetic_data_b/Flowers_Syn/977.jpeg,a photo of a Border Collie.
./data/synthetic/synthetic_data_b/Flowers_Syn/978.jpeg,a photo of a shopping basket.
./data/synthetic/synthetic_data_b/Flowers_Syn/979.jpeg,a photo of a dam.
./data/synthetic/synthetic_data_b/Flowers_Syn/980.jpeg,"a photo of a Ford Mustang Convertible 2007, a type of car."
./data/synthetic/synthetic_data_b/Flowers_Syn/981.jpeg,a photo of a grand piano.
./data/synthetic/synthetic_data_b/Flowers_Syn/982.jpeg,a photo of a American alligator.
./data/synthetic/synthetic_data_b/Flowers_Syn/983.jpeg,"a photo of a Chevrolet Camaro Convertible 2012, a type of car."
./data/synthetic/synthetic_data_b/Flowers_Syn/984.jpeg,a photo of a eraser.
./data/synthetic/synthetic_data_b/Flowers_Syn/985.jpeg,"a photo of a Chevrolet Silverado 1500 Hybrid Crew Cab 2012, a type of car."
./data/synthetic/synthetic_data_b/Flowers_Syn/986.jpeg,"a photo of a Bentley Continental GT Coupe 2012, a type of car."
./data/synthetic/synthetic_data_b/Flowers_Syn/987.jpeg,a photo of a split-rail fence.
./data/synthetic/synthetic_data_b/Flowers_Syn/988.jpeg,a photo of a hen of the woods mushroom.
./data/synthetic/synthetic_data_b/Flowers_Syn/989.jpeg,a photo of a sulphur-crested cockatoo.
./data/synthetic/synthetic_data_b/Flowers_Syn/990.jpeg,a photo of a carved pumpkin.
./data/synthetic/synthetic_data_b/Flowers_Syn/991.jpeg,"a photo of a Russian Blue, a type of pet."
./data/synthetic/synthetic_data_b/Flowers_Syn/992.jpeg,a photo of a sturgeon.
./data/synthetic/synthetic_data_b/Flowers_Syn/993.jpeg,a photo of a minivan.
./data/synthetic/synthetic_data_b/Flowers_Syn/994.jpeg,"a photo of a Cadillac Escalade EXT Crew Cab 2007, a type of car."
./data/synthetic/synthetic_data_b/Flowers_Syn/995.jpeg,a photo of a Redbone Coonhound.
./data/synthetic/synthetic_data_b/Flowers_Syn/996.jpeg,a photo of a Miniature Schnauzer.
./data/synthetic/synthetic_data_b/Flowers_Syn/997.jpeg,a photo of a wild boar.
./data/synthetic/synthetic_data_b/Flowers_Syn/998.jpeg,"a photo of a Ferrari California Convertible 2012, a type of car."
./data/synthetic/synthetic_data_b/Flowers_Syn/999.jpeg,"a photo of a Dodge Challenger SRT8 2011, a type of car."
