image,text
./data/synthetic/synthetic_data_b/Caltech101_Syn/0.jpeg,a photo of a honeycomb.
./data/synthetic/synthetic_data_b/Caltech101_Syn/1.jpeg,a photo of a pot pie.
./data/synthetic/synthetic_data_b/Caltech101_Syn/2.jpeg,a photo of a African wild dog.
./data/synthetic/synthetic_data_b/Caltech101_Syn/3.jpeg,a photo of a Alaskan Malamute.
./data/synthetic/synthetic_data_b/Caltech101_Syn/4.jpeg,"a photo of a toad lily, a type of flower."
./data/synthetic/synthetic_data_b/Caltech101_Syn/5.jpeg,a photo of a sea cliff.
./data/synthetic/synthetic_data_b/Caltech101_Syn/6.jpeg,a photo of a fountain.
./data/synthetic/synthetic_data_b/Caltech101_Syn/7.jpeg,a photo of a mousetrap.
./data/synthetic/synthetic_data_b/Caltech101_Syn/8.jpeg,"a photo of a Chrysler Crossfire Convertible 2008, a type of car."
./data/synthetic/synthetic_data_b/Caltech101_Syn/9.jpeg,a photo of a tank.
./data/synthetic/synthetic_data_b/Caltech101_Syn/10.jpeg,"a photo of a Chevrolet Silverado 1500 Regular Cab 2012, a type of car."
./data/synthetic/synthetic_data_b/Caltech101_Syn/11.jpeg,a photo of a baseball.
./data/synthetic/synthetic_data_b/Caltech101_Syn/12.jpeg,"a photo of a clematis, a type of flower."
./data/synthetic/synthetic_data_b/Caltech101_Syn/13.jpeg,a photo of a wheelbarrow.
./data/synthetic/synthetic_data_b/Caltech101_Syn/14.jpeg,"a photo of a hummus, a type of food."
./data/synthetic/synthetic_data_b/Caltech101_Syn/15.jpeg,a photo of a rock crab.
./data/synthetic/synthetic_data_b/Caltech101_Syn/16.jpeg,a photo of a Schipperke.
./data/synthetic/synthetic_data_b/Caltech101_Syn/17.jpeg,"a photo of a Nissan 240SX Coupe 1998, a type of car."
./data/synthetic/synthetic_data_b/Caltech101_Syn/18.jpeg,a photo of a bedroom.
./data/synthetic/synthetic_data_b/Caltech101_Syn/19.jpeg,"a photo of a spring rolls, a type of food."
./data/synthetic/synthetic_data_b/Caltech101_Syn/20.jpeg,"a photo of a Dodge Caliber Wagon 2007, a type of car."
./data/synthetic/synthetic_data_b/Caltech101_Syn/21.jpeg,a photo of a Staffordshire Bull Terrier.
./data/synthetic/synthetic_data_b/Caltech101_Syn/22.jpeg,a photo of a horse chestnut seed.
./data/synthetic/synthetic_data_b/Caltech101_Syn/23.jpeg,a photo of a barndoor.
./data/synthetic/synthetic_data_b/Caltech101_Syn/24.jpeg,"a photo of a spring crocus, a type of flower."
./data/synthetic/synthetic_data_b/Caltech101_Syn/25.jpeg,"a photo of a french toast, a type of food."
./data/synthetic/synthetic_data_b/Caltech101_Syn/26.jpeg,"a photo of a ERJ 145, a type of aircraft."
./data/synthetic/synthetic_data_b/Caltech101_Syn/27.jpeg,a photo of a garbage dump.
./data/synthetic/synthetic_data_b/Caltech101_Syn/28.jpeg,a photo of a airplane cabin.
./data/synthetic/synthetic_data_b/Caltech101_Syn/29.jpeg,a photo of a hamper.
./data/synthetic/synthetic_data_b/Caltech101_Syn/30.jpeg,a photo of a trolleybus.
./data/synthetic/synthetic_data_b/Caltech101_Syn/31.jpeg,"a photo of a grilled salmon, a type of food."
./data/synthetic/synthetic_data_b/Caltech101_Syn/32.jpeg,a photo of a pulpit.
./data/synthetic/synthetic_data_b/Caltech101_Syn/33.jpeg,a photo of a medicine cabinet.
./data/synthetic/synthetic_data_b/Caltech101_Syn/34.jpeg,a photo of a digital watch.
./data/synthetic/synthetic_data_b/Caltech101_Syn/35.jpeg,"a photo of a Chrysler Sebring Convertible 2010, a type of car."
./data/synthetic/synthetic_data_b/Caltech101_Syn/36.jpeg,"a photo of a Scion xD Hatchback 2012, a type of car."
./data/synthetic/synthetic_data_b/Caltech101_Syn/37.jpeg,"a photo of a pulled pork sandwich, a type of food."
./data/synthetic/synthetic_data_b/Caltech101_Syn/38.jpeg,a photo of a pirate ship.
./data/synthetic/synthetic_data_b/Caltech101_Syn/39.jpeg,"a photo of a DC-8, a type of aircraft."
./data/synthetic/synthetic_data_b/Caltech101_Syn/40.jpeg,a photo of a Toy Poodle.
./data/synthetic/synthetic_data_b/Caltech101_Syn/41.jpeg,"a photo of a macaroni and cheese, a type of food."
./data/synthetic/synthetic_data_b/Caltech101_Syn/42.jpeg,"a photo of a Lamborghini Diablo Coupe 2001, a type of car."
./data/synthetic/synthetic_data_b/Caltech101_Syn/43.jpeg,"a photo of a Audi 100 Sedan 1994, a type of car."
./data/synthetic/synthetic_data_b/Caltech101_Syn/44.jpeg,"a photo of a Chevrolet Avalanche Crew Cab 2012, a type of car."
./data/synthetic/synthetic_data_b/Caltech101_Syn/45.jpeg,a photo of a beauty salon.
./data/synthetic/synthetic_data_b/Caltech101_Syn/46.jpeg,"a photo of a tiramisu, a type of food."
./data/synthetic/synthetic_data_b/Caltech101_Syn/47.jpeg,"a photo of a Audi S6 Sedan 2011, a type of car."
./data/synthetic/synthetic_data_b/Caltech101_Syn/48.jpeg,"a photo of a Aston Martin V8 Vantage Coupe 2012, a type of car."
./data/synthetic/synthetic_data_b/Caltech101_Syn/49.jpeg,a photo of a jewelry shop.
./data/synthetic/synthetic_data_b/Caltech101_Syn/50.jpeg,a photo of a gibbon.
./data/synthetic/synthetic_data_b/Caltech101_Syn/51.jpeg,a photo of a tree farm.
./data/synthetic/synthetic_data_b/Caltech101_Syn/52.jpeg,"a photo of a gyoza, a type of food."
./data/synthetic/synthetic_data_b/Caltech101_Syn/53.jpeg,a photo of a carousel.
./data/synthetic/synthetic_data_b/Caltech101_Syn/54.jpeg,a photo of a amusement arcade.
./data/synthetic/synthetic_data_b/Caltech101_Syn/55.jpeg,a photo of a harp.
./data/synthetic/synthetic_data_b/Caltech101_Syn/56.jpeg,a photo of a lionfish.
./data/synthetic/synthetic_data_b/Caltech101_Syn/57.jpeg,a photo of a tiger shark.
./data/synthetic/synthetic_data_b/Caltech101_Syn/58.jpeg,a photo of a Boxer.
./data/synthetic/synthetic_data_b/Caltech101_Syn/59.jpeg,a photo of a Nile crocodile.
./data/synthetic/synthetic_data_b/Caltech101_Syn/60.jpeg,a photo of a fig.
./data/synthetic/synthetic_data_b/Caltech101_Syn/61.jpeg,"a photo of a risotto, a type of food."
./data/synthetic/synthetic_data_b/Caltech101_Syn/62.jpeg,a photo of a hill.
./data/synthetic/synthetic_data_b/Caltech101_Syn/63.jpeg,a photo of a Entlebucher Sennenhund.
./data/synthetic/synthetic_data_b/Caltech101_Syn/64.jpeg,a photo of a building facade.
./data/synthetic/synthetic_data_b/Caltech101_Syn/65.jpeg,a photo of a pulpit.
./data/synthetic/synthetic_data_b/Caltech101_Syn/66.jpeg,a photo of a barbershop.
./data/synthetic/synthetic_data_b/Caltech101_Syn/67.jpeg,a photo of a hotel/outdoor.
./data/synthetic/synthetic_data_b/Caltech101_Syn/68.jpeg,"a photo of a miso soup, a type of food."
./data/synthetic/synthetic_data_b/Caltech101_Syn/69.jpeg,a photo of a teapot.
./data/synthetic/synthetic_data_b/Caltech101_Syn/70.jpeg,a photo of a tank.
./data/synthetic/synthetic_data_b/Caltech101_Syn/71.jpeg,a photo of a hornbill.
./data/synthetic/synthetic_data_b/Caltech101_Syn/72.jpeg,a photo of a oboe.
./data/synthetic/synthetic_data_b/Caltech101_Syn/73.jpeg,a photo of a picket fence.
./data/synthetic/synthetic_data_b/Caltech101_Syn/74.jpeg,"a photo of a Jeep Grand Cherokee SUV 2012, a type of car."
./data/synthetic/synthetic_data_b/Caltech101_Syn/75.jpeg,a photo of a islet.
./data/synthetic/synthetic_data_b/Caltech101_Syn/76.jpeg,"a photo of the number: ""8 - eight""."
./data/synthetic/synthetic_data_b/Caltech101_Syn/77.jpeg,a photo of a bath towel.
./data/synthetic/synthetic_data_b/Caltech101_Syn/78.jpeg,a photo of a vulture.
./data/synthetic/synthetic_data_b/Caltech101_Syn/79.jpeg,"a photo of a Beagle, a type of pet."
./data/synthetic/synthetic_data_b/Caltech101_Syn/80.jpeg,a photo of a trash can.
./data/synthetic/synthetic_data_b/Caltech101_Syn/81.jpeg,"a photo of a tree poppy, a type of flower."
./data/synthetic/synthetic_data_b/Caltech101_Syn/82.jpeg,a photo of a gondola.
./data/synthetic/synthetic_data_b/Caltech101_Syn/83.jpeg,a photo of a Crock Pot.
./data/synthetic/synthetic_data_b/Caltech101_Syn/84.jpeg,a photo of a general store/outdoor.
./data/synthetic/synthetic_data_b/Caltech101_Syn/85.jpeg,a photo of a bustard.
./data/synthetic/synthetic_data_b/Caltech101_Syn/86.jpeg,a photo of a slip-on shoe.
./data/synthetic/synthetic_data_b/Caltech101_Syn/87.jpeg,a photo of a kimono.
./data/synthetic/synthetic_data_b/Caltech101_Syn/88.jpeg,"a photo of a BMW Z4 Convertible 2012, a type of car."
./data/synthetic/synthetic_data_b/Caltech101_Syn/89.jpeg,"a photo of a Honda Odyssey Minivan 2007, a type of car."
./data/synthetic/synthetic_data_b/Caltech101_Syn/90.jpeg,a photo of a monastery.
./data/synthetic/synthetic_data_b/Caltech101_Syn/91.jpeg,a photo of a delicatessen.
./data/synthetic/synthetic_data_b/Caltech101_Syn/92.jpeg,a photo of a house finch.
./data/synthetic/synthetic_data_b/Caltech101_Syn/93.jpeg,a photo of a Bouvier des Flandres dog.
./data/synthetic/synthetic_data_b/Caltech101_Syn/94.jpeg,"a photo of a cautleya spicata, a type of flower."
./data/synthetic/synthetic_data_b/Caltech101_Syn/95.jpeg,a photo of a obelisk.
./data/synthetic/synthetic_data_b/Caltech101_Syn/96.jpeg,a photo of a pan flute.
./data/synthetic/synthetic_data_b/Caltech101_Syn/97.jpeg,a photo of a space heater.
./data/synthetic/synthetic_data_b/Caltech101_Syn/98.jpeg,a photo of a baseball field.
./data/synthetic/synthetic_data_b/Caltech101_Syn/99.jpeg,"a photo of a Mercedes-Benz Sprinter Van 2012, a type of car."
./data/synthetic/synthetic_data_b/Caltech101_Syn/100.jpeg,"a photo of a mussels, a type of food."
./data/synthetic/synthetic_data_b/Caltech101_Syn/101.jpeg,a photo of a vine snake.
./data/synthetic/synthetic_data_b/Caltech101_Syn/102.jpeg,a photo of a oilrig.
./data/synthetic/synthetic_data_b/Caltech101_Syn/103.jpeg,a photo of a black-footed ferret.
./data/synthetic/synthetic_data_b/Caltech101_Syn/104.jpeg,a photo of a pufferfish.
./data/synthetic/synthetic_data_b/Caltech101_Syn/105.jpeg,a photo of a muzzle.
./data/synthetic/synthetic_data_b/Caltech101_Syn/106.jpeg,a photo of a outhouse/outdoor.
./data/synthetic/synthetic_data_b/Caltech101_Syn/107.jpeg,a photo of a product packet / packaging.
./data/synthetic/synthetic_data_b/Caltech101_Syn/108.jpeg,"a photo of a CRJ-700, a type of aircraft."
./data/synthetic/synthetic_data_b/Caltech101_Syn/109.jpeg,"a photo of a mexican aster, a type of flower."
./data/synthetic/synthetic_data_b/Caltech101_Syn/110.jpeg,a photo of a baseball player.
./data/synthetic/synthetic_data_b/Caltech101_Syn/111.jpeg,"a photo of a A380, a type of aircraft."
./data/synthetic/synthetic_data_b/Caltech101_Syn/112.jpeg,a photo of a bubble.
./data/synthetic/synthetic_data_b/Caltech101_Syn/113.jpeg,a photo of a home office.
./data/synthetic/synthetic_data_b/Caltech101_Syn/114.jpeg,a photo of a yellow garden spider.
./data/synthetic/synthetic_data_b/Caltech101_Syn/115.jpeg,"a photo of a Great Pyrenees, a type of pet."
./data/synthetic/synthetic_data_b/Caltech101_Syn/116.jpeg,a photo of a kit fox.
./data/synthetic/synthetic_data_b/Caltech101_Syn/117.jpeg,a photo of a yellow lady's slipper.
./data/synthetic/synthetic_data_b/Caltech101_Syn/118.jpeg,a photo of a lacewing.
./data/synthetic/synthetic_data_b/Caltech101_Syn/119.jpeg,"a photo of a seaweed salad, a type of food."
./data/synthetic/synthetic_data_b/Caltech101_Syn/120.jpeg,a photo of a cucumber.
./data/synthetic/synthetic_data_b/Caltech101_Syn/121.jpeg,a photo of a waiting room.
./data/synthetic/synthetic_data_b/Caltech101_Syn/122.jpeg,a photo of a sky.
./data/synthetic/synthetic_data_b/Caltech101_Syn/123.jpeg,"a photo of a FIAT 500 Convertible 2012, a type of car."
./data/synthetic/synthetic_data_b/Caltech101_Syn/124.jpeg,a photo of a wet bar.
./data/synthetic/synthetic_data_b/Caltech101_Syn/125.jpeg,a photo of a oil filter.
./data/synthetic/synthetic_data_b/Caltech101_Syn/126.jpeg,a photo of a mushroom.
./data/synthetic/synthetic_data_b/Caltech101_Syn/127.jpeg,a photo of a forest/broadleaf.
./data/synthetic/synthetic_data_b/Caltech101_Syn/128.jpeg,a photo of a library/indoor.
./data/synthetic/synthetic_data_b/Caltech101_Syn/129.jpeg,a photo of a tank.
./data/synthetic/synthetic_data_b/Caltech101_Syn/130.jpeg,"a photo of a DH-82, a type of aircraft."
./data/synthetic/synthetic_data_b/Caltech101_Syn/131.jpeg,a photo of a canal/natural.
./data/synthetic/synthetic_data_b/Caltech101_Syn/132.jpeg,a photo of a slug.
./data/synthetic/synthetic_data_b/Caltech101_Syn/133.jpeg,a photo of a pantry.
./data/synthetic/synthetic_data_b/Caltech101_Syn/134.jpeg,"a photo of a Chevrolet TrailBlazer SS 2009, a type of car."
./data/synthetic/synthetic_data_b/Caltech101_Syn/135.jpeg,a photo of a joystick.
./data/synthetic/synthetic_data_b/Caltech101_Syn/136.jpeg,"a photo of a Maybach Landaulet Convertible 2012, a type of car."
./data/synthetic/synthetic_data_b/Caltech101_Syn/137.jpeg,a photo of a basement.
./data/synthetic/synthetic_data_b/Caltech101_Syn/138.jpeg,"a photo of a bolero deep blue, a type of flower."
./data/synthetic/synthetic_data_b/Caltech101_Syn/139.jpeg,a photo of a maze.
./data/synthetic/synthetic_data_b/Caltech101_Syn/140.jpeg,"a photo of a Hyundai Sonata Sedan 2012, a type of car."
./data/synthetic/synthetic_data_b/Caltech101_Syn/141.jpeg,"a photo of a Eagle Talon Hatchback 1998, a type of car."
./data/synthetic/synthetic_data_b/Caltech101_Syn/142.jpeg,a photo of a banded gecko.
./data/synthetic/synthetic_data_b/Caltech101_Syn/143.jpeg,a photo of a barometer.
./data/synthetic/synthetic_data_b/Caltech101_Syn/144.jpeg,"a photo of a Suzuki SX4 Hatchback 2012, a type of car."
./data/synthetic/synthetic_data_b/Caltech101_Syn/145.jpeg,"a photo of a pink-yellow dahlia, a type of flower."
./data/synthetic/synthetic_data_b/Caltech101_Syn/146.jpeg,a photo of a necklace.
./data/synthetic/synthetic_data_b/Caltech101_Syn/147.jpeg,a photo of a hotel/outdoor.
./data/synthetic/synthetic_data_b/Caltech101_Syn/148.jpeg,"a photo of a A380, a type of aircraft."
./data/synthetic/synthetic_data_b/Caltech101_Syn/149.jpeg,a photo of a veterinarians office.
./data/synthetic/synthetic_data_b/Caltech101_Syn/150.jpeg,a photo of a herb garden.
./data/synthetic/synthetic_data_b/Caltech101_Syn/151.jpeg,a photo of a pirate ship.
./data/synthetic/synthetic_data_b/Caltech101_Syn/152.jpeg,a photo of a limpkin.
./data/synthetic/synthetic_data_b/Caltech101_Syn/153.jpeg,a photo of a dung beetle.
./data/synthetic/synthetic_data_b/Caltech101_Syn/154.jpeg,a photo of a golf ball.
./data/synthetic/synthetic_data_b/Caltech101_Syn/155.jpeg,a photo of a physics laboratory.
./data/synthetic/synthetic_data_b/Caltech101_Syn/156.jpeg,a photo of a Indian cobra.
./data/synthetic/synthetic_data_b/Caltech101_Syn/157.jpeg,a photo of a paddle wheel.
./data/synthetic/synthetic_data_b/Caltech101_Syn/158.jpeg,a photo of a rugby ball.
./data/synthetic/synthetic_data_b/Caltech101_Syn/159.jpeg,"a photo of a scallops, a type of food."
./data/synthetic/synthetic_data_b/Caltech101_Syn/160.jpeg,"a photo of a Dodge Durango SUV 2007, a type of car."
./data/synthetic/synthetic_data_b/Caltech101_Syn/161.jpeg,a photo of a playground.
./data/synthetic/synthetic_data_b/Caltech101_Syn/162.jpeg,a photo of a common sorrel horse.
./data/synthetic/synthetic_data_b/Caltech101_Syn/163.jpeg,"a photo of a Nissan Juke Hatchback 2012, a type of car."
./data/synthetic/synthetic_data_b/Caltech101_Syn/164.jpeg,"a photo of a fried rice, a type of food."
./data/synthetic/synthetic_data_b/Caltech101_Syn/165.jpeg,a photo of a sleeping bag.
./data/synthetic/synthetic_data_b/Caltech101_Syn/166.jpeg,a photo of a ring-tailed lemur.
./data/synthetic/synthetic_data_b/Caltech101_Syn/167.jpeg,"a photo of a chocolate mousse, a type of food."
./data/synthetic/synthetic_data_b/Caltech101_Syn/168.jpeg,a photo of a Bernese Mountain Dog.
./data/synthetic/synthetic_data_b/Caltech101_Syn/169.jpeg,a photo of a ski slope.
./data/synthetic/synthetic_data_b/Caltech101_Syn/170.jpeg,a photo of a fishpond.
./data/synthetic/synthetic_data_b/Caltech101_Syn/171.jpeg,a photo of a childs room.
./data/synthetic/synthetic_data_b/Caltech101_Syn/172.jpeg,a photo of a lotion.
./data/synthetic/synthetic_data_b/Caltech101_Syn/173.jpeg,"a photo of a trumpet creeper, a type of flower."
./data/synthetic/synthetic_data_b/Caltech101_Syn/174.jpeg,a photo of a sandbar.
./data/synthetic/synthetic_data_b/Caltech101_Syn/175.jpeg,a photo of a matchstick.
./data/synthetic/synthetic_data_b/Caltech101_Syn/176.jpeg,a photo of a anechoic chamber.
./data/synthetic/synthetic_data_b/Caltech101_Syn/177.jpeg,a photo of a green mamba.
./data/synthetic/synthetic_data_b/Caltech101_Syn/178.jpeg,a photo of a fire screen.
./data/synthetic/synthetic_data_b/Caltech101_Syn/179.jpeg,a photo of a tank.
./data/synthetic/synthetic_data_b/Caltech101_Syn/180.jpeg,a photo of a Scottish Deerhound.
./data/synthetic/synthetic_data_b/Caltech101_Syn/181.jpeg,"a photo of a Audi 100 Wagon 1994, a type of car."
./data/synthetic/synthetic_data_b/Caltech101_Syn/182.jpeg,a photo of a tent/outdoor.
./data/synthetic/synthetic_data_b/Caltech101_Syn/183.jpeg,a photo of a cello.
./data/synthetic/synthetic_data_b/Caltech101_Syn/184.jpeg,a photo of a remote control.
./data/synthetic/synthetic_data_b/Caltech101_Syn/185.jpeg,a photo of a consomme.
./data/synthetic/synthetic_data_b/Caltech101_Syn/186.jpeg,a photo of a oast house.
./data/synthetic/synthetic_data_b/Caltech101_Syn/187.jpeg,a photo of a lampshade.
./data/synthetic/synthetic_data_b/Caltech101_Syn/188.jpeg,a photo of a bell tower.
./data/synthetic/synthetic_data_b/Caltech101_Syn/189.jpeg,"a photo of a Chrysler Aspen SUV 2009, a type of car."
./data/synthetic/synthetic_data_b/Caltech101_Syn/190.jpeg,a photo of a lampshade.
./data/synthetic/synthetic_data_b/Caltech101_Syn/191.jpeg,a photo of a European polecat.
./data/synthetic/synthetic_data_b/Caltech101_Syn/192.jpeg,a photo of a Old English Sheepdog.
./data/synthetic/synthetic_data_b/Caltech101_Syn/193.jpeg,a photo of a rotisserie.
./data/synthetic/synthetic_data_b/Caltech101_Syn/194.jpeg,a photo of a forest path.
./data/synthetic/synthetic_data_b/Caltech101_Syn/195.jpeg,a photo of a tarantula.
./data/synthetic/synthetic_data_b/Caltech101_Syn/196.jpeg,a photo of a escalator/indoor.
./data/synthetic/synthetic_data_b/Caltech101_Syn/197.jpeg,a photo of a assault rifle.
./data/synthetic/synthetic_data_b/Caltech101_Syn/198.jpeg,"a photo of a A330-200, a type of aircraft."
./data/synthetic/synthetic_data_b/Caltech101_Syn/199.jpeg,a photo of a Lakeland Terrier.
./data/synthetic/synthetic_data_b/Caltech101_Syn/200.jpeg,a photo of a airplane wing.
./data/synthetic/synthetic_data_b/Caltech101_Syn/201.jpeg,"a photo of a BMW X3 SUV 2012, a type of car."
./data/synthetic/synthetic_data_b/Caltech101_Syn/202.jpeg,a photo of a triceratops.
./data/synthetic/synthetic_data_b/Caltech101_Syn/203.jpeg,a photo of a hot tub/outdoor.
./data/synthetic/synthetic_data_b/Caltech101_Syn/204.jpeg,a photo of a acorn.
./data/synthetic/synthetic_data_b/Caltech101_Syn/205.jpeg,"a photo of a 747-100, a type of aircraft."
./data/synthetic/synthetic_data_b/Caltech101_Syn/206.jpeg,"a photo of a Audi TT RS Coupe 2012, a type of car."
./data/synthetic/synthetic_data_b/Caltech101_Syn/207.jpeg,a photo of a praying mantis.
./data/synthetic/synthetic_data_b/Caltech101_Syn/208.jpeg,a photo of a snoek fish.
./data/synthetic/synthetic_data_b/Caltech101_Syn/209.jpeg,a photo of a paintbrush.
./data/synthetic/synthetic_data_b/Caltech101_Syn/210.jpeg,"a photo of a Cessna 208, a type of aircraft."
./data/synthetic/synthetic_data_b/Caltech101_Syn/211.jpeg,a photo of a horse chestnut seed.
./data/synthetic/synthetic_data_b/Caltech101_Syn/212.jpeg,a photo of a boathouse.
./data/synthetic/synthetic_data_b/Caltech101_Syn/213.jpeg,a photo of a synagogue/indoor.
./data/synthetic/synthetic_data_b/Caltech101_Syn/214.jpeg,"a photo of a Chevrolet Malibu Sedan 2007, a type of car."
./data/synthetic/synthetic_data_b/Caltech101_Syn/215.jpeg,a photo of a magnetic compass.
./data/synthetic/synthetic_data_b/Caltech101_Syn/216.jpeg,a photo of a elevator/door.
./data/synthetic/synthetic_data_b/Caltech101_Syn/217.jpeg,a photo of a vespa.
./data/synthetic/synthetic_data_b/Caltech101_Syn/218.jpeg,a photo of a cheetah.
./data/synthetic/synthetic_data_b/Caltech101_Syn/219.jpeg,a photo of a diner/outdoor.
./data/synthetic/synthetic_data_b/Caltech101_Syn/220.jpeg,a photo of a sushi bar.
./data/synthetic/synthetic_data_b/Caltech101_Syn/221.jpeg,a photo of a Australian Silky Terrier.
./data/synthetic/synthetic_data_b/Caltech101_Syn/222.jpeg,a photo of a mausoleum.
./data/synthetic/synthetic_data_b/Caltech101_Syn/223.jpeg,"a photo of a Fokker 70, a type of aircraft."
./data/synthetic/synthetic_data_b/Caltech101_Syn/224.jpeg,"a photo of a Chevrolet Traverse SUV 2012, a type of car."
./data/synthetic/synthetic_data_b/Caltech101_Syn/225.jpeg,"a photo of a daffodil, a type of flower."
./data/synthetic/synthetic_data_b/Caltech101_Syn/226.jpeg,a photo of a red wolf or maned wolf.
./data/synthetic/synthetic_data_b/Caltech101_Syn/227.jpeg,a photo of a banjo.
./data/synthetic/synthetic_data_b/Caltech101_Syn/228.jpeg,a photo of a baseball field.
./data/synthetic/synthetic_data_b/Caltech101_Syn/229.jpeg,a photo of a European garden spider.
./data/synthetic/synthetic_data_b/Caltech101_Syn/230.jpeg,a photo of a spaghetti squash.
./data/synthetic/synthetic_data_b/Caltech101_Syn/231.jpeg,a photo of a shower cap.
./data/synthetic/synthetic_data_b/Caltech101_Syn/232.jpeg,a photo of a art gallery.
./data/synthetic/synthetic_data_b/Caltech101_Syn/233.jpeg,a photo of a sky.
./data/synthetic/synthetic_data_b/Caltech101_Syn/234.jpeg,"a photo of a Chevrolet Silverado 1500 Classic Extended Cab 2007, a type of car."
./data/synthetic/synthetic_data_b/Caltech101_Syn/235.jpeg,a photo of a Miniature Pinscher.
./data/synthetic/synthetic_data_b/Caltech101_Syn/236.jpeg,a photo of a hen.
./data/synthetic/synthetic_data_b/Caltech101_Syn/237.jpeg,a photo of a messenger bag.
./data/synthetic/synthetic_data_b/Caltech101_Syn/238.jpeg,"a photo of a E-195, a type of aircraft."
./data/synthetic/synthetic_data_b/Caltech101_Syn/239.jpeg,a photo of a lorikeet.
./data/synthetic/synthetic_data_b/Caltech101_Syn/240.jpeg,"a photo of a silverbush, a type of flower."
./data/synthetic/synthetic_data_b/Caltech101_Syn/241.jpeg,a photo of a pulpit.
./data/synthetic/synthetic_data_b/Caltech101_Syn/242.jpeg,"a photo of a chocolate cake, a type of food."
./data/synthetic/synthetic_data_b/Caltech101_Syn/243.jpeg,a photo of a sushi bar.
./data/synthetic/synthetic_data_b/Caltech101_Syn/244.jpeg,a photo of a Weimaraner.
./data/synthetic/synthetic_data_b/Caltech101_Syn/245.jpeg,a photo of a obelisk.
./data/synthetic/synthetic_data_b/Caltech101_Syn/246.jpeg,a photo of a cherimoya (custard apple).
./data/synthetic/synthetic_data_b/Caltech101_Syn/247.jpeg,a photo of a village.
./data/synthetic/synthetic_data_b/Caltech101_Syn/248.jpeg,a photo of a hummingbird.
./data/synthetic/synthetic_data_b/Caltech101_Syn/249.jpeg,a photo of a Vizsla.
./data/synthetic/synthetic_data_b/Caltech101_Syn/250.jpeg,"a photo of a Chevrolet Malibu Hybrid Sedan 2010, a type of car."
./data/synthetic/synthetic_data_b/Caltech101_Syn/251.jpeg,a photo of a dam.
./data/synthetic/synthetic_data_b/Caltech101_Syn/252.jpeg,"a photo of a tiger lily, a type of flower."
./data/synthetic/synthetic_data_b/Caltech101_Syn/253.jpeg,a photo of a carrousel.
./data/synthetic/synthetic_data_b/Caltech101_Syn/254.jpeg,a photo of a one-piece bathing suit.
./data/synthetic/synthetic_data_b/Caltech101_Syn/255.jpeg,a photo of a European green lizard.
./data/synthetic/synthetic_data_b/Caltech101_Syn/256.jpeg,"a photo of a Suzuki SX4 Hatchback 2012, a type of car."
./data/synthetic/synthetic_data_b/Caltech101_Syn/257.jpeg,a photo of a conference room.
./data/synthetic/synthetic_data_b/Caltech101_Syn/258.jpeg,a photo of a one-piece bathing suit.
./data/synthetic/synthetic_data_b/Caltech101_Syn/259.jpeg,"a photo of a American Bulldog, a type of pet."
./data/synthetic/synthetic_data_b/Caltech101_Syn/260.jpeg,a photo of a warehouse/indoor.
./data/synthetic/synthetic_data_b/Caltech101_Syn/261.jpeg,a photo of a baseball.
./data/synthetic/synthetic_data_b/Caltech101_Syn/262.jpeg,a photo of a missile.
./data/synthetic/synthetic_data_b/Caltech101_Syn/263.jpeg,a photo of a apiary.
./data/synthetic/synthetic_data_b/Caltech101_Syn/264.jpeg,a photo of a sturgeon.
./data/synthetic/synthetic_data_b/Caltech101_Syn/265.jpeg,a photo of a half-track.
./data/synthetic/synthetic_data_b/Caltech101_Syn/266.jpeg,a photo of a French horn.
./data/synthetic/synthetic_data_b/Caltech101_Syn/267.jpeg,"a photo of a Dodge Dakota Club Cab 2007, a type of car."
./data/synthetic/synthetic_data_b/Caltech101_Syn/268.jpeg,a photo of a milk can.
./data/synthetic/synthetic_data_b/Caltech101_Syn/269.jpeg,a photo of a doorway/outdoor.
./data/synthetic/synthetic_data_b/Caltech101_Syn/270.jpeg,a photo of a hair wig.
./data/synthetic/synthetic_data_b/Caltech101_Syn/271.jpeg,"a photo of a carnation, a type of flower."
./data/synthetic/synthetic_data_b/Caltech101_Syn/272.jpeg,a photo of a Appenzeller Sennenhund.
./data/synthetic/synthetic_data_b/Caltech101_Syn/273.jpeg,a photo of a flute.
./data/synthetic/synthetic_data_b/Caltech101_Syn/274.jpeg,a photo of a dung beetle.
./data/synthetic/synthetic_data_b/Caltech101_Syn/275.jpeg,a photo of a ringlet butterfly.
./data/synthetic/synthetic_data_b/Caltech101_Syn/276.jpeg,a photo of a football helmet.
./data/synthetic/synthetic_data_b/Caltech101_Syn/277.jpeg,a photo of a Rottweiler.
./data/synthetic/synthetic_data_b/Caltech101_Syn/278.jpeg,a photo of a tree frog.
./data/synthetic/synthetic_data_b/Caltech101_Syn/279.jpeg,"a photo of a prime rib, a type of food."
./data/synthetic/synthetic_data_b/Caltech101_Syn/280.jpeg,"a photo of a Jeep Liberty SUV 2012, a type of car."
./data/synthetic/synthetic_data_b/Caltech101_Syn/281.jpeg,"a photo of a Cadillac Escalade EXT Crew Cab 2007, a type of car."
./data/synthetic/synthetic_data_b/Caltech101_Syn/282.jpeg,a photo of a Chesapeake Bay Retriever.
./data/synthetic/synthetic_data_b/Caltech101_Syn/283.jpeg,a photo of a barber chair.
./data/synthetic/synthetic_data_b/Caltech101_Syn/284.jpeg,"a photo of a Ford GT Coupe 2006, a type of car."
./data/synthetic/synthetic_data_b/Caltech101_Syn/285.jpeg,a photo of a pickup truck.
./data/synthetic/synthetic_data_b/Caltech101_Syn/286.jpeg,"a photo of a Honda Odyssey Minivan 2012, a type of car."
./data/synthetic/synthetic_data_b/Caltech101_Syn/287.jpeg,a photo of a military uniform.
./data/synthetic/synthetic_data_b/Caltech101_Syn/288.jpeg,a photo of a fire truck.
./data/synthetic/synthetic_data_b/Caltech101_Syn/289.jpeg,a photo of a snow leopard.
./data/synthetic/synthetic_data_b/Caltech101_Syn/290.jpeg,"a photo of a MD-90, a type of aircraft."
./data/synthetic/synthetic_data_b/Caltech101_Syn/291.jpeg,"a photo of a bromelia, a type of flower."
./data/synthetic/synthetic_data_b/Caltech101_Syn/292.jpeg,a photo of a iceberg.
./data/synthetic/synthetic_data_b/Caltech101_Syn/293.jpeg,a photo of a greenhouse.
./data/synthetic/synthetic_data_b/Caltech101_Syn/294.jpeg,"a photo of a Rolls-Royce Ghost Sedan 2012, a type of car."
./data/synthetic/synthetic_data_b/Caltech101_Syn/295.jpeg,a photo of a cloak.
./data/synthetic/synthetic_data_b/Caltech101_Syn/296.jpeg,a photo of a Alpine ibex.
./data/synthetic/synthetic_data_b/Caltech101_Syn/297.jpeg,a photo of a king penguin.
./data/synthetic/synthetic_data_b/Caltech101_Syn/298.jpeg,a photo of a mailbox.
./data/synthetic/synthetic_data_b/Caltech101_Syn/299.jpeg,"a photo of a lasagna, a type of food."
./data/synthetic/synthetic_data_b/Caltech101_Syn/300.jpeg,a photo of a warehouse/indoor.
./data/synthetic/synthetic_data_b/Caltech101_Syn/301.jpeg,a photo of a paddle.
./data/synthetic/synthetic_data_b/Caltech101_Syn/302.jpeg,"a photo of a Ford Freestar Minivan 2007, a type of car."
./data/synthetic/synthetic_data_b/Caltech101_Syn/303.jpeg,a photo of a airplane wing.
./data/synthetic/synthetic_data_b/Caltech101_Syn/304.jpeg,a photo of a platypus.
./data/synthetic/synthetic_data_b/Caltech101_Syn/305.jpeg,a photo of a Miniature Poodle.
./data/synthetic/synthetic_data_b/Caltech101_Syn/306.jpeg,a photo of a vine snake.
./data/synthetic/synthetic_data_b/Caltech101_Syn/307.jpeg,a photo of a pot pie.
./data/synthetic/synthetic_data_b/Caltech101_Syn/308.jpeg,"a photo of a 737-600, a type of aircraft."
./data/synthetic/synthetic_data_b/Caltech101_Syn/309.jpeg,"a photo of a lenten rose, a type of flower."
./data/synthetic/synthetic_data_b/Caltech101_Syn/310.jpeg,a photo of a platypus.
./data/synthetic/synthetic_data_b/Caltech101_Syn/311.jpeg,a photo of a Clumber Spaniel.
./data/synthetic/synthetic_data_b/Caltech101_Syn/312.jpeg,a photo of a seat belt.
./data/synthetic/synthetic_data_b/Caltech101_Syn/313.jpeg,a photo of a flatworm.
./data/synthetic/synthetic_data_b/Caltech101_Syn/314.jpeg,a photo of a Saluki.
./data/synthetic/synthetic_data_b/Caltech101_Syn/315.jpeg,a photo of a triumphal arch.
./data/synthetic/synthetic_data_b/Caltech101_Syn/316.jpeg,a photo of a snowmobile.
./data/synthetic/synthetic_data_b/Caltech101_Syn/317.jpeg,a photo of a gorilla.
./data/synthetic/synthetic_data_b/Caltech101_Syn/318.jpeg,"a photo of a blanket flower, a type of flower."
./data/synthetic/synthetic_data_b/Caltech101_Syn/319.jpeg,"a photo of a clam chowder, a type of food."
./data/synthetic/synthetic_data_b/Caltech101_Syn/320.jpeg,a photo of a volleyball court/outdoor.
./data/synthetic/synthetic_data_b/Caltech101_Syn/321.jpeg,"a photo of a cheesecake, a type of food."
./data/synthetic/synthetic_data_b/Caltech101_Syn/322.jpeg,"a photo of a steak, a type of food."
./data/synthetic/synthetic_data_b/Caltech101_Syn/323.jpeg,a photo of a parking garage/indoor.
./data/synthetic/synthetic_data_b/Caltech101_Syn/324.jpeg,"a photo of a tree poppy, a type of flower."
./data/synthetic/synthetic_data_b/Caltech101_Syn/325.jpeg,"a photo of a watercress, a type of flower."
./data/synthetic/synthetic_data_b/Caltech101_Syn/326.jpeg,a photo of a shipwreck.
./data/synthetic/synthetic_data_b/Caltech101_Syn/327.jpeg,"a photo of a nachos, a type of food."
./data/synthetic/synthetic_data_b/Caltech101_Syn/328.jpeg,a photo of a plastic bag.
./data/synthetic/synthetic_data_b/Caltech101_Syn/329.jpeg,a photo of a one-piece bathing suit.
./data/synthetic/synthetic_data_b/Caltech101_Syn/330.jpeg,a photo of a baby pacifier.
./data/synthetic/synthetic_data_b/Caltech101_Syn/331.jpeg,a photo of a lobby.
./data/synthetic/synthetic_data_b/Caltech101_Syn/332.jpeg,a photo of a airship.
./data/synthetic/synthetic_data_b/Caltech101_Syn/333.jpeg,a photo of a arrival gate/outdoor.
./data/synthetic/synthetic_data_b/Caltech101_Syn/334.jpeg,a photo of a conference room.
./data/synthetic/synthetic_data_b/Caltech101_Syn/335.jpeg,"a photo of a sweet william, a type of flower."
./data/synthetic/synthetic_data_b/Caltech101_Syn/336.jpeg,a photo of a kennel/outdoor.
./data/synthetic/synthetic_data_b/Caltech101_Syn/337.jpeg,"a photo of a Dodge Challenger SRT8 2011, a type of car."
./data/synthetic/synthetic_data_b/Caltech101_Syn/338.jpeg,a photo of a Afghan Hound.
./data/synthetic/synthetic_data_b/Caltech101_Syn/339.jpeg,"a photo of a CRJ-900, a type of aircraft."
./data/synthetic/synthetic_data_b/Caltech101_Syn/340.jpeg,a photo of a clothing store.
./data/synthetic/synthetic_data_b/Caltech101_Syn/341.jpeg,a photo of a creek.
./data/synthetic/synthetic_data_b/Caltech101_Syn/342.jpeg,a photo of a pineapple.
./data/synthetic/synthetic_data_b/Caltech101_Syn/343.jpeg,"a photo of a Mercedes-Benz SL-Class Coupe 2009, a type of car."
./data/synthetic/synthetic_data_b/Caltech101_Syn/344.jpeg,a photo of a grey wolf.
./data/synthetic/synthetic_data_b/Caltech101_Syn/345.jpeg,a photo of a Sealyham Terrier.
./data/synthetic/synthetic_data_b/Caltech101_Syn/346.jpeg,a photo of a landing deck.
./data/synthetic/synthetic_data_b/Caltech101_Syn/347.jpeg,a photo of a ice shelf.
./data/synthetic/synthetic_data_b/Caltech101_Syn/348.jpeg,"a photo of a Beechcraft 1900, a type of aircraft."
./data/synthetic/synthetic_data_b/Caltech101_Syn/349.jpeg,"a photo of a magnolia, a type of flower."
./data/synthetic/synthetic_data_b/Caltech101_Syn/350.jpeg,a photo of a carbonara.
./data/synthetic/synthetic_data_b/Caltech101_Syn/351.jpeg,a photo of a Scottish Terrier.
./data/synthetic/synthetic_data_b/Caltech101_Syn/352.jpeg,a photo of a cheeseburger.
./data/synthetic/synthetic_data_b/Caltech101_Syn/353.jpeg,a photo of a magnetic compass.
./data/synthetic/synthetic_data_b/Caltech101_Syn/354.jpeg,"a photo of a geranium, a type of flower."
./data/synthetic/synthetic_data_b/Caltech101_Syn/355.jpeg,"a photo of a English Cocker Spaniel, a type of pet."
./data/synthetic/synthetic_data_b/Caltech101_Syn/356.jpeg,a photo of a apartment building/outdoor.
./data/synthetic/synthetic_data_b/Caltech101_Syn/357.jpeg,a photo of a dam.
./data/synthetic/synthetic_data_b/Caltech101_Syn/358.jpeg,a photo of a pineapple.
./data/synthetic/synthetic_data_b/Caltech101_Syn/359.jpeg,a photo of a pizza.
./data/synthetic/synthetic_data_b/Caltech101_Syn/360.jpeg,a photo of a cardigan.
./data/synthetic/synthetic_data_b/Caltech101_Syn/361.jpeg,"a photo of a Tu-134, a type of aircraft."
./data/synthetic/synthetic_data_b/Caltech101_Syn/362.jpeg,a photo of a brass memorial plaque.
./data/synthetic/synthetic_data_b/Caltech101_Syn/363.jpeg,a photo of a brown bear.
./data/synthetic/synthetic_data_b/Caltech101_Syn/364.jpeg,a photo of a shoe shop.
./data/synthetic/synthetic_data_b/Caltech101_Syn/365.jpeg,a photo of a wet bar.
./data/synthetic/synthetic_data_b/Caltech101_Syn/366.jpeg,"a photo of a omelette, a type of food."
./data/synthetic/synthetic_data_b/Caltech101_Syn/367.jpeg,a photo of a rotary dial telephone.
./data/synthetic/synthetic_data_b/Caltech101_Syn/368.jpeg,"a photo of a A321, a type of aircraft."
./data/synthetic/synthetic_data_b/Caltech101_Syn/369.jpeg,a photo of a missile.
./data/synthetic/synthetic_data_b/Caltech101_Syn/370.jpeg,a photo of a snowmobile.
./data/synthetic/synthetic_data_b/Caltech101_Syn/371.jpeg,a photo of a black-and-white colobus.
./data/synthetic/synthetic_data_b/Caltech101_Syn/372.jpeg,"a photo of a watercress, a type of flower."
./data/synthetic/synthetic_data_b/Caltech101_Syn/373.jpeg,"a photo of a ATR-72, a type of aircraft."
./data/synthetic/synthetic_data_b/Caltech101_Syn/374.jpeg,"a photo of a balloon flower, a type of flower."
./data/synthetic/synthetic_data_b/Caltech101_Syn/375.jpeg,a photo of a muzzle.
./data/synthetic/synthetic_data_b/Caltech101_Syn/376.jpeg,a photo of a gas station.
./data/synthetic/synthetic_data_b/Caltech101_Syn/377.jpeg,a photo of a shed.
./data/synthetic/synthetic_data_b/Caltech101_Syn/378.jpeg,a photo of a train railway.
./data/synthetic/synthetic_data_b/Caltech101_Syn/379.jpeg,a photo of a moped.
./data/synthetic/synthetic_data_b/Caltech101_Syn/380.jpeg,a photo of a ice cream.
./data/synthetic/synthetic_data_b/Caltech101_Syn/381.jpeg,a photo of a corn cob.
./data/synthetic/synthetic_data_b/Caltech101_Syn/382.jpeg,a photo of a boa constrictor.
./data/synthetic/synthetic_data_b/Caltech101_Syn/383.jpeg,a photo of a bittern bird.
./data/synthetic/synthetic_data_b/Caltech101_Syn/384.jpeg,a photo of a coral reef.
./data/synthetic/synthetic_data_b/Caltech101_Syn/385.jpeg,a photo of a collie.
./data/synthetic/synthetic_data_b/Caltech101_Syn/386.jpeg,a photo of a piggy bank.
./data/synthetic/synthetic_data_b/Caltech101_Syn/387.jpeg,a photo of a volcano.
./data/synthetic/synthetic_data_b/Caltech101_Syn/388.jpeg,a photo of a artichoke.
./data/synthetic/synthetic_data_b/Caltech101_Syn/389.jpeg,a photo of a poolroom/home.
./data/synthetic/synthetic_data_b/Caltech101_Syn/390.jpeg,a photo of a bighorn sheep.
./data/synthetic/synthetic_data_b/Caltech101_Syn/391.jpeg,a photo of a gown.
./data/synthetic/synthetic_data_b/Caltech101_Syn/392.jpeg,a photo of a desert/sand.
./data/synthetic/synthetic_data_b/Caltech101_Syn/393.jpeg,a photo of a photocopier.
./data/synthetic/synthetic_data_b/Caltech101_Syn/394.jpeg,"a photo of a french onion soup, a type of food."
./data/synthetic/synthetic_data_b/Caltech101_Syn/395.jpeg,"a photo of a Rolls-Royce Phantom Sedan 2012, a type of car."
./data/synthetic/synthetic_data_b/Caltech101_Syn/396.jpeg,a photo of a Chow Chow.
./data/synthetic/synthetic_data_b/Caltech101_Syn/397.jpeg,"a photo of a Bentley Mulsanne Sedan 2011, a type of car."
./data/synthetic/synthetic_data_b/Caltech101_Syn/398.jpeg,a photo of a German Shorthaired Pointer.
./data/synthetic/synthetic_data_b/Caltech101_Syn/399.jpeg,a photo of a stretcher.
./data/synthetic/synthetic_data_b/Caltech101_Syn/400.jpeg,a photo of a lobby.
./data/synthetic/synthetic_data_b/Caltech101_Syn/401.jpeg,a photo of a art school.
./data/synthetic/synthetic_data_b/Caltech101_Syn/402.jpeg,a photo of a hill.
./data/synthetic/synthetic_data_b/Caltech101_Syn/403.jpeg,a photo of a Cocker Spaniel.
./data/synthetic/synthetic_data_b/Caltech101_Syn/404.jpeg,a photo of a graduation cap.
./data/synthetic/synthetic_data_b/Caltech101_Syn/405.jpeg,"a photo of a Hyundai Elantra Touring Hatchback 2012, a type of car."
./data/synthetic/synthetic_data_b/Caltech101_Syn/406.jpeg,"a photo of a Persian, a type of pet."
./data/synthetic/synthetic_data_b/Caltech101_Syn/407.jpeg,a photo of a king penguin.
./data/synthetic/synthetic_data_b/Caltech101_Syn/408.jpeg,a photo of a greenhouse/outdoor.
./data/synthetic/synthetic_data_b/Caltech101_Syn/409.jpeg,a photo of a ladle.
./data/synthetic/synthetic_data_b/Caltech101_Syn/410.jpeg,"a photo of a Dodge Magnum Wagon 2008, a type of car."
./data/synthetic/synthetic_data_b/Caltech101_Syn/411.jpeg,a photo of a artichoke.
./data/synthetic/synthetic_data_b/Caltech101_Syn/412.jpeg,a photo of a steam locomotive.
./data/synthetic/synthetic_data_b/Caltech101_Syn/413.jpeg,"a photo of a caprese salad, a type of food."
./data/synthetic/synthetic_data_b/Caltech101_Syn/414.jpeg,a photo of a table lamp.
./data/synthetic/synthetic_data_b/Caltech101_Syn/415.jpeg,a photo of a chain.
./data/synthetic/synthetic_data_b/Caltech101_Syn/416.jpeg,"a photo of a pho, a type of food."
./data/synthetic/synthetic_data_b/Caltech101_Syn/417.jpeg,a photo of a cleaver.
./data/synthetic/synthetic_data_b/Caltech101_Syn/418.jpeg,"a photo of a Geo Metro Convertible 1993, a type of car."
./data/synthetic/synthetic_data_b/Caltech101_Syn/419.jpeg,a photo of a sulphur butterfly.
./data/synthetic/synthetic_data_b/Caltech101_Syn/420.jpeg,a photo of a corn.
./data/synthetic/synthetic_data_b/Caltech101_Syn/421.jpeg,a photo of a sewing machine.
./data/synthetic/synthetic_data_b/Caltech101_Syn/422.jpeg,a photo of a limpkin.
./data/synthetic/synthetic_data_b/Caltech101_Syn/423.jpeg,a photo of a pajamas.
./data/synthetic/synthetic_data_b/Caltech101_Syn/424.jpeg,a photo of a barometer.
./data/synthetic/synthetic_data_b/Caltech101_Syn/425.jpeg,a photo of a lecture room.
./data/synthetic/synthetic_data_b/Caltech101_Syn/426.jpeg,"a photo of a lotus, a type of flower."
./data/synthetic/synthetic_data_b/Caltech101_Syn/427.jpeg,"a photo of a carrot cake, a type of food."
./data/synthetic/synthetic_data_b/Caltech101_Syn/428.jpeg,a photo of a vacuum cleaner.
./data/synthetic/synthetic_data_b/Caltech101_Syn/429.jpeg,a photo of a forest/needleleaf.
./data/synthetic/synthetic_data_b/Caltech101_Syn/430.jpeg,a photo of a waffle iron.
./data/synthetic/synthetic_data_b/Caltech101_Syn/431.jpeg,"a photo of a Mercedes-Benz C-Class Sedan 2012, a type of car."
./data/synthetic/synthetic_data_b/Caltech101_Syn/432.jpeg,a photo of a game room.
./data/synthetic/synthetic_data_b/Caltech101_Syn/433.jpeg,a photo of a paper towel.
./data/synthetic/synthetic_data_b/Caltech101_Syn/434.jpeg,"a photo of a Ford E-Series Wagon Van 2012, a type of car."
./data/synthetic/synthetic_data_b/Caltech101_Syn/435.jpeg,"a photo of a lotus, a type of flower."
./data/synthetic/synthetic_data_b/Caltech101_Syn/436.jpeg,a photo of a castle.
./data/synthetic/synthetic_data_b/Caltech101_Syn/437.jpeg,a photo of a arabian camel.
./data/synthetic/synthetic_data_b/Caltech101_Syn/438.jpeg,"a photo of a spear thistle, a type of flower."
./data/synthetic/synthetic_data_b/Caltech101_Syn/439.jpeg,"a photo of a stemless gentian, a type of flower."
./data/synthetic/synthetic_data_b/Caltech101_Syn/440.jpeg,a photo of a Rhodesian Ridgeback.
./data/synthetic/synthetic_data_b/Caltech101_Syn/441.jpeg,a photo of a butchers shop.
./data/synthetic/synthetic_data_b/Caltech101_Syn/442.jpeg,"a photo of a Dornier 328, a type of aircraft."
./data/synthetic/synthetic_data_b/Caltech101_Syn/443.jpeg,a photo of a aqueduct.
./data/synthetic/synthetic_data_b/Caltech101_Syn/444.jpeg,"a photo of a Rolls-Royce Ghost Sedan 2012, a type of car."
./data/synthetic/synthetic_data_b/Caltech101_Syn/445.jpeg,a photo of a parking garage/outdoor.
./data/synthetic/synthetic_data_b/Caltech101_Syn/446.jpeg,a photo of a hen of the woods mushroom.
./data/synthetic/synthetic_data_b/Caltech101_Syn/447.jpeg,a photo of a Rottweiler.
./data/synthetic/synthetic_data_b/Caltech101_Syn/448.jpeg,"a photo of a cheese plate, a type of food."
./data/synthetic/synthetic_data_b/Caltech101_Syn/449.jpeg,"a photo of a clam chowder, a type of food."
./data/synthetic/synthetic_data_b/Caltech101_Syn/450.jpeg,a photo of a Granny Smith apple.
./data/synthetic/synthetic_data_b/Caltech101_Syn/451.jpeg,a photo of a mortar and pestle.
./data/synthetic/synthetic_data_b/Caltech101_Syn/452.jpeg,"a photo of a Hyundai Genesis Sedan 2012, a type of car."
./data/synthetic/synthetic_data_b/Caltech101_Syn/453.jpeg,a photo of a Scottish Terrier.
./data/synthetic/synthetic_data_b/Caltech101_Syn/454.jpeg,a photo of a mausoleum.
./data/synthetic/synthetic_data_b/Caltech101_Syn/455.jpeg,a photo of a wool.
./data/synthetic/synthetic_data_b/Caltech101_Syn/456.jpeg,a photo of a otter.
./data/synthetic/synthetic_data_b/Caltech101_Syn/457.jpeg,a photo of a slip-on shoe.
./data/synthetic/synthetic_data_b/Caltech101_Syn/458.jpeg,a photo of a couch.
./data/synthetic/synthetic_data_b/Caltech101_Syn/459.jpeg,a photo of a dowitcher.
./data/synthetic/synthetic_data_b/Caltech101_Syn/460.jpeg,"a photo of a cup cakes, a type of food."
./data/synthetic/synthetic_data_b/Caltech101_Syn/461.jpeg,a photo of a Kuvasz.
./data/synthetic/synthetic_data_b/Caltech101_Syn/462.jpeg,"a photo of a pink-yellow dahlia, a type of flower."
./data/synthetic/synthetic_data_b/Caltech101_Syn/463.jpeg,a photo of a library/indoor.
./data/synthetic/synthetic_data_b/Caltech101_Syn/464.jpeg,"a photo of a club sandwich, a type of food."
./data/synthetic/synthetic_data_b/Caltech101_Syn/465.jpeg,a photo of a dining room.
./data/synthetic/synthetic_data_b/Caltech101_Syn/466.jpeg,a photo of a market/indoor.
./data/synthetic/synthetic_data_b/Caltech101_Syn/467.jpeg,a photo of a saxophone.
./data/synthetic/synthetic_data_b/Caltech101_Syn/468.jpeg,a photo of a vespa.
./data/synthetic/synthetic_data_b/Caltech101_Syn/469.jpeg,"a photo of a Audi A5 Coupe 2012, a type of car."
./data/synthetic/synthetic_data_b/Caltech101_Syn/470.jpeg,"a photo of a English Setter, a type of pet."
./data/synthetic/synthetic_data_b/Caltech101_Syn/471.jpeg,"a photo of a monkshood, a type of flower."
./data/synthetic/synthetic_data_b/Caltech101_Syn/472.jpeg,a photo of a hermit crab.
./data/synthetic/synthetic_data_b/Caltech101_Syn/473.jpeg,a photo of a Norfolk Terrier.
./data/synthetic/synthetic_data_b/Caltech101_Syn/474.jpeg,a photo of a bikini.
./data/synthetic/synthetic_data_b/Caltech101_Syn/475.jpeg,a photo of a living room.
./data/synthetic/synthetic_data_b/Caltech101_Syn/476.jpeg,a photo of a Siamese cat.
./data/synthetic/synthetic_data_b/Caltech101_Syn/477.jpeg,a photo of a veranda.
./data/synthetic/synthetic_data_b/Caltech101_Syn/478.jpeg,"a photo of a Volkswagen Golf Hatchback 2012, a type of car."
./data/synthetic/synthetic_data_b/Caltech101_Syn/479.jpeg,"a photo of a 737-600, a type of aircraft."
./data/synthetic/synthetic_data_b/Caltech101_Syn/480.jpeg,a photo of a closet.
./data/synthetic/synthetic_data_b/Caltech101_Syn/481.jpeg,"a photo of the number: ""5 - five""."
./data/synthetic/synthetic_data_b/Caltech101_Syn/482.jpeg,a photo of a kindergarden classroom.
./data/synthetic/synthetic_data_b/Caltech101_Syn/483.jpeg,a photo of a tench.
./data/synthetic/synthetic_data_b/Caltech101_Syn/484.jpeg,a photo of a coffee shop.
./data/synthetic/synthetic_data_b/Caltech101_Syn/485.jpeg,a photo of a tiger beetle.
./data/synthetic/synthetic_data_b/Caltech101_Syn/486.jpeg,"a photo of a globe thistle, a type of flower."
./data/synthetic/synthetic_data_b/Caltech101_Syn/487.jpeg,a photo of a dung beetle.
./data/synthetic/synthetic_data_b/Caltech101_Syn/488.jpeg,a photo of a trifle.
./data/synthetic/synthetic_data_b/Caltech101_Syn/489.jpeg,"a photo of a Dodge Journey SUV 2012, a type of car."
./data/synthetic/synthetic_data_b/Caltech101_Syn/490.jpeg,a photo of a hatchet.
./data/synthetic/synthetic_data_b/Caltech101_Syn/491.jpeg,a photo of a slide rule.
./data/synthetic/synthetic_data_b/Caltech101_Syn/492.jpeg,"a photo of a miso soup, a type of food."
./data/synthetic/synthetic_data_b/Caltech101_Syn/493.jpeg,"a photo of a Suzuki SX4 Sedan 2012, a type of car."
./data/synthetic/synthetic_data_b/Caltech101_Syn/494.jpeg,a photo of a yurt.
./data/synthetic/synthetic_data_b/Caltech101_Syn/495.jpeg,a photo of a academic gown.
./data/synthetic/synthetic_data_b/Caltech101_Syn/496.jpeg,a photo of a baluster / handrail.
./data/synthetic/synthetic_data_b/Caltech101_Syn/497.jpeg,"a photo of a wild pansy, a type of flower."
./data/synthetic/synthetic_data_b/Caltech101_Syn/498.jpeg,a photo of a tent/outdoor.
./data/synthetic/synthetic_data_b/Caltech101_Syn/499.jpeg,a photo of a medicine cabinet.
./data/synthetic/synthetic_data_b/Caltech101_Syn/500.jpeg,a photo of a joystick.
./data/synthetic/synthetic_data_b/Caltech101_Syn/501.jpeg,"a photo of a Nissan Leaf Hatchback 2012, a type of car."
./data/synthetic/synthetic_data_b/Caltech101_Syn/502.jpeg,a photo of a harbor.
./data/synthetic/synthetic_data_b/Caltech101_Syn/503.jpeg,"a photo of a A330-200, a type of aircraft."
./data/synthetic/synthetic_data_b/Caltech101_Syn/504.jpeg,"a photo of a buttercup, a type of flower."
./data/synthetic/synthetic_data_b/Caltech101_Syn/505.jpeg,a photo of a letter opener.
./data/synthetic/synthetic_data_b/Caltech101_Syn/506.jpeg,"a photo of a BAE 146-300, a type of aircraft."
./data/synthetic/synthetic_data_b/Caltech101_Syn/507.jpeg,"a photo of a MD-90, a type of aircraft."
./data/synthetic/synthetic_data_b/Caltech101_Syn/508.jpeg,"a photo of a Falcon 900, a type of aircraft."
./data/synthetic/synthetic_data_b/Caltech101_Syn/509.jpeg,a photo of a volleyball.
./data/synthetic/synthetic_data_b/Caltech101_Syn/510.jpeg,a photo of a badlands.
./data/synthetic/synthetic_data_b/Caltech101_Syn/511.jpeg,"a photo of a A340-500, a type of aircraft."
./data/synthetic/synthetic_data_b/Caltech101_Syn/512.jpeg,a photo of a railroad car.
./data/synthetic/synthetic_data_b/Caltech101_Syn/513.jpeg,a photo of a Border Terrier.
./data/synthetic/synthetic_data_b/Caltech101_Syn/514.jpeg,"a photo of a Volvo 240 Sedan 1993, a type of car."
./data/synthetic/synthetic_data_b/Caltech101_Syn/515.jpeg,a photo of a bulbul.
./data/synthetic/synthetic_data_b/Caltech101_Syn/516.jpeg,"a photo of a huevos rancheros, a type of food."
./data/synthetic/synthetic_data_b/Caltech101_Syn/517.jpeg,"a photo of a Bugatti Veyron 16.4 Coupe 2009, a type of car."
./data/synthetic/synthetic_data_b/Caltech101_Syn/518.jpeg,a photo of a stove.
./data/synthetic/synthetic_data_b/Caltech101_Syn/519.jpeg,a photo of a pub/indoor.
./data/synthetic/synthetic_data_b/Caltech101_Syn/520.jpeg,a photo of a Keeshond.
./data/synthetic/synthetic_data_b/Caltech101_Syn/521.jpeg,a photo of a residential neighborhood.
./data/synthetic/synthetic_data_b/Caltech101_Syn/522.jpeg,a photo of a gymnastic horizontal bar.
./data/synthetic/synthetic_data_b/Caltech101_Syn/523.jpeg,a photo of a white stork.
./data/synthetic/synthetic_data_b/Caltech101_Syn/524.jpeg,a photo of a rain barrel.
./data/synthetic/synthetic_data_b/Caltech101_Syn/525.jpeg,"a photo of a 737-200, a type of aircraft."
./data/synthetic/synthetic_data_b/Caltech101_Syn/526.jpeg,"a photo of a HUMMER H2 SUT Crew Cab 2009, a type of car."
./data/synthetic/synthetic_data_b/Caltech101_Syn/527.jpeg,a photo of a sea anemone.
./data/synthetic/synthetic_data_b/Caltech101_Syn/528.jpeg,a photo of a goldfish.
./data/synthetic/synthetic_data_b/Caltech101_Syn/529.jpeg,"a photo of a mallow, a type of flower."
./data/synthetic/synthetic_data_b/Caltech101_Syn/530.jpeg,"a photo of a Jeep Liberty SUV 2012, a type of car."
./data/synthetic/synthetic_data_b/Caltech101_Syn/531.jpeg,a photo of a market/outdoor.
./data/synthetic/synthetic_data_b/Caltech101_Syn/532.jpeg,a photo of a poncho.
./data/synthetic/synthetic_data_b/Caltech101_Syn/533.jpeg,a photo of a Groenendael dog.
./data/synthetic/synthetic_data_b/Caltech101_Syn/534.jpeg,a photo of a shoe shop.
./data/synthetic/synthetic_data_b/Caltech101_Syn/535.jpeg,a photo of a gong.
./data/synthetic/synthetic_data_b/Caltech101_Syn/536.jpeg,a photo of a skyscraper.
./data/synthetic/synthetic_data_b/Caltech101_Syn/537.jpeg,a photo of a Indian cobra.
./data/synthetic/synthetic_data_b/Caltech101_Syn/538.jpeg,a photo of a cassette.
./data/synthetic/synthetic_data_b/Caltech101_Syn/539.jpeg,a photo of a vaulted or arched ceiling.
./data/synthetic/synthetic_data_b/Caltech101_Syn/540.jpeg,"a photo of a bougainvillea, a type of flower."
./data/synthetic/synthetic_data_b/Caltech101_Syn/541.jpeg,"a photo of a cannoli, a type of food."
./data/synthetic/synthetic_data_b/Caltech101_Syn/542.jpeg,a photo of a solar thermal collector.
./data/synthetic/synthetic_data_b/Caltech101_Syn/543.jpeg,"a photo of a risotto, a type of food."
./data/synthetic/synthetic_data_b/Caltech101_Syn/544.jpeg,a photo of a microwave oven.
./data/synthetic/synthetic_data_b/Caltech101_Syn/545.jpeg,a photo of a aqueduct.
./data/synthetic/synthetic_data_b/Caltech101_Syn/546.jpeg,a photo of a screw.
./data/synthetic/synthetic_data_b/Caltech101_Syn/547.jpeg,a photo of a couch.
./data/synthetic/synthetic_data_b/Caltech101_Syn/548.jpeg,a photo of a scoreboard.
./data/synthetic/synthetic_data_b/Caltech101_Syn/549.jpeg,a photo of a waffle iron.
./data/synthetic/synthetic_data_b/Caltech101_Syn/550.jpeg,"a photo of a Ford Fiesta Sedan 2012, a type of car."
./data/synthetic/synthetic_data_b/Caltech101_Syn/551.jpeg,a photo of a bassoon.
./data/synthetic/synthetic_data_b/Caltech101_Syn/552.jpeg,"a photo of a king protea, a type of flower."
./data/synthetic/synthetic_data_b/Caltech101_Syn/553.jpeg,a photo of a llama.
./data/synthetic/synthetic_data_b/Caltech101_Syn/554.jpeg,a photo of a cliff.
./data/synthetic/synthetic_data_b/Caltech101_Syn/555.jpeg,a photo of a Siamese cat.
./data/synthetic/synthetic_data_b/Caltech101_Syn/556.jpeg,a photo of a Asian elephant.
./data/synthetic/synthetic_data_b/Caltech101_Syn/557.jpeg,"a photo of a Hyundai Sonata Sedan 2012, a type of car."
./data/synthetic/synthetic_data_b/Caltech101_Syn/558.jpeg,a photo of a shield.
./data/synthetic/synthetic_data_b/Caltech101_Syn/559.jpeg,a photo of a plaza.
./data/synthetic/synthetic_data_b/Caltech101_Syn/560.jpeg,"a photo of a Cessna 560, a type of aircraft."
./data/synthetic/synthetic_data_b/Caltech101_Syn/561.jpeg,a photo of a soda bottle.
./data/synthetic/synthetic_data_b/Caltech101_Syn/562.jpeg,a photo of a phone booth.
./data/synthetic/synthetic_data_b/Caltech101_Syn/563.jpeg,a photo of a front curtain.
./data/synthetic/synthetic_data_b/Caltech101_Syn/564.jpeg,a photo of a praying mantis.
./data/synthetic/synthetic_data_b/Caltech101_Syn/565.jpeg,a photo of a hand-held computer.
./data/synthetic/synthetic_data_b/Caltech101_Syn/566.jpeg,a photo of a swimming pool/indoor.
./data/synthetic/synthetic_data_b/Caltech101_Syn/567.jpeg,"a photo of a artichoke, a type of flower."
./data/synthetic/synthetic_data_b/Caltech101_Syn/568.jpeg,a photo of a Great Pyrenees dog.
./data/synthetic/synthetic_data_b/Caltech101_Syn/569.jpeg,a photo of a African wild dog.
./data/synthetic/synthetic_data_b/Caltech101_Syn/570.jpeg,a photo of a vulture.
./data/synthetic/synthetic_data_b/Caltech101_Syn/571.jpeg,a photo of a albatross.
./data/synthetic/synthetic_data_b/Caltech101_Syn/572.jpeg,"a photo of a Maine Coon, a type of pet."
./data/synthetic/synthetic_data_b/Caltech101_Syn/573.jpeg,a photo of a tailed frog.
./data/synthetic/synthetic_data_b/Caltech101_Syn/574.jpeg,a photo of a brown bear.
./data/synthetic/synthetic_data_b/Caltech101_Syn/575.jpeg,a photo of a ballroom.
./data/synthetic/synthetic_data_b/Caltech101_Syn/576.jpeg,a photo of a underwater/coral reef.
./data/synthetic/synthetic_data_b/Caltech101_Syn/577.jpeg,a photo of a hen of the woods mushroom.
./data/synthetic/synthetic_data_b/Caltech101_Syn/578.jpeg,"a photo of a sweet pea, a type of flower."
./data/synthetic/synthetic_data_b/Caltech101_Syn/579.jpeg,a photo of a wardrobe.
./data/synthetic/synthetic_data_b/Caltech101_Syn/580.jpeg,a photo of a kit fox.
./data/synthetic/synthetic_data_b/Caltech101_Syn/581.jpeg,a photo of a Ibizan Hound.
./data/synthetic/synthetic_data_b/Caltech101_Syn/582.jpeg,a photo of a tabby cat.
./data/synthetic/synthetic_data_b/Caltech101_Syn/583.jpeg,"a photo of a Boxer, a type of pet."
./data/synthetic/synthetic_data_b/Caltech101_Syn/584.jpeg,a photo of a islet.
./data/synthetic/synthetic_data_b/Caltech101_Syn/585.jpeg,a photo of a television.
./data/synthetic/synthetic_data_b/Caltech101_Syn/586.jpeg,a photo of a server room.
./data/synthetic/synthetic_data_b/Caltech101_Syn/587.jpeg,a photo of a cheeseburger.
./data/synthetic/synthetic_data_b/Caltech101_Syn/588.jpeg,a photo of a waterfall/fan.
./data/synthetic/synthetic_data_b/Caltech101_Syn/589.jpeg,a photo of a gas station.
./data/synthetic/synthetic_data_b/Caltech101_Syn/590.jpeg,"a photo of a frangipani, a type of flower."
./data/synthetic/synthetic_data_b/Caltech101_Syn/591.jpeg,"a photo of a french onion soup, a type of food."
./data/synthetic/synthetic_data_b/Caltech101_Syn/592.jpeg,"a photo of a DR-400, a type of aircraft."
./data/synthetic/synthetic_data_b/Caltech101_Syn/593.jpeg,a photo of a trimaran.
./data/synthetic/synthetic_data_b/Caltech101_Syn/594.jpeg,"a photo of a pulled pork sandwich, a type of food."
./data/synthetic/synthetic_data_b/Caltech101_Syn/595.jpeg,a photo of a gibbon.
./data/synthetic/synthetic_data_b/Caltech101_Syn/596.jpeg,a photo of a baguette.
./data/synthetic/synthetic_data_b/Caltech101_Syn/597.jpeg,"a photo of a Bentley Continental Flying Spur Sedan 2007, a type of car."
./data/synthetic/synthetic_data_b/Caltech101_Syn/598.jpeg,a photo of a tray.
./data/synthetic/synthetic_data_b/Caltech101_Syn/599.jpeg,"a photo of a Hyundai Santa Fe SUV 2012, a type of car."
./data/synthetic/synthetic_data_b/Caltech101_Syn/600.jpeg,a photo of a market/indoor.
./data/synthetic/synthetic_data_b/Caltech101_Syn/601.jpeg,a photo of a dust jacket.
./data/synthetic/synthetic_data_b/Caltech101_Syn/602.jpeg,a photo of a shield.
./data/synthetic/synthetic_data_b/Caltech101_Syn/603.jpeg,a photo of a planetarium.
./data/synthetic/synthetic_data_b/Caltech101_Syn/604.jpeg,a photo of a broom.
./data/synthetic/synthetic_data_b/Caltech101_Syn/605.jpeg,a photo of a titi monkey.
./data/synthetic/synthetic_data_b/Caltech101_Syn/606.jpeg,a photo of a trench coat.
./data/synthetic/synthetic_data_b/Caltech101_Syn/607.jpeg,"a photo of a french toast, a type of food."
./data/synthetic/synthetic_data_b/Caltech101_Syn/608.jpeg,a photo of a American robin.
./data/synthetic/synthetic_data_b/Caltech101_Syn/609.jpeg,"a photo of a Suzuki SX4 Sedan 2012, a type of car."
./data/synthetic/synthetic_data_b/Caltech101_Syn/610.jpeg,"a photo of a Audi S5 Convertible 2012, a type of car."
./data/synthetic/synthetic_data_b/Caltech101_Syn/611.jpeg,a photo of a promenade deck.
./data/synthetic/synthetic_data_b/Caltech101_Syn/612.jpeg,a photo of a biology laboratory.
./data/synthetic/synthetic_data_b/Caltech101_Syn/613.jpeg,a photo of a catamaran.
./data/synthetic/synthetic_data_b/Caltech101_Syn/614.jpeg,a photo of a arch.
./data/synthetic/synthetic_data_b/Caltech101_Syn/615.jpeg,"a photo of a BMW 1 Series Coupe 2012, a type of car."
./data/synthetic/synthetic_data_b/Caltech101_Syn/616.jpeg,a photo of a face powder.
./data/synthetic/synthetic_data_b/Caltech101_Syn/617.jpeg,a photo of a sweatshirt.
./data/synthetic/synthetic_data_b/Caltech101_Syn/618.jpeg,"a photo of a DC-6, a type of aircraft."
./data/synthetic/synthetic_data_b/Caltech101_Syn/619.jpeg,"a photo of a GMC Savana Van 2012, a type of car."
./data/synthetic/synthetic_data_b/Caltech101_Syn/620.jpeg,"a photo of a Suzuki Aerio Sedan 2007, a type of car."
./data/synthetic/synthetic_data_b/Caltech101_Syn/621.jpeg,a photo of a race car.
./data/synthetic/synthetic_data_b/Caltech101_Syn/622.jpeg,a photo of a sidewinder rattlesnake.
./data/synthetic/synthetic_data_b/Caltech101_Syn/623.jpeg,a photo of a wolf spider.
./data/synthetic/synthetic_data_b/Caltech101_Syn/624.jpeg,"a photo of a Mercedes-Benz E-Class Sedan 2012, a type of car."
./data/synthetic/synthetic_data_b/Caltech101_Syn/625.jpeg,a photo of a rose hip.
./data/synthetic/synthetic_data_b/Caltech101_Syn/626.jpeg,"a photo of a blanket flower, a type of flower."
./data/synthetic/synthetic_data_b/Caltech101_Syn/627.jpeg,a photo of a radio.
./data/synthetic/synthetic_data_b/Caltech101_Syn/628.jpeg,a photo of a collie.
./data/synthetic/synthetic_data_b/Caltech101_Syn/629.jpeg,"a photo of a Toyota 4Runner SUV 2012, a type of car."
./data/synthetic/synthetic_data_b/Caltech101_Syn/630.jpeg,a photo of a yellow lady's slipper.
./data/synthetic/synthetic_data_b/Caltech101_Syn/631.jpeg,"a photo of a gazania, a type of flower."
./data/synthetic/synthetic_data_b/Caltech101_Syn/632.jpeg,a photo of a Bloodhound.
./data/synthetic/synthetic_data_b/Caltech101_Syn/633.jpeg,a photo of a jaguar.
./data/synthetic/synthetic_data_b/Caltech101_Syn/634.jpeg,a photo of a berth.
./data/synthetic/synthetic_data_b/Caltech101_Syn/635.jpeg,a photo of a bistro/indoor.
./data/synthetic/synthetic_data_b/Caltech101_Syn/636.jpeg,"a photo of a Chrysler 300 SRT-8 2010, a type of car."
./data/synthetic/synthetic_data_b/Caltech101_Syn/637.jpeg,a photo of a schoolhouse.
./data/synthetic/synthetic_data_b/Caltech101_Syn/638.jpeg,a photo of a chicken coop/indoor.
./data/synthetic/synthetic_data_b/Caltech101_Syn/639.jpeg,a photo of a fairway.
./data/synthetic/synthetic_data_b/Caltech101_Syn/640.jpeg,a photo of a goblet.
./data/synthetic/synthetic_data_b/Caltech101_Syn/641.jpeg,a photo of a fig.
./data/synthetic/synthetic_data_b/Caltech101_Syn/642.jpeg,"a photo of a Chevrolet Camaro Convertible 2012, a type of car."
./data/synthetic/synthetic_data_b/Caltech101_Syn/643.jpeg,a photo of a Afghan Hound.
./data/synthetic/synthetic_data_b/Caltech101_Syn/644.jpeg,"a photo of a Chevrolet Monte Carlo Coupe 2007, a type of car."
./data/synthetic/synthetic_data_b/Caltech101_Syn/645.jpeg,a photo of a vineyard.
./data/synthetic/synthetic_data_b/Caltech101_Syn/646.jpeg,"a photo of a hamburger, a type of food."
./data/synthetic/synthetic_data_b/Caltech101_Syn/647.jpeg,a photo of a Bedlington Terrier.
./data/synthetic/synthetic_data_b/Caltech101_Syn/648.jpeg,a photo of a clogs.
./data/synthetic/synthetic_data_b/Caltech101_Syn/649.jpeg,a photo of a espresso.
./data/synthetic/synthetic_data_b/Caltech101_Syn/650.jpeg,"a photo of a sushi, a type of food."
./data/synthetic/synthetic_data_b/Caltech101_Syn/651.jpeg,a photo of a campsite.
./data/synthetic/synthetic_data_b/Caltech101_Syn/652.jpeg,"a photo of a globe-flower, a type of flower."
./data/synthetic/synthetic_data_b/Caltech101_Syn/653.jpeg,"a photo of a corn poppy, a type of flower."
./data/synthetic/synthetic_data_b/Caltech101_Syn/654.jpeg,a photo of a Rhodesian Ridgeback.
./data/synthetic/synthetic_data_b/Caltech101_Syn/655.jpeg,"a photo of a gaura, a type of flower."
./data/synthetic/synthetic_data_b/Caltech101_Syn/656.jpeg,"a photo of the number: ""0 - zero""."
./data/synthetic/synthetic_data_b/Caltech101_Syn/657.jpeg,"a photo of a Fisker Karma Sedan 2012, a type of car."
./data/synthetic/synthetic_data_b/Caltech101_Syn/658.jpeg,a photo of a hospital room.
./data/synthetic/synthetic_data_b/Caltech101_Syn/659.jpeg,"a photo of a Toyota Corolla Sedan 2012, a type of car."
./data/synthetic/synthetic_data_b/Caltech101_Syn/660.jpeg,a photo of a one-piece bathing suit.
./data/synthetic/synthetic_data_b/Caltech101_Syn/661.jpeg,"a photo of a lasagna, a type of food."
./data/synthetic/synthetic_data_b/Caltech101_Syn/662.jpeg,a photo of a sea anemone.
./data/synthetic/synthetic_data_b/Caltech101_Syn/663.jpeg,"a photo of a 737-700, a type of aircraft."
./data/synthetic/synthetic_data_b/Caltech101_Syn/664.jpeg,a photo of a park bench.
./data/synthetic/synthetic_data_b/Caltech101_Syn/665.jpeg,"a photo of a Dodge Charger Sedan 2012, a type of car."
./data/synthetic/synthetic_data_b/Caltech101_Syn/666.jpeg,a photo of a factory/indoor.
./data/synthetic/synthetic_data_b/Caltech101_Syn/667.jpeg,a photo of a bald eagle.
./data/synthetic/synthetic_data_b/Caltech101_Syn/668.jpeg,a photo of a chocolate syrup.
./data/synthetic/synthetic_data_b/Caltech101_Syn/669.jpeg,a photo of a popsicle.
./data/synthetic/synthetic_data_b/Caltech101_Syn/670.jpeg,"a photo of a Buick Enclave SUV 2012, a type of car."
./data/synthetic/synthetic_data_b/Caltech101_Syn/671.jpeg,"a photo of a 747-300, a type of aircraft."
./data/synthetic/synthetic_data_b/Caltech101_Syn/672.jpeg,a photo of a chocolate syrup.
./data/synthetic/synthetic_data_b/Caltech101_Syn/673.jpeg,"a photo of a Rolls-Royce Ghost Sedan 2012, a type of car."
./data/synthetic/synthetic_data_b/Caltech101_Syn/674.jpeg,a photo of a booth/indoor.
./data/synthetic/synthetic_data_b/Caltech101_Syn/675.jpeg,a photo of a neck brace.
./data/synthetic/synthetic_data_b/Caltech101_Syn/676.jpeg,a photo of a torch.
./data/synthetic/synthetic_data_b/Caltech101_Syn/677.jpeg,a photo of a ping-pong ball.
./data/synthetic/synthetic_data_b/Caltech101_Syn/678.jpeg,a photo of a hospital room.
./data/synthetic/synthetic_data_b/Caltech101_Syn/679.jpeg,a photo of a horse-drawn vehicle.
./data/synthetic/synthetic_data_b/Caltech101_Syn/680.jpeg,a photo of a hard disk drive.
./data/synthetic/synthetic_data_b/Caltech101_Syn/681.jpeg,a photo of a warthog.
./data/synthetic/synthetic_data_b/Caltech101_Syn/682.jpeg,a photo of a yellow garden spider.
./data/synthetic/synthetic_data_b/Caltech101_Syn/683.jpeg,"a photo of a anthurium, a type of flower."
./data/synthetic/synthetic_data_b/Caltech101_Syn/684.jpeg,"a photo of a Cessna 172, a type of aircraft."
./data/synthetic/synthetic_data_b/Caltech101_Syn/685.jpeg,"a photo of a creme brulee, a type of food."
./data/synthetic/synthetic_data_b/Caltech101_Syn/686.jpeg,a photo of a chalet.
./data/synthetic/synthetic_data_b/Caltech101_Syn/687.jpeg,a photo of a lens cap.
./data/synthetic/synthetic_data_b/Caltech101_Syn/688.jpeg,a photo of a batters box.
./data/synthetic/synthetic_data_b/Caltech101_Syn/689.jpeg,a photo of a forest path.
./data/synthetic/synthetic_data_b/Caltech101_Syn/690.jpeg,"a photo of a Land Rover LR2 SUV 2012, a type of car."
./data/synthetic/synthetic_data_b/Caltech101_Syn/691.jpeg,a photo of a dishcloth.
./data/synthetic/synthetic_data_b/Caltech101_Syn/692.jpeg,a photo of a hermit crab.
./data/synthetic/synthetic_data_b/Caltech101_Syn/693.jpeg,"a photo of a spring rolls, a type of food."
./data/synthetic/synthetic_data_b/Caltech101_Syn/694.jpeg,a photo of a eggnog.
./data/synthetic/synthetic_data_b/Caltech101_Syn/695.jpeg,"a photo of a Tesla Model S Sedan 2012, a type of car."
./data/synthetic/synthetic_data_b/Caltech101_Syn/696.jpeg,a photo of a water buffalo.
./data/synthetic/synthetic_data_b/Caltech101_Syn/697.jpeg,"a photo of a Ram C/V Cargo Van Minivan 2012, a type of car."
./data/synthetic/synthetic_data_b/Caltech101_Syn/698.jpeg,a photo of a koala.
./data/synthetic/synthetic_data_b/Caltech101_Syn/699.jpeg,"a photo of a pink primrose, a type of flower."
./data/synthetic/synthetic_data_b/Caltech101_Syn/700.jpeg,a photo of a holster.
./data/synthetic/synthetic_data_b/Caltech101_Syn/701.jpeg,a photo of a kennel/indoor.
./data/synthetic/synthetic_data_b/Caltech101_Syn/702.jpeg,a photo of a building facade.
./data/synthetic/synthetic_data_b/Caltech101_Syn/703.jpeg,"a photo of a ravioli, a type of food."
./data/synthetic/synthetic_data_b/Caltech101_Syn/704.jpeg,a photo of a smooth green snake.
./data/synthetic/synthetic_data_b/Caltech101_Syn/705.jpeg,a photo of a hammer.
./data/synthetic/synthetic_data_b/Caltech101_Syn/706.jpeg,a photo of a agaric.
./data/synthetic/synthetic_data_b/Caltech101_Syn/707.jpeg,a photo of a Redbone Coonhound.
./data/synthetic/synthetic_data_b/Caltech101_Syn/708.jpeg,a photo of a Pomeranian.
./data/synthetic/synthetic_data_b/Caltech101_Syn/709.jpeg,"a photo of a BMW M6 Convertible 2010, a type of car."
./data/synthetic/synthetic_data_b/Caltech101_Syn/710.jpeg,a photo of a Papillon.
./data/synthetic/synthetic_data_b/Caltech101_Syn/711.jpeg,a photo of a reception.
./data/synthetic/synthetic_data_b/Caltech101_Syn/712.jpeg,a photo of a forest/broadleaf.
./data/synthetic/synthetic_data_b/Caltech101_Syn/713.jpeg,a photo of a garbage truck.
./data/synthetic/synthetic_data_b/Caltech101_Syn/714.jpeg,a photo of a cradle.
./data/synthetic/synthetic_data_b/Caltech101_Syn/715.jpeg,a photo of a red wolf or maned wolf.
./data/synthetic/synthetic_data_b/Caltech101_Syn/716.jpeg,"a photo of a mussels, a type of food."
./data/synthetic/synthetic_data_b/Caltech101_Syn/717.jpeg,a photo of a golf cart.
./data/synthetic/synthetic_data_b/Caltech101_Syn/718.jpeg,a photo of a fountain pen.
./data/synthetic/synthetic_data_b/Caltech101_Syn/719.jpeg,a photo of a sandbar.
./data/synthetic/synthetic_data_b/Caltech101_Syn/720.jpeg,a photo of a desk.
./data/synthetic/synthetic_data_b/Caltech101_Syn/721.jpeg,a photo of a axolotl.
./data/synthetic/synthetic_data_b/Caltech101_Syn/722.jpeg,a photo of a campsite.
./data/synthetic/synthetic_data_b/Caltech101_Syn/723.jpeg,a photo of a Komondor.
./data/synthetic/synthetic_data_b/Caltech101_Syn/724.jpeg,"a photo of a french fries, a type of food."
./data/synthetic/synthetic_data_b/Caltech101_Syn/725.jpeg,a photo of a mink.
./data/synthetic/synthetic_data_b/Caltech101_Syn/726.jpeg,"a photo of a 777-300, a type of aircraft."
./data/synthetic/synthetic_data_b/Caltech101_Syn/727.jpeg,"a photo of a ceviche, a type of food."
./data/synthetic/synthetic_data_b/Caltech101_Syn/728.jpeg,a photo of a bus interior.
./data/synthetic/synthetic_data_b/Caltech101_Syn/729.jpeg,a photo of a bee.
./data/synthetic/synthetic_data_b/Caltech101_Syn/730.jpeg,"a photo of a tiger lily, a type of flower."
./data/synthetic/synthetic_data_b/Caltech101_Syn/731.jpeg,a photo of a sailboat.
./data/synthetic/synthetic_data_b/Caltech101_Syn/732.jpeg,a photo of a recreational vehicle.
./data/synthetic/synthetic_data_b/Caltech101_Syn/733.jpeg,a photo of a jewelry shop.
./data/synthetic/synthetic_data_b/Caltech101_Syn/734.jpeg,a photo of a black-footed ferret.
./data/synthetic/synthetic_data_b/Caltech101_Syn/735.jpeg,a photo of a disc brake.
./data/synthetic/synthetic_data_b/Caltech101_Syn/736.jpeg,a photo of a fishpond.
./data/synthetic/synthetic_data_b/Caltech101_Syn/737.jpeg,"a photo of a bee balm, a type of flower."
./data/synthetic/synthetic_data_b/Caltech101_Syn/738.jpeg,a photo of a castle.
./data/synthetic/synthetic_data_b/Caltech101_Syn/739.jpeg,a photo of a gyromitra.
./data/synthetic/synthetic_data_b/Caltech101_Syn/740.jpeg,a photo of a guenon.
./data/synthetic/synthetic_data_b/Caltech101_Syn/741.jpeg,a photo of a hotel/outdoor.
./data/synthetic/synthetic_data_b/Caltech101_Syn/742.jpeg,"a photo of a Chrysler PT Cruiser Convertible 2008, a type of car."
./data/synthetic/synthetic_data_b/Caltech101_Syn/743.jpeg,a photo of a shopping mall/indoor.
./data/synthetic/synthetic_data_b/Caltech101_Syn/744.jpeg,a photo of a eastern diamondback rattlesnake.
./data/synthetic/synthetic_data_b/Caltech101_Syn/745.jpeg,a photo of a parallel bars.
./data/synthetic/synthetic_data_b/Caltech101_Syn/746.jpeg,a photo of a Whippet.
./data/synthetic/synthetic_data_b/Caltech101_Syn/747.jpeg,a photo of a sloth bear.
./data/synthetic/synthetic_data_b/Caltech101_Syn/748.jpeg,"a photo of a churros, a type of food."
./data/synthetic/synthetic_data_b/Caltech101_Syn/749.jpeg,"a photo of a ERJ 145, a type of aircraft."
./data/synthetic/synthetic_data_b/Caltech101_Syn/750.jpeg,a photo of a martial arts gym.
./data/synthetic/synthetic_data_b/Caltech101_Syn/751.jpeg,a photo of a praying mantis.
./data/synthetic/synthetic_data_b/Caltech101_Syn/752.jpeg,a photo of a parlor.
./data/synthetic/synthetic_data_b/Caltech101_Syn/753.jpeg,"a photo of a Audi V8 Sedan 1994, a type of car."
./data/synthetic/synthetic_data_b/Caltech101_Syn/754.jpeg,a photo of a church/outdoor.
./data/synthetic/synthetic_data_b/Caltech101_Syn/755.jpeg,a photo of a syringe.
./data/synthetic/synthetic_data_b/Caltech101_Syn/756.jpeg,a photo of a dinette/vehicle.
./data/synthetic/synthetic_data_b/Caltech101_Syn/757.jpeg,a photo of a screwdriver.
./data/synthetic/synthetic_data_b/Caltech101_Syn/758.jpeg,a photo of a mobile phone.
./data/synthetic/synthetic_data_b/Caltech101_Syn/759.jpeg,"a photo of a globe thistle, a type of flower."
./data/synthetic/synthetic_data_b/Caltech101_Syn/760.jpeg,a photo of a whiskey jug.
./data/synthetic/synthetic_data_b/Caltech101_Syn/761.jpeg,a photo of a basketball court/outdoor.
./data/synthetic/synthetic_data_b/Caltech101_Syn/762.jpeg,"a photo of the number: ""8 - eight""."
./data/synthetic/synthetic_data_b/Caltech101_Syn/763.jpeg,a photo of a wild boar.
./data/synthetic/synthetic_data_b/Caltech101_Syn/764.jpeg,a photo of a bassinet.
./data/synthetic/synthetic_data_b/Caltech101_Syn/765.jpeg,"a photo of a Suzuki SX4 Sedan 2012, a type of car."
./data/synthetic/synthetic_data_b/Caltech101_Syn/766.jpeg,a photo of a botanical garden.
./data/synthetic/synthetic_data_b/Caltech101_Syn/767.jpeg,a photo of a planetarium/outdoor.
./data/synthetic/synthetic_data_b/Caltech101_Syn/768.jpeg,a photo of a patio.
./data/synthetic/synthetic_data_b/Caltech101_Syn/769.jpeg,a photo of a nematode.
./data/synthetic/synthetic_data_b/Caltech101_Syn/770.jpeg,"a photo of a Boxer, a type of pet."
./data/synthetic/synthetic_data_b/Caltech101_Syn/771.jpeg,a photo of a drum.
./data/synthetic/synthetic_data_b/Caltech101_Syn/772.jpeg,a photo of a clothing store.
./data/synthetic/synthetic_data_b/Caltech101_Syn/773.jpeg,a photo of a manufactured home.
./data/synthetic/synthetic_data_b/Caltech101_Syn/774.jpeg,a photo of a Miniature Pinscher.
./data/synthetic/synthetic_data_b/Caltech101_Syn/775.jpeg,a photo of a jellyfish.
./data/synthetic/synthetic_data_b/Caltech101_Syn/776.jpeg,a photo of a warthog.
./data/synthetic/synthetic_data_b/Caltech101_Syn/777.jpeg,a photo of a orange.
./data/synthetic/synthetic_data_b/Caltech101_Syn/778.jpeg,a photo of a spindle.
./data/synthetic/synthetic_data_b/Caltech101_Syn/779.jpeg,a photo of a lakeshore.
./data/synthetic/synthetic_data_b/Caltech101_Syn/780.jpeg,a photo of a lab coat.
./data/synthetic/synthetic_data_b/Caltech101_Syn/781.jpeg,a photo of a lakeshore.
./data/synthetic/synthetic_data_b/Caltech101_Syn/782.jpeg,a photo of a castle.
./data/synthetic/synthetic_data_b/Caltech101_Syn/783.jpeg,"a photo of a Yak-42, a type of aircraft."
./data/synthetic/synthetic_data_b/Caltech101_Syn/784.jpeg,a photo of a church/indoor.
./data/synthetic/synthetic_data_b/Caltech101_Syn/785.jpeg,"a photo of a CRJ-900, a type of aircraft."
./data/synthetic/synthetic_data_b/Caltech101_Syn/786.jpeg,"a photo of a Dodge Dakota Club Cab 2007, a type of car."
./data/synthetic/synthetic_data_b/Caltech101_Syn/787.jpeg,a photo of a cardboard box / carton.
./data/synthetic/synthetic_data_b/Caltech101_Syn/788.jpeg,a photo of a scabbard.
./data/synthetic/synthetic_data_b/Caltech101_Syn/789.jpeg,"a photo of a bishop of llandaff, a type of flower."
./data/synthetic/synthetic_data_b/Caltech101_Syn/790.jpeg,"a photo of a blackberry lily, a type of flower."
./data/synthetic/synthetic_data_b/Caltech101_Syn/791.jpeg,a photo of a slide rule.
./data/synthetic/synthetic_data_b/Caltech101_Syn/792.jpeg,a photo of a bubble.
./data/synthetic/synthetic_data_b/Caltech101_Syn/793.jpeg,a photo of a dog sled.
./data/synthetic/synthetic_data_b/Caltech101_Syn/794.jpeg,a photo of a sloth bear.
./data/synthetic/synthetic_data_b/Caltech101_Syn/795.jpeg,"a photo of a Dodge Ram Pickup 3500 Quad Cab 2009, a type of car."
./data/synthetic/synthetic_data_b/Caltech101_Syn/796.jpeg,a photo of a subway interior.
./data/synthetic/synthetic_data_b/Caltech101_Syn/797.jpeg,a photo of a volleyball.
./data/synthetic/synthetic_data_b/Caltech101_Syn/798.jpeg,a photo of a great grey owl.
./data/synthetic/synthetic_data_b/Caltech101_Syn/799.jpeg,a photo of a handkerchief.
./data/synthetic/synthetic_data_b/Caltech101_Syn/800.jpeg,"a photo of a DC-8, a type of aircraft."
./data/synthetic/synthetic_data_b/Caltech101_Syn/801.jpeg,a photo of a home office.
./data/synthetic/synthetic_data_b/Caltech101_Syn/802.jpeg,a photo of a traffic or street sign.
./data/synthetic/synthetic_data_b/Caltech101_Syn/803.jpeg,a photo of a CRT monitor.
./data/synthetic/synthetic_data_b/Caltech101_Syn/804.jpeg,"a photo of a wallflower, a type of flower."
./data/synthetic/synthetic_data_b/Caltech101_Syn/805.jpeg,a photo of a maze.
./data/synthetic/synthetic_data_b/Caltech101_Syn/806.jpeg,"a photo of a Dodge Ram Pickup 3500 Crew Cab 2010, a type of car."
./data/synthetic/synthetic_data_b/Caltech101_Syn/807.jpeg,"a photo of a pelargonium, a type of flower."
./data/synthetic/synthetic_data_b/Caltech101_Syn/808.jpeg,a photo of a peafowl.
./data/synthetic/synthetic_data_b/Caltech101_Syn/809.jpeg,a photo of a Scottish Terrier.
./data/synthetic/synthetic_data_b/Caltech101_Syn/810.jpeg,"a photo of a An-12, a type of aircraft."
./data/synthetic/synthetic_data_b/Caltech101_Syn/811.jpeg,"a photo of a Dodge Journey SUV 2012, a type of car."
./data/synthetic/synthetic_data_b/Caltech101_Syn/812.jpeg,"a photo of the number: ""8 - eight""."
./data/synthetic/synthetic_data_b/Caltech101_Syn/813.jpeg,a photo of a pirate ship.
./data/synthetic/synthetic_data_b/Caltech101_Syn/814.jpeg,a photo of a podium/outdoor.
./data/synthetic/synthetic_data_b/Caltech101_Syn/815.jpeg,a photo of a vaulted or arched ceiling.
./data/synthetic/synthetic_data_b/Caltech101_Syn/816.jpeg,"a photo of a hot and sour soup, a type of food."
./data/synthetic/synthetic_data_b/Caltech101_Syn/817.jpeg,"a photo of a BAE 146-200, a type of aircraft."
./data/synthetic/synthetic_data_b/Caltech101_Syn/818.jpeg,"a photo of a Saint Bernard, a type of pet."
./data/synthetic/synthetic_data_b/Caltech101_Syn/819.jpeg,a photo of a sandbox.
./data/synthetic/synthetic_data_b/Caltech101_Syn/820.jpeg,a photo of a flute.
./data/synthetic/synthetic_data_b/Caltech101_Syn/821.jpeg,a photo of a oil filter.
./data/synthetic/synthetic_data_b/Caltech101_Syn/822.jpeg,a photo of a filing cabinet.
./data/synthetic/synthetic_data_b/Caltech101_Syn/823.jpeg,a photo of a electric guitar.
./data/synthetic/synthetic_data_b/Caltech101_Syn/824.jpeg,a photo of a ice shelf.
./data/synthetic/synthetic_data_b/Caltech101_Syn/825.jpeg,a photo of a Australian Silky Terrier.
./data/synthetic/synthetic_data_b/Caltech101_Syn/826.jpeg,a photo of a croquet ball.
./data/synthetic/synthetic_data_b/Caltech101_Syn/827.jpeg,"a photo of a Sphynx, a type of pet."
./data/synthetic/synthetic_data_b/Caltech101_Syn/828.jpeg,"a photo of a apple pie, a type of food."
./data/synthetic/synthetic_data_b/Caltech101_Syn/829.jpeg,a photo of a snorkel.
./data/synthetic/synthetic_data_b/Caltech101_Syn/830.jpeg,a photo of a artichoke.
./data/synthetic/synthetic_data_b/Caltech101_Syn/831.jpeg,a photo of a dorm room.
./data/synthetic/synthetic_data_b/Caltech101_Syn/832.jpeg,"a photo of a siam tulip, a type of flower."
./data/synthetic/synthetic_data_b/Caltech101_Syn/833.jpeg,a photo of a chalet.
./data/synthetic/synthetic_data_b/Caltech101_Syn/834.jpeg,a photo of a china cabinet.
./data/synthetic/synthetic_data_b/Caltech101_Syn/835.jpeg,a photo of a botanical garden.
./data/synthetic/synthetic_data_b/Caltech101_Syn/836.jpeg,"a photo of a love in the mist, a type of flower."
./data/synthetic/synthetic_data_b/Caltech101_Syn/837.jpeg,"a photo of a breakfast burrito, a type of food."
./data/synthetic/synthetic_data_b/Caltech101_Syn/838.jpeg,a photo of a dinette/vehicle.
./data/synthetic/synthetic_data_b/Caltech101_Syn/839.jpeg,a photo of a abaya.
./data/synthetic/synthetic_data_b/Caltech101_Syn/840.jpeg,"a photo of a Chevrolet Avalanche Crew Cab 2012, a type of car."
./data/synthetic/synthetic_data_b/Caltech101_Syn/841.jpeg,a photo of a oxygen mask.
./data/synthetic/synthetic_data_b/Caltech101_Syn/842.jpeg,"a photo of a poinsettia, a type of flower."
./data/synthetic/synthetic_data_b/Caltech101_Syn/843.jpeg,"a photo of a tree poppy, a type of flower."
./data/synthetic/synthetic_data_b/Caltech101_Syn/844.jpeg,a photo of a gibbon.
./data/synthetic/synthetic_data_b/Caltech101_Syn/845.jpeg,a photo of a maraca.
./data/synthetic/synthetic_data_b/Caltech101_Syn/846.jpeg,"a photo of a GMC Canyon Extended Cab 2012, a type of car."
./data/synthetic/synthetic_data_b/Caltech101_Syn/847.jpeg,a photo of a kite (bird of prey).
./data/synthetic/synthetic_data_b/Caltech101_Syn/848.jpeg,"a photo of a mexican aster, a type of flower."
./data/synthetic/synthetic_data_b/Caltech101_Syn/849.jpeg,a photo of a jay.
./data/synthetic/synthetic_data_b/Caltech101_Syn/850.jpeg,a photo of a oil refinery/outdoor.
./data/synthetic/synthetic_data_b/Caltech101_Syn/851.jpeg,a photo of a ruddy turnstone.
./data/synthetic/synthetic_data_b/Caltech101_Syn/852.jpeg,a photo of a great grey owl.
./data/synthetic/synthetic_data_b/Caltech101_Syn/853.jpeg,a photo of a swim trunks / shorts.
./data/synthetic/synthetic_data_b/Caltech101_Syn/854.jpeg,a photo of a Tibetan Terrier.
./data/synthetic/synthetic_data_b/Caltech101_Syn/855.jpeg,"a photo of a Chrysler Aspen SUV 2009, a type of car."
./data/synthetic/synthetic_data_b/Caltech101_Syn/856.jpeg,a photo of a English Setter.
./data/synthetic/synthetic_data_b/Caltech101_Syn/857.jpeg,"a photo of a pink-yellow dahlia, a type of flower."
./data/synthetic/synthetic_data_b/Caltech101_Syn/858.jpeg,a photo of a shipwreck.
./data/synthetic/synthetic_data_b/Caltech101_Syn/859.jpeg,a photo of a piggy bank.
./data/synthetic/synthetic_data_b/Caltech101_Syn/860.jpeg,a photo of a boathouse.
./data/synthetic/synthetic_data_b/Caltech101_Syn/861.jpeg,a photo of a basilica.
./data/synthetic/synthetic_data_b/Caltech101_Syn/862.jpeg,a photo of a greenhouse.
./data/synthetic/synthetic_data_b/Caltech101_Syn/863.jpeg,a photo of a cowboy hat.
./data/synthetic/synthetic_data_b/Caltech101_Syn/864.jpeg,a photo of a gar fish.
./data/synthetic/synthetic_data_b/Caltech101_Syn/865.jpeg,a photo of a trilobite.
./data/synthetic/synthetic_data_b/Caltech101_Syn/866.jpeg,a photo of a Komodo dragon.
./data/synthetic/synthetic_data_b/Caltech101_Syn/867.jpeg,"a photo of a pancakes, a type of food."
./data/synthetic/synthetic_data_b/Caltech101_Syn/868.jpeg,a photo of a Wire Fox Terrier.
./data/synthetic/synthetic_data_b/Caltech101_Syn/869.jpeg,a photo of a chiton.
./data/synthetic/synthetic_data_b/Caltech101_Syn/870.jpeg,"a photo of a Global Express, a type of aircraft."
./data/synthetic/synthetic_data_b/Caltech101_Syn/871.jpeg,"a photo of a chicken wings, a type of food."
./data/synthetic/synthetic_data_b/Caltech101_Syn/872.jpeg,"a photo of a pink primrose, a type of flower."
./data/synthetic/synthetic_data_b/Caltech101_Syn/873.jpeg,a photo of a waterfall/fan.
./data/synthetic/synthetic_data_b/Caltech101_Syn/874.jpeg,a photo of a park.
./data/synthetic/synthetic_data_b/Caltech101_Syn/875.jpeg,a photo of a tandem bicycle.
./data/synthetic/synthetic_data_b/Caltech101_Syn/876.jpeg,"a photo of a donuts, a type of food."
./data/synthetic/synthetic_data_b/Caltech101_Syn/877.jpeg,"a photo of the number: ""9 - nine""."
./data/synthetic/synthetic_data_b/Caltech101_Syn/878.jpeg,a photo of a Alaskan Malamute.
./data/synthetic/synthetic_data_b/Caltech101_Syn/879.jpeg,a photo of a amphitheater.
./data/synthetic/synthetic_data_b/Caltech101_Syn/880.jpeg,a photo of a French Bulldog.
./data/synthetic/synthetic_data_b/Caltech101_Syn/881.jpeg,a photo of a Saluki.
./data/synthetic/synthetic_data_b/Caltech101_Syn/882.jpeg,a photo of a rope bridge.
./data/synthetic/synthetic_data_b/Caltech101_Syn/883.jpeg,"a photo of a french toast, a type of food."
./data/synthetic/synthetic_data_b/Caltech101_Syn/884.jpeg,a photo of a Miniature Poodle.
./data/synthetic/synthetic_data_b/Caltech101_Syn/885.jpeg,a photo of a ruler measuring stick.
./data/synthetic/synthetic_data_b/Caltech101_Syn/886.jpeg,"a photo of a pink primrose, a type of flower."
./data/synthetic/synthetic_data_b/Caltech101_Syn/887.jpeg,a photo of a covered bridge/exterior.
./data/synthetic/synthetic_data_b/Caltech101_Syn/888.jpeg,a photo of a youth hostel.
./data/synthetic/synthetic_data_b/Caltech101_Syn/889.jpeg,"a photo of a Leonberger, a type of pet."
./data/synthetic/synthetic_data_b/Caltech101_Syn/890.jpeg,"a photo of a McLaren MP4-12C Coupe 2012, a type of car."
./data/synthetic/synthetic_data_b/Caltech101_Syn/891.jpeg,a photo of a ice skating rink/indoor.
./data/synthetic/synthetic_data_b/Caltech101_Syn/892.jpeg,a photo of a white-headed capuchin.
./data/synthetic/synthetic_data_b/Caltech101_Syn/893.jpeg,a photo of a wheat field.
./data/synthetic/synthetic_data_b/Caltech101_Syn/894.jpeg,a photo of a Australian Kelpie.
./data/synthetic/synthetic_data_b/Caltech101_Syn/895.jpeg,"a photo of a frangipani, a type of flower."
./data/synthetic/synthetic_data_b/Caltech101_Syn/896.jpeg,a photo of a marmoset.
./data/synthetic/synthetic_data_b/Caltech101_Syn/897.jpeg,a photo of a crash helmet.
./data/synthetic/synthetic_data_b/Caltech101_Syn/898.jpeg,a photo of a horse-drawn vehicle.
./data/synthetic/synthetic_data_b/Caltech101_Syn/899.jpeg,a photo of a cherimoya (custard apple).
./data/synthetic/synthetic_data_b/Caltech101_Syn/900.jpeg,"a photo of a monkshood, a type of flower."
./data/synthetic/synthetic_data_b/Caltech101_Syn/901.jpeg,"a photo of a Falcon 2000, a type of aircraft."
./data/synthetic/synthetic_data_b/Caltech101_Syn/902.jpeg,a photo of a Shih Tzu.
./data/synthetic/synthetic_data_b/Caltech101_Syn/903.jpeg,"a photo of a American Bulldog, a type of pet."
./data/synthetic/synthetic_data_b/Caltech101_Syn/904.jpeg,a photo of a ice cream.
./data/synthetic/synthetic_data_b/Caltech101_Syn/905.jpeg,"a photo of a CRJ-900, a type of aircraft."
./data/synthetic/synthetic_data_b/Caltech101_Syn/906.jpeg,a photo of a French horn.
./data/synthetic/synthetic_data_b/Caltech101_Syn/907.jpeg,a photo of a diner/outdoor.
./data/synthetic/synthetic_data_b/Caltech101_Syn/908.jpeg,a photo of a trolleybus.
./data/synthetic/synthetic_data_b/Caltech101_Syn/909.jpeg,"a photo of a rose, a type of flower."
./data/synthetic/synthetic_data_b/Caltech101_Syn/910.jpeg,"a photo of a 737-700, a type of aircraft."
./data/synthetic/synthetic_data_b/Caltech101_Syn/911.jpeg,"a photo of a red ginger, a type of flower."
./data/synthetic/synthetic_data_b/Caltech101_Syn/912.jpeg,a photo of a dinette/home.
./data/synthetic/synthetic_data_b/Caltech101_Syn/913.jpeg,a photo of a dinette/vehicle.
./data/synthetic/synthetic_data_b/Caltech101_Syn/914.jpeg,a photo of a modem.
./data/synthetic/synthetic_data_b/Caltech101_Syn/915.jpeg,a photo of a desktop computer.
./data/synthetic/synthetic_data_b/Caltech101_Syn/916.jpeg,a photo of a hare.
./data/synthetic/synthetic_data_b/Caltech101_Syn/917.jpeg,a photo of a field/wild.
./data/synthetic/synthetic_data_b/Caltech101_Syn/918.jpeg,a photo of a Chihuahua.
./data/synthetic/synthetic_data_b/Caltech101_Syn/919.jpeg,a photo of a frying pan.
./data/synthetic/synthetic_data_b/Caltech101_Syn/920.jpeg,a photo of a engine room.
./data/synthetic/synthetic_data_b/Caltech101_Syn/921.jpeg,a photo of a white stork.
./data/synthetic/synthetic_data_b/Caltech101_Syn/922.jpeg,a photo of a screw.
./data/synthetic/synthetic_data_b/Caltech101_Syn/923.jpeg,a photo of a ski.
./data/synthetic/synthetic_data_b/Caltech101_Syn/924.jpeg,a photo of a notebook computer.
./data/synthetic/synthetic_data_b/Caltech101_Syn/925.jpeg,a photo of a spiny lobster.
./data/synthetic/synthetic_data_b/Caltech101_Syn/926.jpeg,a photo of a rotary dial telephone.
./data/synthetic/synthetic_data_b/Caltech101_Syn/927.jpeg,a photo of a landing deck.
./data/synthetic/synthetic_data_b/Caltech101_Syn/928.jpeg,a photo of a drumstick.
./data/synthetic/synthetic_data_b/Caltech101_Syn/929.jpeg,a photo of a three-toed sloth.
./data/synthetic/synthetic_data_b/Caltech101_Syn/930.jpeg,a photo of a whistle.
./data/synthetic/synthetic_data_b/Caltech101_Syn/931.jpeg,a photo of a dowitcher.
./data/synthetic/synthetic_data_b/Caltech101_Syn/932.jpeg,"a photo of a Aston Martin V8 Vantage Convertible 2012, a type of car."
./data/synthetic/synthetic_data_b/Caltech101_Syn/933.jpeg,"a photo of a DHC-1, a type of aircraft."
./data/synthetic/synthetic_data_b/Caltech101_Syn/934.jpeg,a photo of a apiary.
./data/synthetic/synthetic_data_b/Caltech101_Syn/935.jpeg,"a photo of a hamburger, a type of food."
./data/synthetic/synthetic_data_b/Caltech101_Syn/936.jpeg,a photo of a soap dispenser.
./data/synthetic/synthetic_data_b/Caltech101_Syn/937.jpeg,a photo of a orangutan.
./data/synthetic/synthetic_data_b/Caltech101_Syn/938.jpeg,"a photo of a German Shorthaired, a type of pet."
./data/synthetic/synthetic_data_b/Caltech101_Syn/939.jpeg,"a photo of a Aston Martin V8 Vantage Convertible 2012, a type of car."
./data/synthetic/synthetic_data_b/Caltech101_Syn/940.jpeg,a photo of a Kuvasz.
./data/synthetic/synthetic_data_b/Caltech101_Syn/941.jpeg,a photo of a brown bear.
./data/synthetic/synthetic_data_b/Caltech101_Syn/942.jpeg,"a photo of a Ford Freestar Minivan 2007, a type of car."
./data/synthetic/synthetic_data_b/Caltech101_Syn/943.jpeg,a photo of a diner/indoor.
./data/synthetic/synthetic_data_b/Caltech101_Syn/944.jpeg,a photo of a vase.
./data/synthetic/synthetic_data_b/Caltech101_Syn/945.jpeg,a photo of a binoculars.
./data/synthetic/synthetic_data_b/Caltech101_Syn/946.jpeg,"a photo of a lobster roll sandwich, a type of food."
./data/synthetic/synthetic_data_b/Caltech101_Syn/947.jpeg,"a photo of a Chihuahua, a type of pet."
./data/synthetic/synthetic_data_b/Caltech101_Syn/948.jpeg,a photo of a English Springer Spaniel.
./data/synthetic/synthetic_data_b/Caltech101_Syn/949.jpeg,"a photo of a A321, a type of aircraft."
./data/synthetic/synthetic_data_b/Caltech101_Syn/950.jpeg,a photo of a window screen.
./data/synthetic/synthetic_data_b/Caltech101_Syn/951.jpeg,a photo of a athletic field/outdoor.
./data/synthetic/synthetic_data_b/Caltech101_Syn/952.jpeg,a photo of a digital clock.
./data/synthetic/synthetic_data_b/Caltech101_Syn/953.jpeg,a photo of a Vizsla.
./data/synthetic/synthetic_data_b/Caltech101_Syn/954.jpeg,a photo of a scorpion.
./data/synthetic/synthetic_data_b/Caltech101_Syn/955.jpeg,a photo of a dugong.
./data/synthetic/synthetic_data_b/Caltech101_Syn/956.jpeg,a photo of a pelican.
./data/synthetic/synthetic_data_b/Caltech101_Syn/957.jpeg,"a photo of a Nissan 240SX Coupe 1998, a type of car."
./data/synthetic/synthetic_data_b/Caltech101_Syn/958.jpeg,a photo of a bazaar/indoor.
./data/synthetic/synthetic_data_b/Caltech101_Syn/959.jpeg,a photo of a cornet.
./data/synthetic/synthetic_data_b/Caltech101_Syn/960.jpeg,a photo of a engine room.
./data/synthetic/synthetic_data_b/Caltech101_Syn/961.jpeg,a photo of a shipwreck.
./data/synthetic/synthetic_data_b/Caltech101_Syn/962.jpeg,a photo of a banded gecko.
./data/synthetic/synthetic_data_b/Caltech101_Syn/963.jpeg,a photo of a wind farm.
./data/synthetic/synthetic_data_b/Caltech101_Syn/964.jpeg,"a photo of a Audi S6 Sedan 2011, a type of car."
./data/synthetic/synthetic_data_b/Caltech101_Syn/965.jpeg,a photo of a leaf beetle.
./data/synthetic/synthetic_data_b/Caltech101_Syn/966.jpeg,"a photo of a Scottish Terrier, a type of pet."
./data/synthetic/synthetic_data_b/Caltech101_Syn/967.jpeg,"a photo of a Beagle, a type of pet."
./data/synthetic/synthetic_data_b/Caltech101_Syn/968.jpeg,a photo of a goldfish.
./data/synthetic/synthetic_data_b/Caltech101_Syn/969.jpeg,"a photo of a EMB-120, a type of aircraft."
./data/synthetic/synthetic_data_b/Caltech101_Syn/970.jpeg,a photo of a wolf spider.
./data/synthetic/synthetic_data_b/Caltech101_Syn/971.jpeg,"a photo of a peruvian lily, a type of flower."
./data/synthetic/synthetic_data_b/Caltech101_Syn/972.jpeg,a photo of a sliding door.
./data/synthetic/synthetic_data_b/Caltech101_Syn/973.jpeg,a photo of a electric fan.
./data/synthetic/synthetic_data_b/Caltech101_Syn/974.jpeg,a photo of a ant.
./data/synthetic/synthetic_data_b/Caltech101_Syn/975.jpeg,"a photo of a canna lily, a type of flower."
./data/synthetic/synthetic_data_b/Caltech101_Syn/976.jpeg,a photo of a moving van.
./data/synthetic/synthetic_data_b/Caltech101_Syn/977.jpeg,"a photo of a 737-900, a type of aircraft."
./data/synthetic/synthetic_data_b/Caltech101_Syn/978.jpeg,a photo of a snorkel.
./data/synthetic/synthetic_data_b/Caltech101_Syn/979.jpeg,"a photo of a Rolls-Royce Phantom Sedan 2012, a type of car."
./data/synthetic/synthetic_data_b/Caltech101_Syn/980.jpeg,a photo of a rooster.
./data/synthetic/synthetic_data_b/Caltech101_Syn/981.jpeg,"a photo of a Chevrolet Corvette ZR1 2012, a type of car."
./data/synthetic/synthetic_data_b/Caltech101_Syn/982.jpeg,a photo of a alley.
./data/synthetic/synthetic_data_b/Caltech101_Syn/983.jpeg,"a photo of a Gulfstream V, a type of aircraft."
./data/synthetic/synthetic_data_b/Caltech101_Syn/984.jpeg,a photo of a dining car.
./data/synthetic/synthetic_data_b/Caltech101_Syn/985.jpeg,"a photo of a Acura TSX Sedan 2012, a type of car."
./data/synthetic/synthetic_data_b/Caltech101_Syn/986.jpeg,a photo of a valley.
./data/synthetic/synthetic_data_b/Caltech101_Syn/987.jpeg,a photo of a wallet.
./data/synthetic/synthetic_data_b/Caltech101_Syn/988.jpeg,a photo of a stove.
./data/synthetic/synthetic_data_b/Caltech101_Syn/989.jpeg,a photo of a podium/indoor.
./data/synthetic/synthetic_data_b/Caltech101_Syn/990.jpeg,a photo of a bazaar/indoor.
./data/synthetic/synthetic_data_b/Caltech101_Syn/991.jpeg,a photo of a fire escape.
./data/synthetic/synthetic_data_b/Caltech101_Syn/992.jpeg,a photo of a landfill.
./data/synthetic/synthetic_data_b/Caltech101_Syn/993.jpeg,a photo of a forest road.
./data/synthetic/synthetic_data_b/Caltech101_Syn/994.jpeg,a photo of a oystercatcher.
./data/synthetic/synthetic_data_b/Caltech101_Syn/995.jpeg,"a photo of a Ford Mustang Convertible 2007, a type of car."
./data/synthetic/synthetic_data_b/Caltech101_Syn/996.jpeg,a photo of a broom.
./data/synthetic/synthetic_data_b/Caltech101_Syn/997.jpeg,a photo of a stingray.
./data/synthetic/synthetic_data_b/Caltech101_Syn/998.jpeg,a photo of a shield.
./data/synthetic/synthetic_data_b/Caltech101_Syn/999.jpeg,"a photo of a bearded iris, a type of flower."
