image,text
./data/synthetic/synthetic_data_b/SUN397_Syn/0.jpeg,a photo of a American robin.
./data/synthetic/synthetic_data_b/SUN397_Syn/1.jpeg,"a photo of a scallops, a type of food."
./data/synthetic/synthetic_data_b/SUN397_Syn/2.jpeg,a photo of a crane bird.
./data/synthetic/synthetic_data_b/SUN397_Syn/3.jpeg,a photo of a bassinet.
./data/synthetic/synthetic_data_b/SUN397_Syn/4.jpeg,"a photo of a artichoke, a type of flower."
./data/synthetic/synthetic_data_b/SUN397_Syn/5.jpeg,"a photo of a steak, a type of food."
./data/synthetic/synthetic_data_b/SUN397_Syn/6.jpeg,a photo of a station wagon.
./data/synthetic/synthetic_data_b/SUN397_Syn/7.jpeg,"a photo of a pink-yellow dahlia, a type of flower."
./data/synthetic/synthetic_data_b/SUN397_Syn/8.jpeg,a photo of a tray.
./data/synthetic/synthetic_data_b/SUN397_Syn/9.jpeg,a photo of a English Setter.
./data/synthetic/synthetic_data_b/SUN397_Syn/10.jpeg,a photo of a baluster / handrail.
./data/synthetic/synthetic_data_b/SUN397_Syn/11.jpeg,"a photo of a Ferrari California Convertible 2012, a type of car."
./data/synthetic/synthetic_data_b/SUN397_Syn/12.jpeg,"a photo of a camellia, a type of flower."
./data/synthetic/synthetic_data_b/SUN397_Syn/13.jpeg,a photo of a waffle iron.
./data/synthetic/synthetic_data_b/SUN397_Syn/14.jpeg,"a photo of a Japanese Chin, a type of pet."
./data/synthetic/synthetic_data_b/SUN397_Syn/15.jpeg,a photo of a grey whale.
./data/synthetic/synthetic_data_b/SUN397_Syn/16.jpeg,"a photo of a japanese anemone, a type of flower."
./data/synthetic/synthetic_data_b/SUN397_Syn/17.jpeg,a photo of a cockroach.
./data/synthetic/synthetic_data_b/SUN397_Syn/18.jpeg,a photo of a Komodo dragon.
./data/synthetic/synthetic_data_b/SUN397_Syn/19.jpeg,a photo of a spaghetti squash.
./data/synthetic/synthetic_data_b/SUN397_Syn/20.jpeg,a photo of a necklace.
./data/synthetic/synthetic_data_b/SUN397_Syn/21.jpeg,a photo of a wolf spider.
./data/synthetic/synthetic_data_b/SUN397_Syn/22.jpeg,a photo of a Staffordshire Bull Terrier.
./data/synthetic/synthetic_data_b/SUN397_Syn/23.jpeg,a photo of a sea lion.
./data/synthetic/synthetic_data_b/SUN397_Syn/24.jpeg,a photo of a nematode.
./data/synthetic/synthetic_data_b/SUN397_Syn/25.jpeg,a photo of a three-toed sloth.
./data/synthetic/synthetic_data_b/SUN397_Syn/26.jpeg,a photo of a cowboy hat.
./data/synthetic/synthetic_data_b/SUN397_Syn/27.jpeg,"a photo of a Isuzu Ascender SUV 2008, a type of car."
./data/synthetic/synthetic_data_b/SUN397_Syn/28.jpeg,a photo of a pelican.
./data/synthetic/synthetic_data_b/SUN397_Syn/29.jpeg,"a photo of a Scion xD Hatchback 2012, a type of car."
./data/synthetic/synthetic_data_b/SUN397_Syn/30.jpeg,a photo of a high-speed train.
./data/synthetic/synthetic_data_b/SUN397_Syn/31.jpeg,a photo of a diaper.
./data/synthetic/synthetic_data_b/SUN397_Syn/32.jpeg,a photo of a suit.
./data/synthetic/synthetic_data_b/SUN397_Syn/33.jpeg,a photo of a shower curtain.
./data/synthetic/synthetic_data_b/SUN397_Syn/34.jpeg,a photo of a plate.
./data/synthetic/synthetic_data_b/SUN397_Syn/35.jpeg,"a photo of a strawberry shortcake, a type of food."
./data/synthetic/synthetic_data_b/SUN397_Syn/36.jpeg,a photo of a strainer.
./data/synthetic/synthetic_data_b/SUN397_Syn/37.jpeg,a photo of a vending machine.
./data/synthetic/synthetic_data_b/SUN397_Syn/38.jpeg,a photo of a measuring cup.
./data/synthetic/synthetic_data_b/SUN397_Syn/39.jpeg,a photo of a leatherback sea turtle.
./data/synthetic/synthetic_data_b/SUN397_Syn/40.jpeg,a photo of a sleeping bag.
./data/synthetic/synthetic_data_b/SUN397_Syn/41.jpeg,"a photo of a alpine sea holly, a type of flower."
./data/synthetic/synthetic_data_b/SUN397_Syn/42.jpeg,a photo of a Boxer.
./data/synthetic/synthetic_data_b/SUN397_Syn/43.jpeg,"a photo of a Dodge Charger Sedan 2012, a type of car."
./data/synthetic/synthetic_data_b/SUN397_Syn/44.jpeg,a photo of a house finch.
./data/synthetic/synthetic_data_b/SUN397_Syn/45.jpeg,"a photo of a Birman, a type of pet."
./data/synthetic/synthetic_data_b/SUN397_Syn/46.jpeg,"a photo of a pad thai, a type of food."
./data/synthetic/synthetic_data_b/SUN397_Syn/47.jpeg,a photo of a spoonbill.
./data/synthetic/synthetic_data_b/SUN397_Syn/48.jpeg,"a photo of a beef carpaccio, a type of food."
./data/synthetic/synthetic_data_b/SUN397_Syn/49.jpeg,a photo of a hornbill.
./data/synthetic/synthetic_data_b/SUN397_Syn/50.jpeg,"a photo of a bee balm, a type of flower."
./data/synthetic/synthetic_data_b/SUN397_Syn/51.jpeg,a photo of a killer whale.
./data/synthetic/synthetic_data_b/SUN397_Syn/52.jpeg,a photo of a Polaroid camera.
./data/synthetic/synthetic_data_b/SUN397_Syn/53.jpeg,"a photo of a BMW 3 Series Wagon 2012, a type of car."
./data/synthetic/synthetic_data_b/SUN397_Syn/54.jpeg,a photo of a English Springer Spaniel.
./data/synthetic/synthetic_data_b/SUN397_Syn/55.jpeg,a photo of a harmonica.
./data/synthetic/synthetic_data_b/SUN397_Syn/56.jpeg,"a photo of a cautleya spicata, a type of flower."
./data/synthetic/synthetic_data_b/SUN397_Syn/57.jpeg,a photo of a lab coat.
./data/synthetic/synthetic_data_b/SUN397_Syn/58.jpeg,"a photo of a garlic bread, a type of food."
./data/synthetic/synthetic_data_b/SUN397_Syn/59.jpeg,a photo of a Scottish Deerhound.
./data/synthetic/synthetic_data_b/SUN397_Syn/60.jpeg,a photo of a gondola.
./data/synthetic/synthetic_data_b/SUN397_Syn/61.jpeg,a photo of a sink.
./data/synthetic/synthetic_data_b/SUN397_Syn/62.jpeg,a photo of a scoreboard.
./data/synthetic/synthetic_data_b/SUN397_Syn/63.jpeg,a photo of a soup bowl.
./data/synthetic/synthetic_data_b/SUN397_Syn/64.jpeg,"a photo of a globe thistle, a type of flower."
./data/synthetic/synthetic_data_b/SUN397_Syn/65.jpeg,a photo of a Indian cobra.
./data/synthetic/synthetic_data_b/SUN397_Syn/66.jpeg,a photo of a mountain.
./data/synthetic/synthetic_data_b/SUN397_Syn/67.jpeg,a photo of a damselfly.
./data/synthetic/synthetic_data_b/SUN397_Syn/68.jpeg,"a photo of a Dodge Challenger SRT8 2011, a type of car."
./data/synthetic/synthetic_data_b/SUN397_Syn/69.jpeg,a photo of a bobsleigh.
./data/synthetic/synthetic_data_b/SUN397_Syn/70.jpeg,a photo of a Arctic fox.
./data/synthetic/synthetic_data_b/SUN397_Syn/71.jpeg,a photo of a slot machine.
./data/synthetic/synthetic_data_b/SUN397_Syn/72.jpeg,"a photo of a GMC Terrain SUV 2012, a type of car."
./data/synthetic/synthetic_data_b/SUN397_Syn/73.jpeg,a photo of a hourglass.
./data/synthetic/synthetic_data_b/SUN397_Syn/74.jpeg,"a photo of the number: ""1 - one""."
./data/synthetic/synthetic_data_b/SUN397_Syn/75.jpeg,a photo of a American black bear.
./data/synthetic/synthetic_data_b/SUN397_Syn/76.jpeg,a photo of a T-shirt.
./data/synthetic/synthetic_data_b/SUN397_Syn/77.jpeg,"a photo of a poinsettia, a type of flower."
./data/synthetic/synthetic_data_b/SUN397_Syn/78.jpeg,"a photo of a Leonberger, a type of pet."
./data/synthetic/synthetic_data_b/SUN397_Syn/79.jpeg,a photo of a rifle.
./data/synthetic/synthetic_data_b/SUN397_Syn/80.jpeg,a photo of a bald eagle.
./data/synthetic/synthetic_data_b/SUN397_Syn/81.jpeg,"a photo of a Hyundai Sonata Hybrid Sedan 2012, a type of car."
./data/synthetic/synthetic_data_b/SUN397_Syn/82.jpeg,"a photo of a Hyundai Genesis Sedan 2012, a type of car."
./data/synthetic/synthetic_data_b/SUN397_Syn/83.jpeg,a photo of a snow leopard.
./data/synthetic/synthetic_data_b/SUN397_Syn/84.jpeg,a photo of a Affenpinscher.
./data/synthetic/synthetic_data_b/SUN397_Syn/85.jpeg,a photo of a quail.
./data/synthetic/synthetic_data_b/SUN397_Syn/86.jpeg,a photo of a brambling.
./data/synthetic/synthetic_data_b/SUN397_Syn/87.jpeg,"a photo of a Porsche Panamera Sedan 2012, a type of car."
./data/synthetic/synthetic_data_b/SUN397_Syn/88.jpeg,"a photo of a club sandwich, a type of food."
./data/synthetic/synthetic_data_b/SUN397_Syn/89.jpeg,a photo of a solar thermal collector.
./data/synthetic/synthetic_data_b/SUN397_Syn/90.jpeg,"a photo of a Ferrari FF Coupe 2012, a type of car."
./data/synthetic/synthetic_data_b/SUN397_Syn/91.jpeg,"a photo of a GMC Canyon Extended Cab 2012, a type of car."
./data/synthetic/synthetic_data_b/SUN397_Syn/92.jpeg,a photo of a Norwegian Elkhound.
./data/synthetic/synthetic_data_b/SUN397_Syn/93.jpeg,a photo of a library.
./data/synthetic/synthetic_data_b/SUN397_Syn/94.jpeg,a photo of a basketball.
./data/synthetic/synthetic_data_b/SUN397_Syn/95.jpeg,a photo of a parking meter.
./data/synthetic/synthetic_data_b/SUN397_Syn/96.jpeg,a photo of a swimming cap.
./data/synthetic/synthetic_data_b/SUN397_Syn/97.jpeg,a photo of a syringe.
./data/synthetic/synthetic_data_b/SUN397_Syn/98.jpeg,"a photo of a Great Pyrenees, a type of pet."
./data/synthetic/synthetic_data_b/SUN397_Syn/99.jpeg,"a photo of a Buick Enclave SUV 2012, a type of car."
./data/synthetic/synthetic_data_b/SUN397_Syn/100.jpeg,a photo of a lion.
./data/synthetic/synthetic_data_b/SUN397_Syn/101.jpeg,a photo of a sea cucumber.
./data/synthetic/synthetic_data_b/SUN397_Syn/102.jpeg,a photo of a proboscis monkey.
./data/synthetic/synthetic_data_b/SUN397_Syn/103.jpeg,a photo of a poke bonnet.
./data/synthetic/synthetic_data_b/SUN397_Syn/104.jpeg,"a photo of a omelette, a type of food."
./data/synthetic/synthetic_data_b/SUN397_Syn/105.jpeg,a photo of a construction crane.
./data/synthetic/synthetic_data_b/SUN397_Syn/106.jpeg,a photo of a pufferfish.
./data/synthetic/synthetic_data_b/SUN397_Syn/107.jpeg,a photo of a Rottweiler.
./data/synthetic/synthetic_data_b/SUN397_Syn/108.jpeg,a photo of a patas monkey.
./data/synthetic/synthetic_data_b/SUN397_Syn/109.jpeg,"a photo of a carnation, a type of flower."
./data/synthetic/synthetic_data_b/SUN397_Syn/110.jpeg,"a photo of a Mercedes-Benz C-Class Sedan 2012, a type of car."
./data/synthetic/synthetic_data_b/SUN397_Syn/111.jpeg,a photo of a nematode.
./data/synthetic/synthetic_data_b/SUN397_Syn/112.jpeg,"a photo of a HUMMER H2 SUT Crew Cab 2009, a type of car."
./data/synthetic/synthetic_data_b/SUN397_Syn/113.jpeg,a photo of a artichoke.
./data/synthetic/synthetic_data_b/SUN397_Syn/114.jpeg,"a photo of a English Setter, a type of pet."
./data/synthetic/synthetic_data_b/SUN397_Syn/115.jpeg,"a photo of a Honda Odyssey Minivan 2012, a type of car."
./data/synthetic/synthetic_data_b/SUN397_Syn/116.jpeg,a photo of a dugong.
./data/synthetic/synthetic_data_b/SUN397_Syn/117.jpeg,a photo of a combine harvester.
./data/synthetic/synthetic_data_b/SUN397_Syn/118.jpeg,"a photo of a garden phlox, a type of flower."
./data/synthetic/synthetic_data_b/SUN397_Syn/119.jpeg,a photo of a American coot.
./data/synthetic/synthetic_data_b/SUN397_Syn/120.jpeg,a photo of a cornet.
./data/synthetic/synthetic_data_b/SUN397_Syn/121.jpeg,a photo of a Australian Silky Terrier.
./data/synthetic/synthetic_data_b/SUN397_Syn/122.jpeg,a photo of a airliner.
./data/synthetic/synthetic_data_b/SUN397_Syn/123.jpeg,"a photo of a Volkswagen Golf Hatchback 2012, a type of car."
./data/synthetic/synthetic_data_b/SUN397_Syn/124.jpeg,a photo of a bolete.
./data/synthetic/synthetic_data_b/SUN397_Syn/125.jpeg,a photo of a metal nail.
./data/synthetic/synthetic_data_b/SUN397_Syn/126.jpeg,a photo of a plunger.
./data/synthetic/synthetic_data_b/SUN397_Syn/127.jpeg,a photo of a brussels griffon.
./data/synthetic/synthetic_data_b/SUN397_Syn/128.jpeg,"a photo of a carnation, a type of flower."
./data/synthetic/synthetic_data_b/SUN397_Syn/129.jpeg,"a photo of a Wheaten Terrier, a type of pet."
./data/synthetic/synthetic_data_b/SUN397_Syn/130.jpeg,a photo of a automated teller machine.
./data/synthetic/synthetic_data_b/SUN397_Syn/131.jpeg,a photo of a Lhasa Apso.
./data/synthetic/synthetic_data_b/SUN397_Syn/132.jpeg,a photo of a guillotine.
./data/synthetic/synthetic_data_b/SUN397_Syn/133.jpeg,"a photo of a pancakes, a type of food."
./data/synthetic/synthetic_data_b/SUN397_Syn/134.jpeg,a photo of a dowitcher.
./data/synthetic/synthetic_data_b/SUN397_Syn/135.jpeg,a photo of a lionfish.
./data/synthetic/synthetic_data_b/SUN397_Syn/136.jpeg,a photo of a microphone.
./data/synthetic/synthetic_data_b/SUN397_Syn/137.jpeg,a photo of a earth star fungus.
./data/synthetic/synthetic_data_b/SUN397_Syn/138.jpeg,a photo of a menu.
./data/synthetic/synthetic_data_b/SUN397_Syn/139.jpeg,a photo of a tent.
./data/synthetic/synthetic_data_b/SUN397_Syn/140.jpeg,"a photo of a nachos, a type of food."
./data/synthetic/synthetic_data_b/SUN397_Syn/141.jpeg,"a photo of a moon orchid, a type of flower."
./data/synthetic/synthetic_data_b/SUN397_Syn/142.jpeg,a photo of a lighter.
./data/synthetic/synthetic_data_b/SUN397_Syn/143.jpeg,"a photo of a passion flower, a type of flower."
./data/synthetic/synthetic_data_b/SUN397_Syn/144.jpeg,"a photo of a apple pie, a type of food."
./data/synthetic/synthetic_data_b/SUN397_Syn/145.jpeg,a photo of a cricket insect.
./data/synthetic/synthetic_data_b/SUN397_Syn/146.jpeg,"a photo of a Mazda Tribute SUV 2011, a type of car."
./data/synthetic/synthetic_data_b/SUN397_Syn/147.jpeg,"a photo of a Mercedes-Benz 300-Class Convertible 1993, a type of car."
./data/synthetic/synthetic_data_b/SUN397_Syn/148.jpeg,a photo of a hockey puck.
./data/synthetic/synthetic_data_b/SUN397_Syn/149.jpeg,a photo of a measuring cup.
./data/synthetic/synthetic_data_b/SUN397_Syn/150.jpeg,a photo of a turnstile.
./data/synthetic/synthetic_data_b/SUN397_Syn/151.jpeg,a photo of a ox.
./data/synthetic/synthetic_data_b/SUN397_Syn/152.jpeg,a photo of a ostrich.
./data/synthetic/synthetic_data_b/SUN397_Syn/153.jpeg,a photo of a maraca.
./data/synthetic/synthetic_data_b/SUN397_Syn/154.jpeg,a photo of a coffee mug.
./data/synthetic/synthetic_data_b/SUN397_Syn/155.jpeg,a photo of a bookcase.
./data/synthetic/synthetic_data_b/SUN397_Syn/156.jpeg,"a photo of a Bengal, a type of pet."
./data/synthetic/synthetic_data_b/SUN397_Syn/157.jpeg,a photo of a wallet.
./data/synthetic/synthetic_data_b/SUN397_Syn/158.jpeg,a photo of a French horn.
./data/synthetic/synthetic_data_b/SUN397_Syn/159.jpeg,a photo of a pool table.
./data/synthetic/synthetic_data_b/SUN397_Syn/160.jpeg,a photo of a African wild dog.
./data/synthetic/synthetic_data_b/SUN397_Syn/161.jpeg,"a photo of a buttercup, a type of flower."
./data/synthetic/synthetic_data_b/SUN397_Syn/162.jpeg,a photo of a necklace.
./data/synthetic/synthetic_data_b/SUN397_Syn/163.jpeg,a photo of a bridegroom.
./data/synthetic/synthetic_data_b/SUN397_Syn/164.jpeg,a photo of a mushroom.
./data/synthetic/synthetic_data_b/SUN397_Syn/165.jpeg,a photo of a split-rail fence.
./data/synthetic/synthetic_data_b/SUN397_Syn/166.jpeg,a photo of a police van.
./data/synthetic/synthetic_data_b/SUN397_Syn/167.jpeg,a photo of a lifeboat.
./data/synthetic/synthetic_data_b/SUN397_Syn/168.jpeg,a photo of a bolete.
./data/synthetic/synthetic_data_b/SUN397_Syn/169.jpeg,"a photo of a Hyundai Veloster Hatchback 2012, a type of car."
./data/synthetic/synthetic_data_b/SUN397_Syn/170.jpeg,a photo of a Kuvasz.
./data/synthetic/synthetic_data_b/SUN397_Syn/171.jpeg,a photo of a black-footed ferret.
./data/synthetic/synthetic_data_b/SUN397_Syn/172.jpeg,"a photo of a Great Pyrenees, a type of pet."
./data/synthetic/synthetic_data_b/SUN397_Syn/173.jpeg,"a photo of a garlic bread, a type of food."
./data/synthetic/synthetic_data_b/SUN397_Syn/174.jpeg,a photo of a English foxhound.
./data/synthetic/synthetic_data_b/SUN397_Syn/175.jpeg,a photo of a golf ball.
./data/synthetic/synthetic_data_b/SUN397_Syn/176.jpeg,a photo of a cougar.
./data/synthetic/synthetic_data_b/SUN397_Syn/177.jpeg,"a photo of a Ferrari 458 Italia Coupe 2012, a type of car."
./data/synthetic/synthetic_data_b/SUN397_Syn/178.jpeg,a photo of a acoustic guitar.
./data/synthetic/synthetic_data_b/SUN397_Syn/179.jpeg,a photo of a doormat.
./data/synthetic/synthetic_data_b/SUN397_Syn/180.jpeg,"a photo of a scallops, a type of food."
./data/synthetic/synthetic_data_b/SUN397_Syn/181.jpeg,a photo of a King Charles Spaniel.
./data/synthetic/synthetic_data_b/SUN397_Syn/182.jpeg,a photo of a Pekingese.
./data/synthetic/synthetic_data_b/SUN397_Syn/183.jpeg,a photo of a banded gecko.
./data/synthetic/synthetic_data_b/SUN397_Syn/184.jpeg,"a photo of a Bentley Continental Supersports Conv. Convertible 2012, a type of car."
./data/synthetic/synthetic_data_b/SUN397_Syn/185.jpeg,"a photo of a takoyaki, a type of food."
./data/synthetic/synthetic_data_b/SUN397_Syn/186.jpeg,a photo of a Indian cobra.
./data/synthetic/synthetic_data_b/SUN397_Syn/187.jpeg,"a photo of a Volkswagen Beetle Hatchback 2012, a type of car."
./data/synthetic/synthetic_data_b/SUN397_Syn/188.jpeg,"a photo of a Toyota Sequoia SUV 2012, a type of car."
./data/synthetic/synthetic_data_b/SUN397_Syn/189.jpeg,a photo of a tram.
./data/synthetic/synthetic_data_b/SUN397_Syn/190.jpeg,"a photo of a cannoli, a type of food."
./data/synthetic/synthetic_data_b/SUN397_Syn/191.jpeg,a photo of a bathtub.
./data/synthetic/synthetic_data_b/SUN397_Syn/192.jpeg,a photo of a southern black widow.
./data/synthetic/synthetic_data_b/SUN397_Syn/193.jpeg,"a photo of a Hyundai Veloster Hatchback 2012, a type of car."
./data/synthetic/synthetic_data_b/SUN397_Syn/194.jpeg,a photo of a dishcloth.
./data/synthetic/synthetic_data_b/SUN397_Syn/195.jpeg,"a photo of a Ford F-150 Regular Cab 2007, a type of car."
./data/synthetic/synthetic_data_b/SUN397_Syn/196.jpeg,"a photo of a Ford F-450 Super Duty Crew Cab 2012, a type of car."
./data/synthetic/synthetic_data_b/SUN397_Syn/197.jpeg,a photo of a red wine.
./data/synthetic/synthetic_data_b/SUN397_Syn/198.jpeg,"a photo of a Siamese, a type of pet."
./data/synthetic/synthetic_data_b/SUN397_Syn/199.jpeg,a photo of a leaf beetle.
./data/synthetic/synthetic_data_b/SUN397_Syn/200.jpeg,a photo of a quill.
./data/synthetic/synthetic_data_b/SUN397_Syn/201.jpeg,a photo of a snowplow.
./data/synthetic/synthetic_data_b/SUN397_Syn/202.jpeg,a photo of a bow tie.
./data/synthetic/synthetic_data_b/SUN397_Syn/203.jpeg,"a photo of a caesar salad, a type of food."
./data/synthetic/synthetic_data_b/SUN397_Syn/204.jpeg,a photo of a combine harvester.
./data/synthetic/synthetic_data_b/SUN397_Syn/205.jpeg,a photo of a dhole.
./data/synthetic/synthetic_data_b/SUN397_Syn/206.jpeg,a photo of a lemon.
./data/synthetic/synthetic_data_b/SUN397_Syn/207.jpeg,"a photo of a BMW 1 Series Convertible 2012, a type of car."
./data/synthetic/synthetic_data_b/SUN397_Syn/208.jpeg,"a photo of a Bugatti Veyron 16.4 Coupe 2009, a type of car."
./data/synthetic/synthetic_data_b/SUN397_Syn/209.jpeg,a photo of a Norfolk Terrier.
./data/synthetic/synthetic_data_b/SUN397_Syn/210.jpeg,a photo of a space shuttle.
./data/synthetic/synthetic_data_b/SUN397_Syn/211.jpeg,a photo of a projector.
./data/synthetic/synthetic_data_b/SUN397_Syn/212.jpeg,"a photo of a BMW 3 Series Sedan 2012, a type of car."
./data/synthetic/synthetic_data_b/SUN397_Syn/213.jpeg,a photo of a kite (bird of prey).
./data/synthetic/synthetic_data_b/SUN397_Syn/214.jpeg,"a photo of a spear thistle, a type of flower."
./data/synthetic/synthetic_data_b/SUN397_Syn/215.jpeg,a photo of a chain-link fence.
./data/synthetic/synthetic_data_b/SUN397_Syn/216.jpeg,"a photo of a lobster roll sandwich, a type of food."
./data/synthetic/synthetic_data_b/SUN397_Syn/217.jpeg,"a photo of a geranium, a type of flower."
./data/synthetic/synthetic_data_b/SUN397_Syn/218.jpeg,a photo of a common sorrel horse.
./data/synthetic/synthetic_data_b/SUN397_Syn/219.jpeg,"a photo of a Cadillac Escalade EXT Crew Cab 2007, a type of car."
./data/synthetic/synthetic_data_b/SUN397_Syn/220.jpeg,a photo of a lynx.
./data/synthetic/synthetic_data_b/SUN397_Syn/221.jpeg,a photo of a shipwreck.
./data/synthetic/synthetic_data_b/SUN397_Syn/222.jpeg,a photo of a gossamer-winged butterfly.
./data/synthetic/synthetic_data_b/SUN397_Syn/223.jpeg,a photo of a gorilla.
./data/synthetic/synthetic_data_b/SUN397_Syn/224.jpeg,"a photo of a McLaren MP4-12C Coupe 2012, a type of car."
./data/synthetic/synthetic_data_b/SUN397_Syn/225.jpeg,"a photo of a Mazda Tribute SUV 2011, a type of car."
./data/synthetic/synthetic_data_b/SUN397_Syn/226.jpeg,"a photo of a moon orchid, a type of flower."
./data/synthetic/synthetic_data_b/SUN397_Syn/227.jpeg,a photo of a meerkat.
./data/synthetic/synthetic_data_b/SUN397_Syn/228.jpeg,a photo of a horse chestnut seed.
./data/synthetic/synthetic_data_b/SUN397_Syn/229.jpeg,a photo of a police van.
./data/synthetic/synthetic_data_b/SUN397_Syn/230.jpeg,a photo of a ruffed grouse.
./data/synthetic/synthetic_data_b/SUN397_Syn/231.jpeg,a photo of a birdhouse.
./data/synthetic/synthetic_data_b/SUN397_Syn/232.jpeg,a photo of a corn cob.
./data/synthetic/synthetic_data_b/SUN397_Syn/233.jpeg,a photo of a cardigan.
./data/synthetic/synthetic_data_b/SUN397_Syn/234.jpeg,a photo of a black stork.
./data/synthetic/synthetic_data_b/SUN397_Syn/235.jpeg,a photo of a drum.
./data/synthetic/synthetic_data_b/SUN397_Syn/236.jpeg,a photo of a rain barrel.
./data/synthetic/synthetic_data_b/SUN397_Syn/237.jpeg,a photo of a car wheel.
./data/synthetic/synthetic_data_b/SUN397_Syn/238.jpeg,a photo of a african grey parrot.
./data/synthetic/synthetic_data_b/SUN397_Syn/239.jpeg,"a photo of a corn poppy, a type of flower."
./data/synthetic/synthetic_data_b/SUN397_Syn/240.jpeg,a photo of a barber chair.
./data/synthetic/synthetic_data_b/SUN397_Syn/241.jpeg,"a photo of a Chevrolet Impala Sedan 2007, a type of car."
./data/synthetic/synthetic_data_b/SUN397_Syn/242.jpeg,a photo of a potter's wheel.
./data/synthetic/synthetic_data_b/SUN397_Syn/243.jpeg,a photo of a shower curtain.
./data/synthetic/synthetic_data_b/SUN397_Syn/244.jpeg,a photo of a dough.
./data/synthetic/synthetic_data_b/SUN397_Syn/245.jpeg,a photo of a bagel.
./data/synthetic/synthetic_data_b/SUN397_Syn/246.jpeg,a photo of a jacamar.
./data/synthetic/synthetic_data_b/SUN397_Syn/247.jpeg,a photo of a ptarmigan.
./data/synthetic/synthetic_data_b/SUN397_Syn/248.jpeg,"a photo of a Miniature Pinscher, a type of pet."
./data/synthetic/synthetic_data_b/SUN397_Syn/249.jpeg,a photo of a monastery.
./data/synthetic/synthetic_data_b/SUN397_Syn/250.jpeg,a photo of a Vizsla.
./data/synthetic/synthetic_data_b/SUN397_Syn/251.jpeg,"a photo of a mexican petunia, a type of flower."
./data/synthetic/synthetic_data_b/SUN397_Syn/252.jpeg,"a photo of a Chevrolet TrailBlazer SS 2009, a type of car."
./data/synthetic/synthetic_data_b/SUN397_Syn/253.jpeg,"a photo of the number: ""0 - zero""."
./data/synthetic/synthetic_data_b/SUN397_Syn/254.jpeg,a photo of a football helmet.
./data/synthetic/synthetic_data_b/SUN397_Syn/255.jpeg,a photo of a doormat.
./data/synthetic/synthetic_data_b/SUN397_Syn/256.jpeg,"a photo of a Toyota Sequoia SUV 2012, a type of car."
./data/synthetic/synthetic_data_b/SUN397_Syn/257.jpeg,"a photo of a Ford Focus Sedan 2007, a type of car."
./data/synthetic/synthetic_data_b/SUN397_Syn/258.jpeg,"a photo of a Nissan Leaf Hatchback 2012, a type of car."
./data/synthetic/synthetic_data_b/SUN397_Syn/259.jpeg,a photo of a weasel.
./data/synthetic/synthetic_data_b/SUN397_Syn/260.jpeg,a photo of a safe.
./data/synthetic/synthetic_data_b/SUN397_Syn/261.jpeg,"a photo of a Shiba Inu, a type of pet."
./data/synthetic/synthetic_data_b/SUN397_Syn/262.jpeg,a photo of a sarong.
./data/synthetic/synthetic_data_b/SUN397_Syn/263.jpeg,a photo of a purse.
./data/synthetic/synthetic_data_b/SUN397_Syn/264.jpeg,"a photo of a bibimbap, a type of food."
./data/synthetic/synthetic_data_b/SUN397_Syn/265.jpeg,"a photo of a Shiba Inu, a type of pet."
./data/synthetic/synthetic_data_b/SUN397_Syn/266.jpeg,a photo of a Rhodesian Ridgeback.
./data/synthetic/synthetic_data_b/SUN397_Syn/267.jpeg,"a photo of a Chevrolet Camaro Convertible 2012, a type of car."
./data/synthetic/synthetic_data_b/SUN397_Syn/268.jpeg,a photo of a cowboy hat.
./data/synthetic/synthetic_data_b/SUN397_Syn/269.jpeg,a photo of a sneaker.
./data/synthetic/synthetic_data_b/SUN397_Syn/270.jpeg,a photo of a hunting bow.
./data/synthetic/synthetic_data_b/SUN397_Syn/271.jpeg,"a photo of a Chevrolet Traverse SUV 2012, a type of car."
./data/synthetic/synthetic_data_b/SUN397_Syn/272.jpeg,a photo of a couch.
./data/synthetic/synthetic_data_b/SUN397_Syn/273.jpeg,a photo of a ping-pong ball.
./data/synthetic/synthetic_data_b/SUN397_Syn/274.jpeg,a photo of a patio.
./data/synthetic/synthetic_data_b/SUN397_Syn/275.jpeg,a photo of a bolete.
./data/synthetic/synthetic_data_b/SUN397_Syn/276.jpeg,a photo of a corn.
./data/synthetic/synthetic_data_b/SUN397_Syn/277.jpeg,"a photo of a french onion soup, a type of food."
./data/synthetic/synthetic_data_b/SUN397_Syn/278.jpeg,a photo of a junco.
./data/synthetic/synthetic_data_b/SUN397_Syn/279.jpeg,"a photo of a BMW 1 Series Coupe 2012, a type of car."
./data/synthetic/synthetic_data_b/SUN397_Syn/280.jpeg,a photo of a Siamese cat.
./data/synthetic/synthetic_data_b/SUN397_Syn/281.jpeg,a photo of a water tower.
./data/synthetic/synthetic_data_b/SUN397_Syn/282.jpeg,a photo of a common sorrel horse.
./data/synthetic/synthetic_data_b/SUN397_Syn/283.jpeg,a photo of a cannon.
./data/synthetic/synthetic_data_b/SUN397_Syn/284.jpeg,a photo of a Papillon.
./data/synthetic/synthetic_data_b/SUN397_Syn/285.jpeg,"a photo of a Chevrolet Silverado 1500 Hybrid Crew Cab 2012, a type of car."
./data/synthetic/synthetic_data_b/SUN397_Syn/286.jpeg,"a photo of a Chihuahua, a type of pet."
./data/synthetic/synthetic_data_b/SUN397_Syn/287.jpeg,a photo of a golf cart.
./data/synthetic/synthetic_data_b/SUN397_Syn/288.jpeg,a photo of a swimming cap.
./data/synthetic/synthetic_data_b/SUN397_Syn/289.jpeg,a photo of a weevil.
./data/synthetic/synthetic_data_b/SUN397_Syn/290.jpeg,a photo of a common squirrel monkey.
./data/synthetic/synthetic_data_b/SUN397_Syn/291.jpeg,a photo of a ringlet butterfly.
./data/synthetic/synthetic_data_b/SUN397_Syn/292.jpeg,a photo of a prayer rug.
./data/synthetic/synthetic_data_b/SUN397_Syn/293.jpeg,"a photo of a falafel, a type of food."
./data/synthetic/synthetic_data_b/SUN397_Syn/294.jpeg,a photo of a Boxer.
./data/synthetic/synthetic_data_b/SUN397_Syn/295.jpeg,"a photo of a globe thistle, a type of flower."
./data/synthetic/synthetic_data_b/SUN397_Syn/296.jpeg,a photo of a cannon.
./data/synthetic/synthetic_data_b/SUN397_Syn/297.jpeg,a photo of a teapot.
./data/synthetic/synthetic_data_b/SUN397_Syn/298.jpeg,a photo of a muzzle.
./data/synthetic/synthetic_data_b/SUN397_Syn/299.jpeg,a photo of a Border Collie.
./data/synthetic/synthetic_data_b/SUN397_Syn/300.jpeg,a photo of a yellow lady's slipper.
./data/synthetic/synthetic_data_b/SUN397_Syn/301.jpeg,"a photo of a siam tulip, a type of flower."
./data/synthetic/synthetic_data_b/SUN397_Syn/302.jpeg,a photo of a volcano.
./data/synthetic/synthetic_data_b/SUN397_Syn/303.jpeg,a photo of a baseball player.
./data/synthetic/synthetic_data_b/SUN397_Syn/304.jpeg,a photo of a bassinet.
./data/synthetic/synthetic_data_b/SUN397_Syn/305.jpeg,"a photo of a caprese salad, a type of food."
./data/synthetic/synthetic_data_b/SUN397_Syn/306.jpeg,a photo of a cottontail rabbit.
./data/synthetic/synthetic_data_b/SUN397_Syn/307.jpeg,"a photo of a Keeshond, a type of pet."
./data/synthetic/synthetic_data_b/SUN397_Syn/308.jpeg,a photo of a sweatshirt.
./data/synthetic/synthetic_data_b/SUN397_Syn/309.jpeg,a photo of a Gila monster.
./data/synthetic/synthetic_data_b/SUN397_Syn/310.jpeg,a photo of a cleaver.
./data/synthetic/synthetic_data_b/SUN397_Syn/311.jpeg,a photo of a macaw.
./data/synthetic/synthetic_data_b/SUN397_Syn/312.jpeg,a photo of a Keeshond.
./data/synthetic/synthetic_data_b/SUN397_Syn/313.jpeg,"a photo of a Rolls-Royce Phantom Drophead Coupe Convertible 2012, a type of car."
./data/synthetic/synthetic_data_b/SUN397_Syn/314.jpeg,"a photo of a cheesecake, a type of food."
./data/synthetic/synthetic_data_b/SUN397_Syn/315.jpeg,a photo of a sea cucumber.
./data/synthetic/synthetic_data_b/SUN397_Syn/316.jpeg,a photo of a African wild dog.
./data/synthetic/synthetic_data_b/SUN397_Syn/317.jpeg,"a photo of a steak, a type of food."
./data/synthetic/synthetic_data_b/SUN397_Syn/318.jpeg,"a photo of a Buick Enclave SUV 2012, a type of car."
./data/synthetic/synthetic_data_b/SUN397_Syn/319.jpeg,a photo of a black grouse.
./data/synthetic/synthetic_data_b/SUN397_Syn/320.jpeg,"a photo of a Porsche Panamera Sedan 2012, a type of car."
./data/synthetic/synthetic_data_b/SUN397_Syn/321.jpeg,a photo of a tiger beetle.
./data/synthetic/synthetic_data_b/SUN397_Syn/322.jpeg,a photo of a slug.
./data/synthetic/synthetic_data_b/SUN397_Syn/323.jpeg,a photo of a zebra.
./data/synthetic/synthetic_data_b/SUN397_Syn/324.jpeg,a photo of a rotary dial telephone.
./data/synthetic/synthetic_data_b/SUN397_Syn/325.jpeg,a photo of a gibbon.
./data/synthetic/synthetic_data_b/SUN397_Syn/326.jpeg,"a photo of a Chevrolet Camaro Convertible 2012, a type of car."
./data/synthetic/synthetic_data_b/SUN397_Syn/327.jpeg,a photo of a stretcher.
./data/synthetic/synthetic_data_b/SUN397_Syn/328.jpeg,"a photo of a donuts, a type of food."
./data/synthetic/synthetic_data_b/SUN397_Syn/329.jpeg,"a photo of a Land Rover LR2 SUV 2012, a type of car."
./data/synthetic/synthetic_data_b/SUN397_Syn/330.jpeg,"a photo of the number: ""8 - eight""."
./data/synthetic/synthetic_data_b/SUN397_Syn/331.jpeg,a photo of a banded gecko.
./data/synthetic/synthetic_data_b/SUN397_Syn/332.jpeg,"a photo of a colt's foot, a type of flower."
./data/synthetic/synthetic_data_b/SUN397_Syn/333.jpeg,a photo of a greenhouse.
./data/synthetic/synthetic_data_b/SUN397_Syn/334.jpeg,a photo of a Otterhound.
./data/synthetic/synthetic_data_b/SUN397_Syn/335.jpeg,a photo of a baby bib.
./data/synthetic/synthetic_data_b/SUN397_Syn/336.jpeg,a photo of a traffic or street sign.
./data/synthetic/synthetic_data_b/SUN397_Syn/337.jpeg,"a photo of a garlic bread, a type of food."
./data/synthetic/synthetic_data_b/SUN397_Syn/338.jpeg,a photo of a burrito.
./data/synthetic/synthetic_data_b/SUN397_Syn/339.jpeg,a photo of a yellow lady's slipper.
./data/synthetic/synthetic_data_b/SUN397_Syn/340.jpeg,a photo of a bighorn sheep.
./data/synthetic/synthetic_data_b/SUN397_Syn/341.jpeg,a photo of a boathouse.
./data/synthetic/synthetic_data_b/SUN397_Syn/342.jpeg,a photo of a sweatshirt.
./data/synthetic/synthetic_data_b/SUN397_Syn/343.jpeg,"a photo of a eggs benedict, a type of food."
./data/synthetic/synthetic_data_b/SUN397_Syn/344.jpeg,a photo of a tiger.
./data/synthetic/synthetic_data_b/SUN397_Syn/345.jpeg,"a photo of a Volvo 240 Sedan 1993, a type of car."
./data/synthetic/synthetic_data_b/SUN397_Syn/346.jpeg,a photo of a baboon.
./data/synthetic/synthetic_data_b/SUN397_Syn/347.jpeg,"a photo of a pulled pork sandwich, a type of food."
./data/synthetic/synthetic_data_b/SUN397_Syn/348.jpeg,"a photo of a moon orchid, a type of flower."
./data/synthetic/synthetic_data_b/SUN397_Syn/349.jpeg,"a photo of a Buick Regal GS 2012, a type of car."
./data/synthetic/synthetic_data_b/SUN397_Syn/350.jpeg,a photo of a drum.
./data/synthetic/synthetic_data_b/SUN397_Syn/351.jpeg,a photo of a warthog.
./data/synthetic/synthetic_data_b/SUN397_Syn/352.jpeg,"a photo of a cautleya spicata, a type of flower."
./data/synthetic/synthetic_data_b/SUN397_Syn/353.jpeg,a photo of a parachute.
./data/synthetic/synthetic_data_b/SUN397_Syn/354.jpeg,a photo of a ice cream.
./data/synthetic/synthetic_data_b/SUN397_Syn/355.jpeg,"a photo of a club sandwich, a type of food."
./data/synthetic/synthetic_data_b/SUN397_Syn/356.jpeg,"a photo of a caprese salad, a type of food."
./data/synthetic/synthetic_data_b/SUN397_Syn/357.jpeg,a photo of a dunlin.
./data/synthetic/synthetic_data_b/SUN397_Syn/358.jpeg,a photo of a candle.
./data/synthetic/synthetic_data_b/SUN397_Syn/359.jpeg,a photo of a sandal.
./data/synthetic/synthetic_data_b/SUN397_Syn/360.jpeg,a photo of a shoji screen / room divider.
./data/synthetic/synthetic_data_b/SUN397_Syn/361.jpeg,a photo of a Alaskan tundra wolf.
./data/synthetic/synthetic_data_b/SUN397_Syn/362.jpeg,a photo of a Kuvasz.
./data/synthetic/synthetic_data_b/SUN397_Syn/363.jpeg,a photo of a loggerhead sea turtle.
./data/synthetic/synthetic_data_b/SUN397_Syn/364.jpeg,a photo of a backpack.
./data/synthetic/synthetic_data_b/SUN397_Syn/365.jpeg,"a photo of a Chevrolet Express Van 2007, a type of car."
./data/synthetic/synthetic_data_b/SUN397_Syn/366.jpeg,"a photo of a BMW X6 SUV 2012, a type of car."
./data/synthetic/synthetic_data_b/SUN397_Syn/367.jpeg,"a photo of a geranium, a type of flower."
./data/synthetic/synthetic_data_b/SUN397_Syn/368.jpeg,a photo of a toaster.
./data/synthetic/synthetic_data_b/SUN397_Syn/369.jpeg,a photo of a rhinoceros beetle.
./data/synthetic/synthetic_data_b/SUN397_Syn/370.jpeg,"a photo of a fried rice, a type of food."
./data/synthetic/synthetic_data_b/SUN397_Syn/371.jpeg,a photo of a Giant Schnauzer.
./data/synthetic/synthetic_data_b/SUN397_Syn/372.jpeg,a photo of a armadillo.
./data/synthetic/synthetic_data_b/SUN397_Syn/373.jpeg,a photo of a geyser.
./data/synthetic/synthetic_data_b/SUN397_Syn/374.jpeg,"a photo of a macarons, a type of food."
./data/synthetic/synthetic_data_b/SUN397_Syn/375.jpeg,"a photo of a dumplings, a type of food."
./data/synthetic/synthetic_data_b/SUN397_Syn/376.jpeg,a photo of a centipede.
./data/synthetic/synthetic_data_b/SUN397_Syn/377.jpeg,"a photo of a Dodge Journey SUV 2012, a type of car."
./data/synthetic/synthetic_data_b/SUN397_Syn/378.jpeg,"a photo of a BMW 6 Series Convertible 2007, a type of car."
./data/synthetic/synthetic_data_b/SUN397_Syn/379.jpeg,a photo of a Appenzeller Sennenhund.
./data/synthetic/synthetic_data_b/SUN397_Syn/380.jpeg,a photo of a Sealyham Terrier.
./data/synthetic/synthetic_data_b/SUN397_Syn/381.jpeg,a photo of a corn.
./data/synthetic/synthetic_data_b/SUN397_Syn/382.jpeg,"a photo of a moon orchid, a type of flower."
./data/synthetic/synthetic_data_b/SUN397_Syn/383.jpeg,a photo of a Miniature Poodle.
./data/synthetic/synthetic_data_b/SUN397_Syn/384.jpeg,"a photo of a foie gras, a type of food."
./data/synthetic/synthetic_data_b/SUN397_Syn/385.jpeg,"a photo of a Fisker Karma Sedan 2012, a type of car."
./data/synthetic/synthetic_data_b/SUN397_Syn/386.jpeg,a photo of a great white shark.
./data/synthetic/synthetic_data_b/SUN397_Syn/387.jpeg,"a photo of a wallflower, a type of flower."
./data/synthetic/synthetic_data_b/SUN397_Syn/388.jpeg,"a photo of a Newfoundland, a type of pet."
./data/synthetic/synthetic_data_b/SUN397_Syn/389.jpeg,a photo of a vase.
./data/synthetic/synthetic_data_b/SUN397_Syn/390.jpeg,"a photo of a Chevrolet Silverado 1500 Classic Extended Cab 2007, a type of car."
./data/synthetic/synthetic_data_b/SUN397_Syn/391.jpeg,a photo of a toilet seat.
./data/synthetic/synthetic_data_b/SUN397_Syn/392.jpeg,a photo of a fishing casting reel.
./data/synthetic/synthetic_data_b/SUN397_Syn/393.jpeg,a photo of a macaw.
./data/synthetic/synthetic_data_b/SUN397_Syn/394.jpeg,"a photo of a desert-rose, a type of flower."
./data/synthetic/synthetic_data_b/SUN397_Syn/395.jpeg,"a photo of a Dodge Ram Pickup 3500 Crew Cab 2010, a type of car."
./data/synthetic/synthetic_data_b/SUN397_Syn/396.jpeg,a photo of a typewriter keyboard.
./data/synthetic/synthetic_data_b/SUN397_Syn/397.jpeg,a photo of a cauldron.
./data/synthetic/synthetic_data_b/SUN397_Syn/398.jpeg,a photo of a corn.
./data/synthetic/synthetic_data_b/SUN397_Syn/399.jpeg,a photo of a schooner.
./data/synthetic/synthetic_data_b/SUN397_Syn/400.jpeg,a photo of a pickup truck.
./data/synthetic/synthetic_data_b/SUN397_Syn/401.jpeg,"a photo of a bruschetta, a type of food."
./data/synthetic/synthetic_data_b/SUN397_Syn/402.jpeg,"a photo of a hibiscus, a type of flower."
./data/synthetic/synthetic_data_b/SUN397_Syn/403.jpeg,"a photo of a Spyker C8 Coupe 2009, a type of car."
./data/synthetic/synthetic_data_b/SUN397_Syn/404.jpeg,a photo of a Tibetan Terrier.
./data/synthetic/synthetic_data_b/SUN397_Syn/405.jpeg,a photo of a trimaran.
./data/synthetic/synthetic_data_b/SUN397_Syn/406.jpeg,a photo of a dhole.
./data/synthetic/synthetic_data_b/SUN397_Syn/407.jpeg,a photo of a Crock Pot.
./data/synthetic/synthetic_data_b/SUN397_Syn/408.jpeg,a photo of a sandbar.
./data/synthetic/synthetic_data_b/SUN397_Syn/409.jpeg,a photo of a carousel.
./data/synthetic/synthetic_data_b/SUN397_Syn/410.jpeg,a photo of a Italian Greyhound.
./data/synthetic/synthetic_data_b/SUN397_Syn/411.jpeg,a photo of a greenhouse.
./data/synthetic/synthetic_data_b/SUN397_Syn/412.jpeg,"a photo of a cup cakes, a type of food."
./data/synthetic/synthetic_data_b/SUN397_Syn/413.jpeg,"a photo of a Ford F-150 Regular Cab 2007, a type of car."
./data/synthetic/synthetic_data_b/SUN397_Syn/414.jpeg,a photo of a sunglasses.
./data/synthetic/synthetic_data_b/SUN397_Syn/415.jpeg,a photo of a desktop computer.
./data/synthetic/synthetic_data_b/SUN397_Syn/416.jpeg,a photo of a red panda.
./data/synthetic/synthetic_data_b/SUN397_Syn/417.jpeg,a photo of a goldfinch.
./data/synthetic/synthetic_data_b/SUN397_Syn/418.jpeg,a photo of a indigo bunting.
./data/synthetic/synthetic_data_b/SUN397_Syn/419.jpeg,"a photo of a Suzuki SX4 Sedan 2012, a type of car."
./data/synthetic/synthetic_data_b/SUN397_Syn/420.jpeg,"a photo of a Chevrolet Express Van 2007, a type of car."
./data/synthetic/synthetic_data_b/SUN397_Syn/421.jpeg,a photo of a Entlebucher Sennenhund.
./data/synthetic/synthetic_data_b/SUN397_Syn/422.jpeg,"a photo of a Chevrolet Avalanche Crew Cab 2012, a type of car."
./data/synthetic/synthetic_data_b/SUN397_Syn/423.jpeg,a photo of a indigo bunting.
./data/synthetic/synthetic_data_b/SUN397_Syn/424.jpeg,a photo of a rugby ball.
./data/synthetic/synthetic_data_b/SUN397_Syn/425.jpeg,"a photo of a Sphynx, a type of pet."
./data/synthetic/synthetic_data_b/SUN397_Syn/426.jpeg,a photo of a banjo.
./data/synthetic/synthetic_data_b/SUN397_Syn/427.jpeg,"a photo of a californian poppy, a type of flower."
./data/synthetic/synthetic_data_b/SUN397_Syn/428.jpeg,a photo of a maze.
./data/synthetic/synthetic_data_b/SUN397_Syn/429.jpeg,a photo of a sunglasses.
./data/synthetic/synthetic_data_b/SUN397_Syn/430.jpeg,a photo of a prayer rug.
./data/synthetic/synthetic_data_b/SUN397_Syn/431.jpeg,a photo of a Welsh Springer Spaniel.
./data/synthetic/synthetic_data_b/SUN397_Syn/432.jpeg,a photo of a cicada.
./data/synthetic/synthetic_data_b/SUN397_Syn/433.jpeg,a photo of a tripod.
./data/synthetic/synthetic_data_b/SUN397_Syn/434.jpeg,"a photo of a Russian Blue, a type of pet."
./data/synthetic/synthetic_data_b/SUN397_Syn/435.jpeg,"a photo of a baklava, a type of food."
./data/synthetic/synthetic_data_b/SUN397_Syn/436.jpeg,a photo of a crate.
./data/synthetic/synthetic_data_b/SUN397_Syn/437.jpeg,a photo of a disc brake.
./data/synthetic/synthetic_data_b/SUN397_Syn/438.jpeg,"a photo of a Eagle Talon Hatchback 1998, a type of car."
./data/synthetic/synthetic_data_b/SUN397_Syn/439.jpeg,a photo of a semi-trailer truck.
./data/synthetic/synthetic_data_b/SUN397_Syn/440.jpeg,"a photo of a MINI Cooper Roadster Convertible 2012, a type of car."
./data/synthetic/synthetic_data_b/SUN397_Syn/441.jpeg,a photo of a purse.
./data/synthetic/synthetic_data_b/SUN397_Syn/442.jpeg,"a photo of a hummus, a type of food."
./data/synthetic/synthetic_data_b/SUN397_Syn/443.jpeg,a photo of a four-poster bed.
./data/synthetic/synthetic_data_b/SUN397_Syn/444.jpeg,"a photo of a common dandelion, a type of flower."
./data/synthetic/synthetic_data_b/SUN397_Syn/445.jpeg,a photo of a spatula.
./data/synthetic/synthetic_data_b/SUN397_Syn/446.jpeg,a photo of a balloon.
./data/synthetic/synthetic_data_b/SUN397_Syn/447.jpeg,a photo of a table lamp.
./data/synthetic/synthetic_data_b/SUN397_Syn/448.jpeg,"a photo of a Hyundai Santa Fe SUV 2012, a type of car."
./data/synthetic/synthetic_data_b/SUN397_Syn/449.jpeg,"a photo of a Infiniti QX56 SUV 2011, a type of car."
./data/synthetic/synthetic_data_b/SUN397_Syn/450.jpeg,a photo of a acorn.
./data/synthetic/synthetic_data_b/SUN397_Syn/451.jpeg,a photo of a gorilla.
./data/synthetic/synthetic_data_b/SUN397_Syn/452.jpeg,a photo of a fishing casting reel.
./data/synthetic/synthetic_data_b/SUN397_Syn/453.jpeg,"a photo of a Jeep Wrangler SUV 2012, a type of car."
./data/synthetic/synthetic_data_b/SUN397_Syn/454.jpeg,"a photo of a Hyundai Genesis Sedan 2012, a type of car."
./data/synthetic/synthetic_data_b/SUN397_Syn/455.jpeg,a photo of a horse chestnut seed.
./data/synthetic/synthetic_data_b/SUN397_Syn/456.jpeg,a photo of a crate.
./data/synthetic/synthetic_data_b/SUN397_Syn/457.jpeg,a photo of a ocean liner.
./data/synthetic/synthetic_data_b/SUN397_Syn/458.jpeg,"a photo of a Suzuki SX4 Sedan 2012, a type of car."
./data/synthetic/synthetic_data_b/SUN397_Syn/459.jpeg,a photo of a railroad car.
./data/synthetic/synthetic_data_b/SUN397_Syn/460.jpeg,"a photo of a trumpet creeper, a type of flower."
./data/synthetic/synthetic_data_b/SUN397_Syn/461.jpeg,a photo of a spider web.
./data/synthetic/synthetic_data_b/SUN397_Syn/462.jpeg,a photo of a tiger cat.
./data/synthetic/synthetic_data_b/SUN397_Syn/463.jpeg,"a photo of a moon orchid, a type of flower."
./data/synthetic/synthetic_data_b/SUN397_Syn/464.jpeg,a photo of a Bullmastiff.
./data/synthetic/synthetic_data_b/SUN397_Syn/465.jpeg,a photo of a candle.
./data/synthetic/synthetic_data_b/SUN397_Syn/466.jpeg,a photo of a sailboat.
./data/synthetic/synthetic_data_b/SUN397_Syn/467.jpeg,"a photo of a watercress, a type of flower."
./data/synthetic/synthetic_data_b/SUN397_Syn/468.jpeg,a photo of a hare.
./data/synthetic/synthetic_data_b/SUN397_Syn/469.jpeg,a photo of a Flat-Coated Retriever.
./data/synthetic/synthetic_data_b/SUN397_Syn/470.jpeg,a photo of a military hat (bearskin or shako).
./data/synthetic/synthetic_data_b/SUN397_Syn/471.jpeg,"a photo of a Bentley Continental GT Coupe 2012, a type of car."
./data/synthetic/synthetic_data_b/SUN397_Syn/472.jpeg,a photo of a steam locomotive.
./data/synthetic/synthetic_data_b/SUN397_Syn/473.jpeg,a photo of a paddle.
./data/synthetic/synthetic_data_b/SUN397_Syn/474.jpeg,"a photo of a Honda Accord Coupe 2012, a type of car."
./data/synthetic/synthetic_data_b/SUN397_Syn/475.jpeg,"a photo of a lobster roll sandwich, a type of food."
./data/synthetic/synthetic_data_b/SUN397_Syn/476.jpeg,"a photo of a columbine, a type of flower."
./data/synthetic/synthetic_data_b/SUN397_Syn/477.jpeg,"a photo of a geranium, a type of flower."
./data/synthetic/synthetic_data_b/SUN397_Syn/478.jpeg,a photo of a wombat.
./data/synthetic/synthetic_data_b/SUN397_Syn/479.jpeg,a photo of a sea cucumber.
./data/synthetic/synthetic_data_b/SUN397_Syn/480.jpeg,a photo of a balaclava ski mask.
./data/synthetic/synthetic_data_b/SUN397_Syn/481.jpeg,"a photo of the number: ""5 - five""."
./data/synthetic/synthetic_data_b/SUN397_Syn/482.jpeg,a photo of a brambling.
./data/synthetic/synthetic_data_b/SUN397_Syn/483.jpeg,a photo of a Norwich Terrier.
./data/synthetic/synthetic_data_b/SUN397_Syn/484.jpeg,a photo of a sloth bear.
./data/synthetic/synthetic_data_b/SUN397_Syn/485.jpeg,a photo of a burrito.
./data/synthetic/synthetic_data_b/SUN397_Syn/486.jpeg,"a photo of a edamame, a type of food."
./data/synthetic/synthetic_data_b/SUN397_Syn/487.jpeg,a photo of a waffle iron.
./data/synthetic/synthetic_data_b/SUN397_Syn/488.jpeg,a photo of a American Staffordshire Terrier.
./data/synthetic/synthetic_data_b/SUN397_Syn/489.jpeg,a photo of a little blue heron.
./data/synthetic/synthetic_data_b/SUN397_Syn/490.jpeg,a photo of a dome.
./data/synthetic/synthetic_data_b/SUN397_Syn/491.jpeg,a photo of a bookstore.
./data/synthetic/synthetic_data_b/SUN397_Syn/492.jpeg,a photo of a reflex camera.
./data/synthetic/synthetic_data_b/SUN397_Syn/493.jpeg,a photo of a Bloodhound.
./data/synthetic/synthetic_data_b/SUN397_Syn/494.jpeg,"a photo of a guacamole, a type of food."
./data/synthetic/synthetic_data_b/SUN397_Syn/495.jpeg,a photo of a wolf spider.
./data/synthetic/synthetic_data_b/SUN397_Syn/496.jpeg,a photo of a shield.
./data/synthetic/synthetic_data_b/SUN397_Syn/497.jpeg,a photo of a steam locomotive.
./data/synthetic/synthetic_data_b/SUN397_Syn/498.jpeg,"a photo of a lobster roll sandwich, a type of food."
./data/synthetic/synthetic_data_b/SUN397_Syn/499.jpeg,"a photo of a Yorkshire Terrier, a type of pet."
./data/synthetic/synthetic_data_b/SUN397_Syn/500.jpeg,"a photo of a Chevrolet TrailBlazer SS 2009, a type of car."
./data/synthetic/synthetic_data_b/SUN397_Syn/501.jpeg,a photo of a half-track.
./data/synthetic/synthetic_data_b/SUN397_Syn/502.jpeg,"a photo of a creme brulee, a type of food."
./data/synthetic/synthetic_data_b/SUN397_Syn/503.jpeg,a photo of a chambered nautilus.
./data/synthetic/synthetic_data_b/SUN397_Syn/504.jpeg,a photo of a European polecat.
./data/synthetic/synthetic_data_b/SUN397_Syn/505.jpeg,"a photo of a Beagle, a type of pet."
./data/synthetic/synthetic_data_b/SUN397_Syn/506.jpeg,"a photo of a Audi A5 Coupe 2012, a type of car."
./data/synthetic/synthetic_data_b/SUN397_Syn/507.jpeg,a photo of a water jug.
./data/synthetic/synthetic_data_b/SUN397_Syn/508.jpeg,a photo of a kite (bird of prey).
./data/synthetic/synthetic_data_b/SUN397_Syn/509.jpeg,a photo of a assault rifle.
./data/synthetic/synthetic_data_b/SUN397_Syn/510.jpeg,"a photo of a hard-leaved pocket orchid, a type of flower."
./data/synthetic/synthetic_data_b/SUN397_Syn/511.jpeg,"a photo of a Chevrolet Tahoe Hybrid SUV 2012, a type of car."
./data/synthetic/synthetic_data_b/SUN397_Syn/512.jpeg,a photo of a hair spray.
./data/synthetic/synthetic_data_b/SUN397_Syn/513.jpeg,a photo of a abacus.
./data/synthetic/synthetic_data_b/SUN397_Syn/514.jpeg,a photo of a sidewinder rattlesnake.
./data/synthetic/synthetic_data_b/SUN397_Syn/515.jpeg,"a photo of a donuts, a type of food."
./data/synthetic/synthetic_data_b/SUN397_Syn/516.jpeg,"a photo of a Bugatti Veyron 16.4 Coupe 2009, a type of car."
./data/synthetic/synthetic_data_b/SUN397_Syn/517.jpeg,"a photo of a Chevrolet Corvette Ron Fellows Edition Z06 2007, a type of car."
./data/synthetic/synthetic_data_b/SUN397_Syn/518.jpeg,"a photo of a magnolia, a type of flower."
./data/synthetic/synthetic_data_b/SUN397_Syn/519.jpeg,a photo of a cardigan.
./data/synthetic/synthetic_data_b/SUN397_Syn/520.jpeg,"a photo of a macarons, a type of food."
./data/synthetic/synthetic_data_b/SUN397_Syn/521.jpeg,a photo of a bison.
./data/synthetic/synthetic_data_b/SUN397_Syn/522.jpeg,"a photo of a cape flower, a type of flower."
./data/synthetic/synthetic_data_b/SUN397_Syn/523.jpeg,a photo of a barn spider.
./data/synthetic/synthetic_data_b/SUN397_Syn/524.jpeg,a photo of a pool table.
./data/synthetic/synthetic_data_b/SUN397_Syn/525.jpeg,a photo of a chain-link fence.
./data/synthetic/synthetic_data_b/SUN397_Syn/526.jpeg,"a photo of a Staffordshire Bull Terrier, a type of pet."
./data/synthetic/synthetic_data_b/SUN397_Syn/527.jpeg,a photo of a tench.
./data/synthetic/synthetic_data_b/SUN397_Syn/528.jpeg,a photo of a ringlet butterfly.
./data/synthetic/synthetic_data_b/SUN397_Syn/529.jpeg,a photo of a Scottish Deerhound.
./data/synthetic/synthetic_data_b/SUN397_Syn/530.jpeg,a photo of a freight car.
./data/synthetic/synthetic_data_b/SUN397_Syn/531.jpeg,a photo of a spotlight.
./data/synthetic/synthetic_data_b/SUN397_Syn/532.jpeg,a photo of a pinwheel.
./data/synthetic/synthetic_data_b/SUN397_Syn/533.jpeg,"a photo of a stemless gentian, a type of flower."
./data/synthetic/synthetic_data_b/SUN397_Syn/534.jpeg,a photo of a soup bowl.
./data/synthetic/synthetic_data_b/SUN397_Syn/535.jpeg,a photo of a stretcher.
./data/synthetic/synthetic_data_b/SUN397_Syn/536.jpeg,"a photo of a beef tartare, a type of food."
./data/synthetic/synthetic_data_b/SUN397_Syn/537.jpeg,a photo of a apiary.
./data/synthetic/synthetic_data_b/SUN397_Syn/538.jpeg,"a photo of a Chevrolet Impala Sedan 2007, a type of car."
./data/synthetic/synthetic_data_b/SUN397_Syn/539.jpeg,a photo of a tree frog.
./data/synthetic/synthetic_data_b/SUN397_Syn/540.jpeg,"a photo of a mexican petunia, a type of flower."
./data/synthetic/synthetic_data_b/SUN397_Syn/541.jpeg,a photo of a dunlin.
./data/synthetic/synthetic_data_b/SUN397_Syn/542.jpeg,a photo of a Irish Terrier.
./data/synthetic/synthetic_data_b/SUN397_Syn/543.jpeg,"a photo of a Honda Odyssey Minivan 2012, a type of car."
./data/synthetic/synthetic_data_b/SUN397_Syn/544.jpeg,a photo of a grocery store.
./data/synthetic/synthetic_data_b/SUN397_Syn/545.jpeg,"a photo of a Jeep Wrangler SUV 2012, a type of car."
./data/synthetic/synthetic_data_b/SUN397_Syn/546.jpeg,"a photo of a Volvo 240 Sedan 1993, a type of car."
./data/synthetic/synthetic_data_b/SUN397_Syn/547.jpeg,a photo of a Petri dish.
./data/synthetic/synthetic_data_b/SUN397_Syn/548.jpeg,a photo of a perfume.
./data/synthetic/synthetic_data_b/SUN397_Syn/549.jpeg,a photo of a French horn.
./data/synthetic/synthetic_data_b/SUN397_Syn/550.jpeg,a photo of a bucket.
./data/synthetic/synthetic_data_b/SUN397_Syn/551.jpeg,"a photo of a frozen yogurt, a type of food."
./data/synthetic/synthetic_data_b/SUN397_Syn/552.jpeg,a photo of a abacus.
./data/synthetic/synthetic_data_b/SUN397_Syn/553.jpeg,a photo of a bagel.
./data/synthetic/synthetic_data_b/SUN397_Syn/554.jpeg,a photo of a stove.
./data/synthetic/synthetic_data_b/SUN397_Syn/555.jpeg,"a photo of a Scion xD Hatchback 2012, a type of car."
./data/synthetic/synthetic_data_b/SUN397_Syn/556.jpeg,a photo of a ostrich.
./data/synthetic/synthetic_data_b/SUN397_Syn/557.jpeg,a photo of a dishwasher.
./data/synthetic/synthetic_data_b/SUN397_Syn/558.jpeg,a photo of a European polecat.
./data/synthetic/synthetic_data_b/SUN397_Syn/559.jpeg,a photo of a submarine.
./data/synthetic/synthetic_data_b/SUN397_Syn/560.jpeg,"a photo of a BMW X3 SUV 2012, a type of car."
./data/synthetic/synthetic_data_b/SUN397_Syn/561.jpeg,a photo of a Welsh Springer Spaniel.
./data/synthetic/synthetic_data_b/SUN397_Syn/562.jpeg,"a photo of a Jeep Patriot SUV 2012, a type of car."
./data/synthetic/synthetic_data_b/SUN397_Syn/563.jpeg,a photo of a killer whale.
./data/synthetic/synthetic_data_b/SUN397_Syn/564.jpeg,"a photo of a BMW 6 Series Convertible 2007, a type of car."
./data/synthetic/synthetic_data_b/SUN397_Syn/565.jpeg,a photo of a gymnastic horizontal bar.
./data/synthetic/synthetic_data_b/SUN397_Syn/566.jpeg,a photo of a paintbrush.
./data/synthetic/synthetic_data_b/SUN397_Syn/567.jpeg,a photo of a Bernese Mountain Dog.
./data/synthetic/synthetic_data_b/SUN397_Syn/568.jpeg,"a photo of a Cadillac SRX SUV 2012, a type of car."
./data/synthetic/synthetic_data_b/SUN397_Syn/569.jpeg,a photo of a desktop computer.
./data/synthetic/synthetic_data_b/SUN397_Syn/570.jpeg,"a photo of a Ferrari California Convertible 2012, a type of car."
./data/synthetic/synthetic_data_b/SUN397_Syn/571.jpeg,"a photo of a Scion xD Hatchback 2012, a type of car."
./data/synthetic/synthetic_data_b/SUN397_Syn/572.jpeg,a photo of a corkscrew.
./data/synthetic/synthetic_data_b/SUN397_Syn/573.jpeg,"a photo of a lotus, a type of flower."
./data/synthetic/synthetic_data_b/SUN397_Syn/574.jpeg,a photo of a Windsor tie.
./data/synthetic/synthetic_data_b/SUN397_Syn/575.jpeg,a photo of a safety pin.
./data/synthetic/synthetic_data_b/SUN397_Syn/576.jpeg,"a photo of a Land Rover Range Rover SUV 2012, a type of car."
./data/synthetic/synthetic_data_b/SUN397_Syn/577.jpeg,a photo of a horse chestnut seed.
./data/synthetic/synthetic_data_b/SUN397_Syn/578.jpeg,a photo of a movie theater.
./data/synthetic/synthetic_data_b/SUN397_Syn/579.jpeg,a photo of a padlock.
./data/synthetic/synthetic_data_b/SUN397_Syn/580.jpeg,a photo of a zucchini.
./data/synthetic/synthetic_data_b/SUN397_Syn/581.jpeg,"a photo of a wild pansy, a type of flower."
./data/synthetic/synthetic_data_b/SUN397_Syn/582.jpeg,a photo of a cucumber.
./data/synthetic/synthetic_data_b/SUN397_Syn/583.jpeg,"a photo of a beet salad, a type of food."
./data/synthetic/synthetic_data_b/SUN397_Syn/584.jpeg,a photo of a kingsnake.
./data/synthetic/synthetic_data_b/SUN397_Syn/585.jpeg,a photo of a corn.
./data/synthetic/synthetic_data_b/SUN397_Syn/586.jpeg,a photo of a Greater Swiss Mountain Dog.
./data/synthetic/synthetic_data_b/SUN397_Syn/587.jpeg,a photo of a rotary dial telephone.
./data/synthetic/synthetic_data_b/SUN397_Syn/588.jpeg,a photo of a bustard.
./data/synthetic/synthetic_data_b/SUN397_Syn/589.jpeg,a photo of a screw.
./data/synthetic/synthetic_data_b/SUN397_Syn/590.jpeg,"a photo of the number: ""0 - zero""."
./data/synthetic/synthetic_data_b/SUN397_Syn/591.jpeg,a photo of a bolo tie.
./data/synthetic/synthetic_data_b/SUN397_Syn/592.jpeg,"a photo of a sword lily, a type of flower."
./data/synthetic/synthetic_data_b/SUN397_Syn/593.jpeg,"a photo of a ball moss, a type of flower."
./data/synthetic/synthetic_data_b/SUN397_Syn/594.jpeg,a photo of a candle.
./data/synthetic/synthetic_data_b/SUN397_Syn/595.jpeg,a photo of a maze.
./data/synthetic/synthetic_data_b/SUN397_Syn/596.jpeg,a photo of a electrical switch.
./data/synthetic/synthetic_data_b/SUN397_Syn/597.jpeg,a photo of a pinwheel.
./data/synthetic/synthetic_data_b/SUN397_Syn/598.jpeg,"a photo of a Chevrolet Traverse SUV 2012, a type of car."
./data/synthetic/synthetic_data_b/SUN397_Syn/599.jpeg,"a photo of a Eagle Talon Hatchback 1998, a type of car."
./data/synthetic/synthetic_data_b/SUN397_Syn/600.jpeg,a photo of a chickadee.
./data/synthetic/synthetic_data_b/SUN397_Syn/601.jpeg,"a photo of a bee balm, a type of flower."
./data/synthetic/synthetic_data_b/SUN397_Syn/602.jpeg,a photo of a doormat.
./data/synthetic/synthetic_data_b/SUN397_Syn/603.jpeg,a photo of a computer keyboard.
./data/synthetic/synthetic_data_b/SUN397_Syn/604.jpeg,a photo of a hamper.
./data/synthetic/synthetic_data_b/SUN397_Syn/605.jpeg,a photo of a Sealyham Terrier.
./data/synthetic/synthetic_data_b/SUN397_Syn/606.jpeg,a photo of a sports car.
./data/synthetic/synthetic_data_b/SUN397_Syn/607.jpeg,"a photo of a ruby-lipped cattleya, a type of flower."
./data/synthetic/synthetic_data_b/SUN397_Syn/608.jpeg,a photo of a paper towel.
./data/synthetic/synthetic_data_b/SUN397_Syn/609.jpeg,a photo of a Shih Tzu.
./data/synthetic/synthetic_data_b/SUN397_Syn/610.jpeg,"a photo of a Hyundai Accent Sedan 2012, a type of car."
./data/synthetic/synthetic_data_b/SUN397_Syn/611.jpeg,a photo of a orangutan.
./data/synthetic/synthetic_data_b/SUN397_Syn/612.jpeg,a photo of a lakeshore.
./data/synthetic/synthetic_data_b/SUN397_Syn/613.jpeg,a photo of a marimba.
./data/synthetic/synthetic_data_b/SUN397_Syn/614.jpeg,a photo of a pirate ship.
./data/synthetic/synthetic_data_b/SUN397_Syn/615.jpeg,a photo of a binoculars.
./data/synthetic/synthetic_data_b/SUN397_Syn/616.jpeg,"a photo of a Rolls-Royce Phantom Drophead Coupe Convertible 2012, a type of car."
./data/synthetic/synthetic_data_b/SUN397_Syn/617.jpeg,a photo of a face powder.
./data/synthetic/synthetic_data_b/SUN397_Syn/618.jpeg,a photo of a langur.
./data/synthetic/synthetic_data_b/SUN397_Syn/619.jpeg,"a photo of a bishop of llandaff, a type of flower."
./data/synthetic/synthetic_data_b/SUN397_Syn/620.jpeg,a photo of a snoek fish.
./data/synthetic/synthetic_data_b/SUN397_Syn/621.jpeg,"a photo of a Audi S5 Coupe 2012, a type of car."
./data/synthetic/synthetic_data_b/SUN397_Syn/622.jpeg,a photo of a amphibious vehicle.
./data/synthetic/synthetic_data_b/SUN397_Syn/623.jpeg,a photo of a automated teller machine.
./data/synthetic/synthetic_data_b/SUN397_Syn/624.jpeg,a photo of a china cabinet.
./data/synthetic/synthetic_data_b/SUN397_Syn/625.jpeg,a photo of a dumbbell.
./data/synthetic/synthetic_data_b/SUN397_Syn/626.jpeg,a photo of a barber chair.
./data/synthetic/synthetic_data_b/SUN397_Syn/627.jpeg,a photo of a cauldron.
./data/synthetic/synthetic_data_b/SUN397_Syn/628.jpeg,a photo of a bakery.
./data/synthetic/synthetic_data_b/SUN397_Syn/629.jpeg,a photo of a convertible.
./data/synthetic/synthetic_data_b/SUN397_Syn/630.jpeg,"a photo of a pad thai, a type of food."
./data/synthetic/synthetic_data_b/SUN397_Syn/631.jpeg,a photo of a plate rack.
./data/synthetic/synthetic_data_b/SUN397_Syn/632.jpeg,a photo of a dragonfly.
./data/synthetic/synthetic_data_b/SUN397_Syn/633.jpeg,a photo of a Welsh Springer Spaniel.
./data/synthetic/synthetic_data_b/SUN397_Syn/634.jpeg,a photo of a French Bulldog.
./data/synthetic/synthetic_data_b/SUN397_Syn/635.jpeg,a photo of a Afghan Hound.
./data/synthetic/synthetic_data_b/SUN397_Syn/636.jpeg,"a photo of a barbeton daisy, a type of flower."
./data/synthetic/synthetic_data_b/SUN397_Syn/637.jpeg,"a photo of a yellow iris, a type of flower."
./data/synthetic/synthetic_data_b/SUN397_Syn/638.jpeg,"a photo of a Aston Martin V8 Vantage Coupe 2012, a type of car."
./data/synthetic/synthetic_data_b/SUN397_Syn/639.jpeg,"a photo of a lobster roll sandwich, a type of food."
./data/synthetic/synthetic_data_b/SUN397_Syn/640.jpeg,a photo of a junco.
./data/synthetic/synthetic_data_b/SUN397_Syn/641.jpeg,"a photo of a Ford Expedition EL SUV 2009, a type of car."
./data/synthetic/synthetic_data_b/SUN397_Syn/642.jpeg,a photo of a partridge.
./data/synthetic/synthetic_data_b/SUN397_Syn/643.jpeg,a photo of a corn.
./data/synthetic/synthetic_data_b/SUN397_Syn/644.jpeg,a photo of a refrigerator.
./data/synthetic/synthetic_data_b/SUN397_Syn/645.jpeg,"a photo of a pho, a type of food."
./data/synthetic/synthetic_data_b/SUN397_Syn/646.jpeg,a photo of a maypole.
./data/synthetic/synthetic_data_b/SUN397_Syn/647.jpeg,"a photo of a Aston Martin V8 Vantage Coupe 2012, a type of car."
./data/synthetic/synthetic_data_b/SUN397_Syn/648.jpeg,"a photo of a Rolls-Royce Phantom Sedan 2012, a type of car."
./data/synthetic/synthetic_data_b/SUN397_Syn/649.jpeg,a photo of a fountain.
./data/synthetic/synthetic_data_b/SUN397_Syn/650.jpeg,"a photo of a Acura Integra Type R 2001, a type of car."
./data/synthetic/synthetic_data_b/SUN397_Syn/651.jpeg,a photo of a langur.
./data/synthetic/synthetic_data_b/SUN397_Syn/652.jpeg,"a photo of a Buick Regal GS 2012, a type of car."
./data/synthetic/synthetic_data_b/SUN397_Syn/653.jpeg,a photo of a go-kart.
./data/synthetic/synthetic_data_b/SUN397_Syn/654.jpeg,a photo of a motorboat.
./data/synthetic/synthetic_data_b/SUN397_Syn/655.jpeg,a photo of a bookstore.
./data/synthetic/synthetic_data_b/SUN397_Syn/656.jpeg,"a photo of a Suzuki Kizashi Sedan 2012, a type of car."
./data/synthetic/synthetic_data_b/SUN397_Syn/657.jpeg,a photo of a brussels griffon.
./data/synthetic/synthetic_data_b/SUN397_Syn/658.jpeg,a photo of a flatworm.
./data/synthetic/synthetic_data_b/SUN397_Syn/659.jpeg,"a photo of a Chrysler Sebring Convertible 2010, a type of car."
./data/synthetic/synthetic_data_b/SUN397_Syn/660.jpeg,a photo of a tractor.
./data/synthetic/synthetic_data_b/SUN397_Syn/661.jpeg,a photo of a valley.
./data/synthetic/synthetic_data_b/SUN397_Syn/662.jpeg,"a photo of a Ford Freestar Minivan 2007, a type of car."
./data/synthetic/synthetic_data_b/SUN397_Syn/663.jpeg,a photo of a Saharan horned viper.
./data/synthetic/synthetic_data_b/SUN397_Syn/664.jpeg,"a photo of a BMW 3 Series Wagon 2012, a type of car."
./data/synthetic/synthetic_data_b/SUN397_Syn/665.jpeg,a photo of a perfume.
./data/synthetic/synthetic_data_b/SUN397_Syn/666.jpeg,a photo of a sock.
./data/synthetic/synthetic_data_b/SUN397_Syn/667.jpeg,"a photo of a japanese anemone, a type of flower."
./data/synthetic/synthetic_data_b/SUN397_Syn/668.jpeg,a photo of a mink.
./data/synthetic/synthetic_data_b/SUN397_Syn/669.jpeg,a photo of a cabbage.
./data/synthetic/synthetic_data_b/SUN397_Syn/670.jpeg,a photo of a Great Dane.
./data/synthetic/synthetic_data_b/SUN397_Syn/671.jpeg,"a photo of a magnolia, a type of flower."
./data/synthetic/synthetic_data_b/SUN397_Syn/672.jpeg,"a photo of a Chevrolet Tahoe Hybrid SUV 2012, a type of car."
./data/synthetic/synthetic_data_b/SUN397_Syn/673.jpeg,a photo of a butternut squash.
./data/synthetic/synthetic_data_b/SUN397_Syn/674.jpeg,a photo of a maze.
./data/synthetic/synthetic_data_b/SUN397_Syn/675.jpeg,"a photo of a bearded iris, a type of flower."
./data/synthetic/synthetic_data_b/SUN397_Syn/676.jpeg,a photo of a jay.
./data/synthetic/synthetic_data_b/SUN397_Syn/677.jpeg,a photo of a great grey owl.
./data/synthetic/synthetic_data_b/SUN397_Syn/678.jpeg,"a photo of a cape flower, a type of flower."
./data/synthetic/synthetic_data_b/SUN397_Syn/679.jpeg,a photo of a bassinet.
./data/synthetic/synthetic_data_b/SUN397_Syn/680.jpeg,a photo of a scabbard.
./data/synthetic/synthetic_data_b/SUN397_Syn/681.jpeg,"a photo of a Volkswagen Golf Hatchback 2012, a type of car."
./data/synthetic/synthetic_data_b/SUN397_Syn/682.jpeg,a photo of a Curly-coated Retriever.
./data/synthetic/synthetic_data_b/SUN397_Syn/683.jpeg,a photo of a mortar and pestle.
./data/synthetic/synthetic_data_b/SUN397_Syn/684.jpeg,a photo of a power drill.
./data/synthetic/synthetic_data_b/SUN397_Syn/685.jpeg,"a photo of a ice cream, a type of food."
./data/synthetic/synthetic_data_b/SUN397_Syn/686.jpeg,a photo of a digital watch.
./data/synthetic/synthetic_data_b/SUN397_Syn/687.jpeg,a photo of a ring-tailed lemur.
./data/synthetic/synthetic_data_b/SUN397_Syn/688.jpeg,"a photo of a HUMMER H3T Crew Cab 2010, a type of car."
./data/synthetic/synthetic_data_b/SUN397_Syn/689.jpeg,a photo of a dome.
./data/synthetic/synthetic_data_b/SUN397_Syn/690.jpeg,a photo of a CD player.
./data/synthetic/synthetic_data_b/SUN397_Syn/691.jpeg,a photo of a face powder.
./data/synthetic/synthetic_data_b/SUN397_Syn/692.jpeg,a photo of a burrito.
./data/synthetic/synthetic_data_b/SUN397_Syn/693.jpeg,"a photo of a lasagna, a type of food."
./data/synthetic/synthetic_data_b/SUN397_Syn/694.jpeg,a photo of a parallel bars.
./data/synthetic/synthetic_data_b/SUN397_Syn/695.jpeg,a photo of a quill.
./data/synthetic/synthetic_data_b/SUN397_Syn/696.jpeg,a photo of a proboscis monkey.
./data/synthetic/synthetic_data_b/SUN397_Syn/697.jpeg,"a photo of a Audi S5 Coupe 2012, a type of car."
./data/synthetic/synthetic_data_b/SUN397_Syn/698.jpeg,a photo of a tray.
./data/synthetic/synthetic_data_b/SUN397_Syn/699.jpeg,a photo of a bassinet.
./data/synthetic/synthetic_data_b/SUN397_Syn/700.jpeg,a photo of a tile roof.
./data/synthetic/synthetic_data_b/SUN397_Syn/701.jpeg,"a photo of a bee balm, a type of flower."
./data/synthetic/synthetic_data_b/SUN397_Syn/702.jpeg,a photo of a restaurant.
./data/synthetic/synthetic_data_b/SUN397_Syn/703.jpeg,a photo of a punching bag.
./data/synthetic/synthetic_data_b/SUN397_Syn/704.jpeg,a photo of a steam locomotive.
./data/synthetic/synthetic_data_b/SUN397_Syn/705.jpeg,a photo of a goblet.
./data/synthetic/synthetic_data_b/SUN397_Syn/706.jpeg,a photo of a plate.
./data/synthetic/synthetic_data_b/SUN397_Syn/707.jpeg,a photo of a gibbon.
./data/synthetic/synthetic_data_b/SUN397_Syn/708.jpeg,"a photo of a Nissan 240SX Coupe 1998, a type of car."
./data/synthetic/synthetic_data_b/SUN397_Syn/709.jpeg,a photo of a Mexican hairless dog (xoloitzcuintli).
./data/synthetic/synthetic_data_b/SUN397_Syn/710.jpeg,"a photo of a Spyker C8 Coupe 2009, a type of car."
./data/synthetic/synthetic_data_b/SUN397_Syn/711.jpeg,"a photo of a cautleya spicata, a type of flower."
./data/synthetic/synthetic_data_b/SUN397_Syn/712.jpeg,a photo of a taxicab.
./data/synthetic/synthetic_data_b/SUN397_Syn/713.jpeg,a photo of a Lhasa Apso.
./data/synthetic/synthetic_data_b/SUN397_Syn/714.jpeg,a photo of a feather boa.
./data/synthetic/synthetic_data_b/SUN397_Syn/715.jpeg,a photo of a cassette player.
./data/synthetic/synthetic_data_b/SUN397_Syn/716.jpeg,"a photo of a Hyundai Sonata Sedan 2012, a type of car."
./data/synthetic/synthetic_data_b/SUN397_Syn/717.jpeg,a photo of a velvet fabric.
./data/synthetic/synthetic_data_b/SUN397_Syn/718.jpeg,a photo of a schooner.
./data/synthetic/synthetic_data_b/SUN397_Syn/719.jpeg,a photo of a accordion.
./data/synthetic/synthetic_data_b/SUN397_Syn/720.jpeg,a photo of a mongoose.
./data/synthetic/synthetic_data_b/SUN397_Syn/721.jpeg,a photo of a rhinoceros beetle.
./data/synthetic/synthetic_data_b/SUN397_Syn/722.jpeg,a photo of a tea cup.
./data/synthetic/synthetic_data_b/SUN397_Syn/723.jpeg,a photo of a chickadee.
./data/synthetic/synthetic_data_b/SUN397_Syn/724.jpeg,a photo of a skunk.
./data/synthetic/synthetic_data_b/SUN397_Syn/725.jpeg,a photo of a totem pole.
./data/synthetic/synthetic_data_b/SUN397_Syn/726.jpeg,"a photo of a Audi S4 Sedan 2007, a type of car."
./data/synthetic/synthetic_data_b/SUN397_Syn/727.jpeg,a photo of a African wild dog.
./data/synthetic/synthetic_data_b/SUN397_Syn/728.jpeg,"a photo of a sushi, a type of food."
./data/synthetic/synthetic_data_b/SUN397_Syn/729.jpeg,"a photo of a Chevrolet Camaro Convertible 2012, a type of car."
./data/synthetic/synthetic_data_b/SUN397_Syn/730.jpeg,"a photo of a Dodge Durango SUV 2012, a type of car."
./data/synthetic/synthetic_data_b/SUN397_Syn/731.jpeg,a photo of a maze.
./data/synthetic/synthetic_data_b/SUN397_Syn/732.jpeg,a photo of a hen of the woods mushroom.
./data/synthetic/synthetic_data_b/SUN397_Syn/733.jpeg,a photo of a kimono.
./data/synthetic/synthetic_data_b/SUN397_Syn/734.jpeg,a photo of a cornet.
./data/synthetic/synthetic_data_b/SUN397_Syn/735.jpeg,"a photo of a Lamborghini Gallardo LP 570-4 Superleggera 2012, a type of car."
./data/synthetic/synthetic_data_b/SUN397_Syn/736.jpeg,"a photo of a Mercedes-Benz SL-Class Coupe 2009, a type of car."
./data/synthetic/synthetic_data_b/SUN397_Syn/737.jpeg,a photo of a duck.
./data/synthetic/synthetic_data_b/SUN397_Syn/738.jpeg,a photo of a spider web.
./data/synthetic/synthetic_data_b/SUN397_Syn/739.jpeg,a photo of a Soft-coated Wheaten Terrier.
./data/synthetic/synthetic_data_b/SUN397_Syn/740.jpeg,"a photo of a gazania, a type of flower."
./data/synthetic/synthetic_data_b/SUN397_Syn/741.jpeg,a photo of a porcupine.
./data/synthetic/synthetic_data_b/SUN397_Syn/742.jpeg,a photo of a American lobster.
./data/synthetic/synthetic_data_b/SUN397_Syn/743.jpeg,a photo of a beer glass.
./data/synthetic/synthetic_data_b/SUN397_Syn/744.jpeg,a photo of a infant bed.
./data/synthetic/synthetic_data_b/SUN397_Syn/745.jpeg,a photo of a lakeshore.
./data/synthetic/synthetic_data_b/SUN397_Syn/746.jpeg,"a photo of a steak, a type of food."
./data/synthetic/synthetic_data_b/SUN397_Syn/747.jpeg,a photo of a Giant Schnauzer.
./data/synthetic/synthetic_data_b/SUN397_Syn/748.jpeg,a photo of a dust jacket.
./data/synthetic/synthetic_data_b/SUN397_Syn/749.jpeg,a photo of a odometer.
./data/synthetic/synthetic_data_b/SUN397_Syn/750.jpeg,a photo of a dining table.
./data/synthetic/synthetic_data_b/SUN397_Syn/751.jpeg,a photo of a potter's wheel.
./data/synthetic/synthetic_data_b/SUN397_Syn/752.jpeg,a photo of a soda bottle.
./data/synthetic/synthetic_data_b/SUN397_Syn/753.jpeg,"a photo of a Jeep Grand Cherokee SUV 2012, a type of car."
./data/synthetic/synthetic_data_b/SUN397_Syn/754.jpeg,"a photo of a Infiniti QX56 SUV 2011, a type of car."
./data/synthetic/synthetic_data_b/SUN397_Syn/755.jpeg,a photo of a desktop computer.
./data/synthetic/synthetic_data_b/SUN397_Syn/756.jpeg,a photo of a parking meter.
./data/synthetic/synthetic_data_b/SUN397_Syn/757.jpeg,a photo of a Carolina anole.
./data/synthetic/synthetic_data_b/SUN397_Syn/758.jpeg,a photo of a swing.
./data/synthetic/synthetic_data_b/SUN397_Syn/759.jpeg,a photo of a husky.
./data/synthetic/synthetic_data_b/SUN397_Syn/760.jpeg,a photo of a piggy bank.
./data/synthetic/synthetic_data_b/SUN397_Syn/761.jpeg,"a photo of a buttercup, a type of flower."
./data/synthetic/synthetic_data_b/SUN397_Syn/762.jpeg,"a photo of a fried rice, a type of food."
./data/synthetic/synthetic_data_b/SUN397_Syn/763.jpeg,a photo of a ambulance.
./data/synthetic/synthetic_data_b/SUN397_Syn/764.jpeg,"a photo of a Suzuki Kizashi Sedan 2012, a type of car."
./data/synthetic/synthetic_data_b/SUN397_Syn/765.jpeg,"a photo of a Spyker C8 Coupe 2009, a type of car."
./data/synthetic/synthetic_data_b/SUN397_Syn/766.jpeg,"a photo of a Persian, a type of pet."
./data/synthetic/synthetic_data_b/SUN397_Syn/767.jpeg,"a photo of a Newfoundland, a type of pet."
./data/synthetic/synthetic_data_b/SUN397_Syn/768.jpeg,"a photo of a Ferrari 458 Italia Convertible 2012, a type of car."
./data/synthetic/synthetic_data_b/SUN397_Syn/769.jpeg,a photo of a mink.
./data/synthetic/synthetic_data_b/SUN397_Syn/770.jpeg,a photo of a grocery store.
./data/synthetic/synthetic_data_b/SUN397_Syn/771.jpeg,a photo of a planetarium.
./data/synthetic/synthetic_data_b/SUN397_Syn/772.jpeg,a photo of a moped.
./data/synthetic/synthetic_data_b/SUN397_Syn/773.jpeg,"a photo of a alpine sea holly, a type of flower."
./data/synthetic/synthetic_data_b/SUN397_Syn/774.jpeg,"a photo of a Bugatti Veyron 16.4 Coupe 2009, a type of car."
./data/synthetic/synthetic_data_b/SUN397_Syn/775.jpeg,a photo of a corn cob.
./data/synthetic/synthetic_data_b/SUN397_Syn/776.jpeg,a photo of a yurt.
./data/synthetic/synthetic_data_b/SUN397_Syn/777.jpeg,a photo of a Afghan Hound.
./data/synthetic/synthetic_data_b/SUN397_Syn/778.jpeg,a photo of a schooner.
./data/synthetic/synthetic_data_b/SUN397_Syn/779.jpeg,"a photo of a lobster bisque, a type of food."
./data/synthetic/synthetic_data_b/SUN397_Syn/780.jpeg,a photo of a half-track.
./data/synthetic/synthetic_data_b/SUN397_Syn/781.jpeg,a photo of a strawberry.
./data/synthetic/synthetic_data_b/SUN397_Syn/782.jpeg,"a photo of a takoyaki, a type of food."
./data/synthetic/synthetic_data_b/SUN397_Syn/783.jpeg,a photo of a polar bear.
./data/synthetic/synthetic_data_b/SUN397_Syn/784.jpeg,a photo of a warthog.
./data/synthetic/synthetic_data_b/SUN397_Syn/785.jpeg,"a photo of a Beagle, a type of pet."
./data/synthetic/synthetic_data_b/SUN397_Syn/786.jpeg,a photo of a bullock cart.
./data/synthetic/synthetic_data_b/SUN397_Syn/787.jpeg,a photo of a totem pole.
./data/synthetic/synthetic_data_b/SUN397_Syn/788.jpeg,"a photo of a tacos, a type of food."
./data/synthetic/synthetic_data_b/SUN397_Syn/789.jpeg,"a photo of a ice cream, a type of food."
./data/synthetic/synthetic_data_b/SUN397_Syn/790.jpeg,"a photo of a Nissan 240SX Coupe 1998, a type of car."
./data/synthetic/synthetic_data_b/SUN397_Syn/791.jpeg,a photo of a strainer.
./data/synthetic/synthetic_data_b/SUN397_Syn/792.jpeg,a photo of a albatross.
./data/synthetic/synthetic_data_b/SUN397_Syn/793.jpeg,a photo of a Beagle.
./data/synthetic/synthetic_data_b/SUN397_Syn/794.jpeg,a photo of a hare.
./data/synthetic/synthetic_data_b/SUN397_Syn/795.jpeg,a photo of a park bench.
./data/synthetic/synthetic_data_b/SUN397_Syn/796.jpeg,a photo of a butcher shop.
./data/synthetic/synthetic_data_b/SUN397_Syn/797.jpeg,a photo of a marimba.
./data/synthetic/synthetic_data_b/SUN397_Syn/798.jpeg,a photo of a medicine cabinet.
./data/synthetic/synthetic_data_b/SUN397_Syn/799.jpeg,"a photo of a Scottish Terrier, a type of pet."
./data/synthetic/synthetic_data_b/SUN397_Syn/800.jpeg,a photo of a hatchet.
./data/synthetic/synthetic_data_b/SUN397_Syn/801.jpeg,a photo of a electric locomotive.
./data/synthetic/synthetic_data_b/SUN397_Syn/802.jpeg,"a photo of a fried calamari, a type of food."
./data/synthetic/synthetic_data_b/SUN397_Syn/803.jpeg,"a photo of a English Setter, a type of pet."
./data/synthetic/synthetic_data_b/SUN397_Syn/804.jpeg,a photo of a soup bowl.
./data/synthetic/synthetic_data_b/SUN397_Syn/805.jpeg,a photo of a fire truck.
./data/synthetic/synthetic_data_b/SUN397_Syn/806.jpeg,a photo of a wool.
./data/synthetic/synthetic_data_b/SUN397_Syn/807.jpeg,a photo of a prison.
./data/synthetic/synthetic_data_b/SUN397_Syn/808.jpeg,"a photo of a beignets, a type of food."
./data/synthetic/synthetic_data_b/SUN397_Syn/809.jpeg,"a photo of a Chevrolet Malibu Hybrid Sedan 2010, a type of car."
./data/synthetic/synthetic_data_b/SUN397_Syn/810.jpeg,a photo of a menu.
./data/synthetic/synthetic_data_b/SUN397_Syn/811.jpeg,a photo of a tank.
./data/synthetic/synthetic_data_b/SUN397_Syn/812.jpeg,a photo of a wild boar.
./data/synthetic/synthetic_data_b/SUN397_Syn/813.jpeg,a photo of a proboscis monkey.
./data/synthetic/synthetic_data_b/SUN397_Syn/814.jpeg,a photo of a chameleon.
./data/synthetic/synthetic_data_b/SUN397_Syn/815.jpeg,a photo of a Newfoundland dog.
./data/synthetic/synthetic_data_b/SUN397_Syn/816.jpeg,a photo of a automated teller machine.
./data/synthetic/synthetic_data_b/SUN397_Syn/817.jpeg,"a photo of a colt's foot, a type of flower."
./data/synthetic/synthetic_data_b/SUN397_Syn/818.jpeg,a photo of a cowboy hat.
./data/synthetic/synthetic_data_b/SUN397_Syn/819.jpeg,"a photo of a bee balm, a type of flower."
./data/synthetic/synthetic_data_b/SUN397_Syn/820.jpeg,a photo of a Bloodhound.
./data/synthetic/synthetic_data_b/SUN397_Syn/821.jpeg,a photo of a bassinet.
./data/synthetic/synthetic_data_b/SUN397_Syn/822.jpeg,a photo of a pig.
./data/synthetic/synthetic_data_b/SUN397_Syn/823.jpeg,a photo of a spatula.
./data/synthetic/synthetic_data_b/SUN397_Syn/824.jpeg,a photo of a German Shorthaired Pointer.
./data/synthetic/synthetic_data_b/SUN397_Syn/825.jpeg,a photo of a Boston Terrier.
./data/synthetic/synthetic_data_b/SUN397_Syn/826.jpeg,a photo of a flamingo.
./data/synthetic/synthetic_data_b/SUN397_Syn/827.jpeg,a photo of a eggnog.
./data/synthetic/synthetic_data_b/SUN397_Syn/828.jpeg,"a photo of a HUMMER H3T Crew Cab 2010, a type of car."
./data/synthetic/synthetic_data_b/SUN397_Syn/829.jpeg,a photo of a flatworm.
./data/synthetic/synthetic_data_b/SUN397_Syn/830.jpeg,a photo of a ring-necked snake.
./data/synthetic/synthetic_data_b/SUN397_Syn/831.jpeg,a photo of a spatula.
./data/synthetic/synthetic_data_b/SUN397_Syn/832.jpeg,"a photo of a Chevrolet Silverado 1500 Extended Cab 2012, a type of car."
./data/synthetic/synthetic_data_b/SUN397_Syn/833.jpeg,a photo of a Irish Wolfhound.
./data/synthetic/synthetic_data_b/SUN397_Syn/834.jpeg,a photo of a English Setter.
./data/synthetic/synthetic_data_b/SUN397_Syn/835.jpeg,a photo of a dog sled.
./data/synthetic/synthetic_data_b/SUN397_Syn/836.jpeg,"a photo of a oysters, a type of food."
./data/synthetic/synthetic_data_b/SUN397_Syn/837.jpeg,a photo of a lacewing.
./data/synthetic/synthetic_data_b/SUN397_Syn/838.jpeg,a photo of a Whippet.
./data/synthetic/synthetic_data_b/SUN397_Syn/839.jpeg,"a photo of a Staffordshire Bull Terrier, a type of pet."
./data/synthetic/synthetic_data_b/SUN397_Syn/840.jpeg,a photo of a slide rule.
./data/synthetic/synthetic_data_b/SUN397_Syn/841.jpeg,a photo of a loupe magnifying glass.
./data/synthetic/synthetic_data_b/SUN397_Syn/842.jpeg,a photo of a cauldron.
./data/synthetic/synthetic_data_b/SUN397_Syn/843.jpeg,a photo of a spiral or coil.
./data/synthetic/synthetic_data_b/SUN397_Syn/844.jpeg,a photo of a radiator grille.
./data/synthetic/synthetic_data_b/SUN397_Syn/845.jpeg,a photo of a wine bottle.
./data/synthetic/synthetic_data_b/SUN397_Syn/846.jpeg,"a photo of a scallops, a type of food."
./data/synthetic/synthetic_data_b/SUN397_Syn/847.jpeg,a photo of a Samoyed.
./data/synthetic/synthetic_data_b/SUN397_Syn/848.jpeg,a photo of a Mexican hairless dog (xoloitzcuintli).
./data/synthetic/synthetic_data_b/SUN397_Syn/849.jpeg,"a photo of a Chrysler 300 SRT-8 2010, a type of car."
./data/synthetic/synthetic_data_b/SUN397_Syn/850.jpeg,a photo of a bighorn sheep.
./data/synthetic/synthetic_data_b/SUN397_Syn/851.jpeg,a photo of a water snake.
./data/synthetic/synthetic_data_b/SUN397_Syn/852.jpeg,a photo of a scorpion.
./data/synthetic/synthetic_data_b/SUN397_Syn/853.jpeg,"a photo of a yellow iris, a type of flower."
./data/synthetic/synthetic_data_b/SUN397_Syn/854.jpeg,a photo of a farm plow.
./data/synthetic/synthetic_data_b/SUN397_Syn/855.jpeg,a photo of a mortar and pestle.
./data/synthetic/synthetic_data_b/SUN397_Syn/856.jpeg,a photo of a lakeshore.
./data/synthetic/synthetic_data_b/SUN397_Syn/857.jpeg,a photo of a cherimoya (custard apple).
./data/synthetic/synthetic_data_b/SUN397_Syn/858.jpeg,"a photo of a Ford Freestar Minivan 2007, a type of car."
./data/synthetic/synthetic_data_b/SUN397_Syn/859.jpeg,a photo of a flagpole.
./data/synthetic/synthetic_data_b/SUN397_Syn/860.jpeg,"a photo of a HUMMER H3T Crew Cab 2010, a type of car."
./data/synthetic/synthetic_data_b/SUN397_Syn/861.jpeg,a photo of a wool.
./data/synthetic/synthetic_data_b/SUN397_Syn/862.jpeg,a photo of a hyena.
./data/synthetic/synthetic_data_b/SUN397_Syn/863.jpeg,"a photo of a desert-rose, a type of flower."
./data/synthetic/synthetic_data_b/SUN397_Syn/864.jpeg,"a photo of a Fisker Karma Sedan 2012, a type of car."
./data/synthetic/synthetic_data_b/SUN397_Syn/865.jpeg,a photo of a badger.
./data/synthetic/synthetic_data_b/SUN397_Syn/866.jpeg,"a photo of a carrot cake, a type of food."
./data/synthetic/synthetic_data_b/SUN397_Syn/867.jpeg,"a photo of a creme brulee, a type of food."
./data/synthetic/synthetic_data_b/SUN397_Syn/868.jpeg,a photo of a mashed potatoes.
./data/synthetic/synthetic_data_b/SUN397_Syn/869.jpeg,"a photo of a tacos, a type of food."
./data/synthetic/synthetic_data_b/SUN397_Syn/870.jpeg,"a photo of the number: ""5 - five""."
./data/synthetic/synthetic_data_b/SUN397_Syn/871.jpeg,"a photo of a Lincoln Town Car Sedan 2011, a type of car."
./data/synthetic/synthetic_data_b/SUN397_Syn/872.jpeg,a photo of a volleyball.
./data/synthetic/synthetic_data_b/SUN397_Syn/873.jpeg,"a photo of a Chevrolet Malibu Sedan 2007, a type of car."
./data/synthetic/synthetic_data_b/SUN397_Syn/874.jpeg,"a photo of a Basset Hound, a type of pet."
./data/synthetic/synthetic_data_b/SUN397_Syn/875.jpeg,"a photo of a American Pit Bull Terrier, a type of pet."
./data/synthetic/synthetic_data_b/SUN397_Syn/876.jpeg,"a photo of a Dodge Durango SUV 2012, a type of car."
./data/synthetic/synthetic_data_b/SUN397_Syn/877.jpeg,a photo of a sawmill.
./data/synthetic/synthetic_data_b/SUN397_Syn/878.jpeg,a photo of a perfume.
./data/synthetic/synthetic_data_b/SUN397_Syn/879.jpeg,a photo of a yellow lady's slipper.
./data/synthetic/synthetic_data_b/SUN397_Syn/880.jpeg,"a photo of a Ford F-450 Super Duty Crew Cab 2012, a type of car."
./data/synthetic/synthetic_data_b/SUN397_Syn/881.jpeg,a photo of a bulletproof vest.
./data/synthetic/synthetic_data_b/SUN397_Syn/882.jpeg,a photo of a Kerry Blue Terrier.
./data/synthetic/synthetic_data_b/SUN397_Syn/883.jpeg,a photo of a window screen.
./data/synthetic/synthetic_data_b/SUN397_Syn/884.jpeg,a photo of a slip-on shoe.
./data/synthetic/synthetic_data_b/SUN397_Syn/885.jpeg,a photo of a quill.
./data/synthetic/synthetic_data_b/SUN397_Syn/886.jpeg,a photo of a electrical switch.
./data/synthetic/synthetic_data_b/SUN397_Syn/887.jpeg,a photo of a dining table.
./data/synthetic/synthetic_data_b/SUN397_Syn/888.jpeg,a photo of a lacewing.
./data/synthetic/synthetic_data_b/SUN397_Syn/889.jpeg,a photo of a lawn mower.
./data/synthetic/synthetic_data_b/SUN397_Syn/890.jpeg,a photo of a kite (bird of prey).
./data/synthetic/synthetic_data_b/SUN397_Syn/891.jpeg,a photo of a tench.
./data/synthetic/synthetic_data_b/SUN397_Syn/892.jpeg,"a photo of a Chevrolet Monte Carlo Coupe 2007, a type of car."
./data/synthetic/synthetic_data_b/SUN397_Syn/893.jpeg,a photo of a Arctic fox.
./data/synthetic/synthetic_data_b/SUN397_Syn/894.jpeg,a photo of a parking meter.
./data/synthetic/synthetic_data_b/SUN397_Syn/895.jpeg,a photo of a hammer.
./data/synthetic/synthetic_data_b/SUN397_Syn/896.jpeg,a photo of a chocolate syrup.
./data/synthetic/synthetic_data_b/SUN397_Syn/897.jpeg,"a photo of a Dodge Charger Sedan 2012, a type of car."
./data/synthetic/synthetic_data_b/SUN397_Syn/898.jpeg,a photo of a jay.
./data/synthetic/synthetic_data_b/SUN397_Syn/899.jpeg,"a photo of a californian poppy, a type of flower."
./data/synthetic/synthetic_data_b/SUN397_Syn/900.jpeg,"a photo of a Aston Martin V8 Vantage Convertible 2012, a type of car."
./data/synthetic/synthetic_data_b/SUN397_Syn/901.jpeg,a photo of a sandbar.
./data/synthetic/synthetic_data_b/SUN397_Syn/902.jpeg,a photo of a joystick.
./data/synthetic/synthetic_data_b/SUN397_Syn/903.jpeg,a photo of a magpie.
./data/synthetic/synthetic_data_b/SUN397_Syn/904.jpeg,a photo of a upright piano.
./data/synthetic/synthetic_data_b/SUN397_Syn/905.jpeg,a photo of a honeycomb.
./data/synthetic/synthetic_data_b/SUN397_Syn/906.jpeg,"a photo of a crab cakes, a type of food."
./data/synthetic/synthetic_data_b/SUN397_Syn/907.jpeg,a photo of a can opener.
./data/synthetic/synthetic_data_b/SUN397_Syn/908.jpeg,a photo of a indigo bunting.
./data/synthetic/synthetic_data_b/SUN397_Syn/909.jpeg,"a photo of a Geo Metro Convertible 1993, a type of car."
./data/synthetic/synthetic_data_b/SUN397_Syn/910.jpeg,a photo of a rocking chair.
./data/synthetic/synthetic_data_b/SUN397_Syn/911.jpeg,a photo of a African bush elephant.
./data/synthetic/synthetic_data_b/SUN397_Syn/912.jpeg,a photo of a swing.
./data/synthetic/synthetic_data_b/SUN397_Syn/913.jpeg,"a photo of a Jeep Compass SUV 2012, a type of car."
./data/synthetic/synthetic_data_b/SUN397_Syn/914.jpeg,a photo of a military aircraft.
./data/synthetic/synthetic_data_b/SUN397_Syn/915.jpeg,a photo of a sombrero.
./data/synthetic/synthetic_data_b/SUN397_Syn/916.jpeg,a photo of a convertible.
./data/synthetic/synthetic_data_b/SUN397_Syn/917.jpeg,a photo of a porcupine.
./data/synthetic/synthetic_data_b/SUN397_Syn/918.jpeg,"a photo of a Great Pyrenees, a type of pet."
./data/synthetic/synthetic_data_b/SUN397_Syn/919.jpeg,a photo of a slide rule.
./data/synthetic/synthetic_data_b/SUN397_Syn/920.jpeg,a photo of a sandal.
./data/synthetic/synthetic_data_b/SUN397_Syn/921.jpeg,a photo of a bolo tie.
./data/synthetic/synthetic_data_b/SUN397_Syn/922.jpeg,a photo of a dome.
./data/synthetic/synthetic_data_b/SUN397_Syn/923.jpeg,a photo of a Beagle.
./data/synthetic/synthetic_data_b/SUN397_Syn/924.jpeg,a photo of a tow truck.
./data/synthetic/synthetic_data_b/SUN397_Syn/925.jpeg,"a photo of a risotto, a type of food."
./data/synthetic/synthetic_data_b/SUN397_Syn/926.jpeg,a photo of a chain mail.
./data/synthetic/synthetic_data_b/SUN397_Syn/927.jpeg,"a photo of a Chevrolet Camaro Convertible 2012, a type of car."
./data/synthetic/synthetic_data_b/SUN397_Syn/928.jpeg,"a photo of a lasagna, a type of food."
./data/synthetic/synthetic_data_b/SUN397_Syn/929.jpeg,"a photo of a lotus, a type of flower."
./data/synthetic/synthetic_data_b/SUN397_Syn/930.jpeg,"a photo of a orange dahlia, a type of flower."
./data/synthetic/synthetic_data_b/SUN397_Syn/931.jpeg,a photo of a fire screen.
./data/synthetic/synthetic_data_b/SUN397_Syn/932.jpeg,a photo of a guillotine.
./data/synthetic/synthetic_data_b/SUN397_Syn/933.jpeg,"a photo of a Miniature Pinscher, a type of pet."
./data/synthetic/synthetic_data_b/SUN397_Syn/934.jpeg,"a photo of a Dodge Dakota Crew Cab 2010, a type of car."
./data/synthetic/synthetic_data_b/SUN397_Syn/935.jpeg,a photo of a espresso machine.
./data/synthetic/synthetic_data_b/SUN397_Syn/936.jpeg,a photo of a syringe.
./data/synthetic/synthetic_data_b/SUN397_Syn/937.jpeg,a photo of a Asian elephant.
./data/synthetic/synthetic_data_b/SUN397_Syn/938.jpeg,a photo of a dunlin.
./data/synthetic/synthetic_data_b/SUN397_Syn/939.jpeg,a photo of a macaque.
./data/synthetic/synthetic_data_b/SUN397_Syn/940.jpeg,a photo of a Arctic fox.
./data/synthetic/synthetic_data_b/SUN397_Syn/941.jpeg,a photo of a harmonica.
./data/synthetic/synthetic_data_b/SUN397_Syn/942.jpeg,a photo of a Briard.
./data/synthetic/synthetic_data_b/SUN397_Syn/943.jpeg,"a photo of the number: ""7 - seven""."
./data/synthetic/synthetic_data_b/SUN397_Syn/944.jpeg,a photo of a pretzel.
./data/synthetic/synthetic_data_b/SUN397_Syn/945.jpeg,"a photo of a oysters, a type of food."
./data/synthetic/synthetic_data_b/SUN397_Syn/946.jpeg,a photo of a trifle.
./data/synthetic/synthetic_data_b/SUN397_Syn/947.jpeg,a photo of a flagpole.
./data/synthetic/synthetic_data_b/SUN397_Syn/948.jpeg,"a photo of a hippeastrum, a type of flower."
./data/synthetic/synthetic_data_b/SUN397_Syn/949.jpeg,"a photo of a prime rib, a type of food."
./data/synthetic/synthetic_data_b/SUN397_Syn/950.jpeg,"a photo of a Aston Martin V8 Vantage Convertible 2012, a type of car."
./data/synthetic/synthetic_data_b/SUN397_Syn/951.jpeg,a photo of a indri.
./data/synthetic/synthetic_data_b/SUN397_Syn/952.jpeg,a photo of a minivan.
./data/synthetic/synthetic_data_b/SUN397_Syn/953.jpeg,a photo of a green iguana.
./data/synthetic/synthetic_data_b/SUN397_Syn/954.jpeg,a photo of a grasshopper.
./data/synthetic/synthetic_data_b/SUN397_Syn/955.jpeg,a photo of a tusker.
./data/synthetic/synthetic_data_b/SUN397_Syn/956.jpeg,"a photo of a Dodge Charger Sedan 2012, a type of car."
./data/synthetic/synthetic_data_b/SUN397_Syn/957.jpeg,a photo of a Gila monster.
./data/synthetic/synthetic_data_b/SUN397_Syn/958.jpeg,a photo of a titi monkey.
./data/synthetic/synthetic_data_b/SUN397_Syn/959.jpeg,a photo of a Chesapeake Bay Retriever.
./data/synthetic/synthetic_data_b/SUN397_Syn/960.jpeg,a photo of a gong.
./data/synthetic/synthetic_data_b/SUN397_Syn/961.jpeg,a photo of a face powder.
./data/synthetic/synthetic_data_b/SUN397_Syn/962.jpeg,a photo of a Newfoundland dog.
./data/synthetic/synthetic_data_b/SUN397_Syn/963.jpeg,a photo of a washing machine.
./data/synthetic/synthetic_data_b/SUN397_Syn/964.jpeg,a photo of a bulbul.
./data/synthetic/synthetic_data_b/SUN397_Syn/965.jpeg,a photo of a carousel.
./data/synthetic/synthetic_data_b/SUN397_Syn/966.jpeg,a photo of a Irish Terrier.
./data/synthetic/synthetic_data_b/SUN397_Syn/967.jpeg,a photo of a fly.
./data/synthetic/synthetic_data_b/SUN397_Syn/968.jpeg,a photo of a American bullfrog.
./data/synthetic/synthetic_data_b/SUN397_Syn/969.jpeg,"a photo of a Aston Martin Virage Coupe 2012, a type of car."
./data/synthetic/synthetic_data_b/SUN397_Syn/970.jpeg,a photo of a tandem bicycle.
./data/synthetic/synthetic_data_b/SUN397_Syn/971.jpeg,a photo of a paper towel.
./data/synthetic/synthetic_data_b/SUN397_Syn/972.jpeg,a photo of a tobacco shop.
./data/synthetic/synthetic_data_b/SUN397_Syn/973.jpeg,a photo of a tights.
./data/synthetic/synthetic_data_b/SUN397_Syn/974.jpeg,"a photo of a Audi S5 Convertible 2012, a type of car."
./data/synthetic/synthetic_data_b/SUN397_Syn/975.jpeg,a photo of a refrigerator.
./data/synthetic/synthetic_data_b/SUN397_Syn/976.jpeg,a photo of a strawberry.
./data/synthetic/synthetic_data_b/SUN397_Syn/977.jpeg,"a photo of a columbine, a type of flower."
./data/synthetic/synthetic_data_b/SUN397_Syn/978.jpeg,a photo of a green mamba.
./data/synthetic/synthetic_data_b/SUN397_Syn/979.jpeg,a photo of a muzzle.
./data/synthetic/synthetic_data_b/SUN397_Syn/980.jpeg,a photo of a Bluetick Coonhound.
./data/synthetic/synthetic_data_b/SUN397_Syn/981.jpeg,a photo of a meerkat.
./data/synthetic/synthetic_data_b/SUN397_Syn/982.jpeg,a photo of a slug.
./data/synthetic/synthetic_data_b/SUN397_Syn/983.jpeg,a photo of a electric fan.
./data/synthetic/synthetic_data_b/SUN397_Syn/984.jpeg,a photo of a snowplow.
./data/synthetic/synthetic_data_b/SUN397_Syn/985.jpeg,a photo of a albatross.
./data/synthetic/synthetic_data_b/SUN397_Syn/986.jpeg,"a photo of a Ford F-150 Regular Cab 2012, a type of car."
./data/synthetic/synthetic_data_b/SUN397_Syn/987.jpeg,a photo of a meatloaf.
./data/synthetic/synthetic_data_b/SUN397_Syn/988.jpeg,a photo of a patas monkey.
./data/synthetic/synthetic_data_b/SUN397_Syn/989.jpeg,a photo of a clownfish.
./data/synthetic/synthetic_data_b/SUN397_Syn/990.jpeg,a photo of a corkscrew.
./data/synthetic/synthetic_data_b/SUN397_Syn/991.jpeg,a photo of a scoreboard.
./data/synthetic/synthetic_data_b/SUN397_Syn/992.jpeg,a photo of a fire salamander.
./data/synthetic/synthetic_data_b/SUN397_Syn/993.jpeg,a photo of a Alaskan Malamute.
./data/synthetic/synthetic_data_b/SUN397_Syn/994.jpeg,a photo of a candy store.
./data/synthetic/synthetic_data_b/SUN397_Syn/995.jpeg,a photo of a shoe store.
./data/synthetic/synthetic_data_b/SUN397_Syn/996.jpeg,a photo of a wine bottle.
./data/synthetic/synthetic_data_b/SUN397_Syn/997.jpeg,a photo of a spiral or coil.
./data/synthetic/synthetic_data_b/SUN397_Syn/998.jpeg,a photo of a sidewinder rattlesnake.
./data/synthetic/synthetic_data_b/SUN397_Syn/999.jpeg,a photo of a ambulance.
