image,text
./data/synthetic/synthetic_data_b/EuroSAT_Syn/0.jpeg,a photo of a Scottish Terrier.
./data/synthetic/synthetic_data_b/EuroSAT_Syn/1.jpeg,"a photo of a Toyota Corolla Sedan 2012, a type of car."
./data/synthetic/synthetic_data_b/EuroSAT_Syn/2.jpeg,"a photo of a Volvo XC90 SUV 2007, a type of car."
./data/synthetic/synthetic_data_b/EuroSAT_Syn/3.jpeg,a photo of a cockroach.
./data/synthetic/synthetic_data_b/EuroSAT_Syn/4.jpeg,a photo of a shower cap.
./data/synthetic/synthetic_data_b/EuroSAT_Syn/5.jpeg,a photo of a quilt.
./data/synthetic/synthetic_data_b/EuroSAT_Syn/6.jpeg,a photo of a red panda.
./data/synthetic/synthetic_data_b/EuroSAT_Syn/7.jpeg,a photo of a ocarina.
./data/synthetic/synthetic_data_b/EuroSAT_Syn/8.jpeg,"a photo of a German Shorthaired, a type of pet."
./data/synthetic/synthetic_data_b/EuroSAT_Syn/9.jpeg,"a photo of a tuna tartare, a type of food."
./data/synthetic/synthetic_data_b/EuroSAT_Syn/10.jpeg,"a photo of a filet mignon, a type of food."
./data/synthetic/synthetic_data_b/EuroSAT_Syn/11.jpeg,"a photo of a Ford GT Coupe 2006, a type of car."
./data/synthetic/synthetic_data_b/EuroSAT_Syn/12.jpeg,a photo of a basement.
./data/synthetic/synthetic_data_b/EuroSAT_Syn/13.jpeg,a photo of a rock beauty fish.
./data/synthetic/synthetic_data_b/EuroSAT_Syn/14.jpeg,"a photo of a mallow, a type of flower."
./data/synthetic/synthetic_data_b/EuroSAT_Syn/15.jpeg,a photo of a hamper.
./data/synthetic/synthetic_data_b/EuroSAT_Syn/16.jpeg,a photo of a worm snake.
./data/synthetic/synthetic_data_b/EuroSAT_Syn/17.jpeg,a photo of a football helmet.
./data/synthetic/synthetic_data_b/EuroSAT_Syn/18.jpeg,"a photo of a Lamborghini Diablo Coupe 2001, a type of car."
./data/synthetic/synthetic_data_b/EuroSAT_Syn/19.jpeg,a photo of a casino/indoor.
./data/synthetic/synthetic_data_b/EuroSAT_Syn/20.jpeg,a photo of a garfield.
./data/synthetic/synthetic_data_b/EuroSAT_Syn/21.jpeg,a photo of a mosque/indoor.
./data/synthetic/synthetic_data_b/EuroSAT_Syn/22.jpeg,"a photo of a common dandelion, a type of flower."
./data/synthetic/synthetic_data_b/EuroSAT_Syn/23.jpeg,a photo of a graduation cap.
./data/synthetic/synthetic_data_b/EuroSAT_Syn/24.jpeg,a photo of a Band-Aid.
./data/synthetic/synthetic_data_b/EuroSAT_Syn/25.jpeg,a photo of a wall clock.
./data/synthetic/synthetic_data_b/EuroSAT_Syn/26.jpeg,a photo of a loupe magnifying glass.
./data/synthetic/synthetic_data_b/EuroSAT_Syn/27.jpeg,a photo of a grooved texture.
./data/synthetic/synthetic_data_b/EuroSAT_Syn/28.jpeg,a photo of a window shade.
./data/synthetic/synthetic_data_b/EuroSAT_Syn/29.jpeg,a photo of a safe.
./data/synthetic/synthetic_data_b/EuroSAT_Syn/30.jpeg,a photo of a high-speed train.
./data/synthetic/synthetic_data_b/EuroSAT_Syn/31.jpeg,a photo of a palace.
./data/synthetic/synthetic_data_b/EuroSAT_Syn/32.jpeg,"a photo of a C-47, a type of aircraft."
./data/synthetic/synthetic_data_b/EuroSAT_Syn/33.jpeg,a photo of a cricket insect.
./data/synthetic/synthetic_data_b/EuroSAT_Syn/34.jpeg,a photo of a tool kit.
./data/synthetic/synthetic_data_b/EuroSAT_Syn/35.jpeg,a photo of a dog sled.
./data/synthetic/synthetic_data_b/EuroSAT_Syn/36.jpeg,a photo of a scorpion.
./data/synthetic/synthetic_data_b/EuroSAT_Syn/37.jpeg,a photo of a cellphone.
./data/synthetic/synthetic_data_b/EuroSAT_Syn/38.jpeg,"a photo of a hibiscus, a type of flower."
./data/synthetic/synthetic_data_b/EuroSAT_Syn/39.jpeg,"a photo of a pulled pork sandwich, a type of food."
./data/synthetic/synthetic_data_b/EuroSAT_Syn/40.jpeg,a photo of a basilica.
./data/synthetic/synthetic_data_b/EuroSAT_Syn/41.jpeg,a photo of a garbage truck.
./data/synthetic/synthetic_data_b/EuroSAT_Syn/42.jpeg,a photo of a tree house.
./data/synthetic/synthetic_data_b/EuroSAT_Syn/43.jpeg,"a photo of a geranium, a type of flower."
./data/synthetic/synthetic_data_b/EuroSAT_Syn/44.jpeg,a photo of a railroad car.
./data/synthetic/synthetic_data_b/EuroSAT_Syn/45.jpeg,"a photo of a guacamole, a type of food."
./data/synthetic/synthetic_data_b/EuroSAT_Syn/46.jpeg,a photo of a chambered nautilus.
./data/synthetic/synthetic_data_b/EuroSAT_Syn/47.jpeg,a photo of a CD player.
./data/synthetic/synthetic_data_b/EuroSAT_Syn/48.jpeg,a photo of a wooden spoon.
./data/synthetic/synthetic_data_b/EuroSAT_Syn/49.jpeg,a photo of a desktop computer.
./data/synthetic/synthetic_data_b/EuroSAT_Syn/50.jpeg,a photo of a guillotine.
./data/synthetic/synthetic_data_b/EuroSAT_Syn/51.jpeg,a photo of a ice cream.
./data/synthetic/synthetic_data_b/EuroSAT_Syn/52.jpeg,"a photo of a macarons, a type of food."
./data/synthetic/synthetic_data_b/EuroSAT_Syn/53.jpeg,a photo of a cornet.
./data/synthetic/synthetic_data_b/EuroSAT_Syn/54.jpeg,a photo of a toaster.
./data/synthetic/synthetic_data_b/EuroSAT_Syn/55.jpeg,a photo of a dishcloth.
./data/synthetic/synthetic_data_b/EuroSAT_Syn/56.jpeg,a photo of a red admiral butterfly.
./data/synthetic/synthetic_data_b/EuroSAT_Syn/57.jpeg,a photo of a raft.
./data/synthetic/synthetic_data_b/EuroSAT_Syn/58.jpeg,a photo of a bow tie.
./data/synthetic/synthetic_data_b/EuroSAT_Syn/59.jpeg,a photo of a lacewing.
./data/synthetic/synthetic_data_b/EuroSAT_Syn/60.jpeg,a photo of a wolf spider.
./data/synthetic/synthetic_data_b/EuroSAT_Syn/61.jpeg,a photo of a ferry.
./data/synthetic/synthetic_data_b/EuroSAT_Syn/62.jpeg,a photo of a shower.
./data/synthetic/synthetic_data_b/EuroSAT_Syn/63.jpeg,a photo of a Norwegian Elkhound.
./data/synthetic/synthetic_data_b/EuroSAT_Syn/64.jpeg,a photo of a soap dispenser.
./data/synthetic/synthetic_data_b/EuroSAT_Syn/65.jpeg,a photo of a beer glass.
./data/synthetic/synthetic_data_b/EuroSAT_Syn/66.jpeg,a photo of a crane bird.
./data/synthetic/synthetic_data_b/EuroSAT_Syn/67.jpeg,a photo of a Boxer.
./data/synthetic/synthetic_data_b/EuroSAT_Syn/68.jpeg,"a photo of a Fokker 70, a type of aircraft."
./data/synthetic/synthetic_data_b/EuroSAT_Syn/69.jpeg,a photo of a mobile phone.
./data/synthetic/synthetic_data_b/EuroSAT_Syn/70.jpeg,"a photo of a BMW X3 SUV 2012, a type of car."
./data/synthetic/synthetic_data_b/EuroSAT_Syn/71.jpeg,a photo of a Scottish Deerhound.
./data/synthetic/synthetic_data_b/EuroSAT_Syn/72.jpeg,a photo of a red wolf or maned wolf.
./data/synthetic/synthetic_data_b/EuroSAT_Syn/73.jpeg,"a photo of a foie gras, a type of food."
./data/synthetic/synthetic_data_b/EuroSAT_Syn/74.jpeg,a photo of a agama.
./data/synthetic/synthetic_data_b/EuroSAT_Syn/75.jpeg,a photo of a gar fish.
./data/synthetic/synthetic_data_b/EuroSAT_Syn/76.jpeg,a photo of a combination lock.
./data/synthetic/synthetic_data_b/EuroSAT_Syn/77.jpeg,a photo of a sweatshirt.
./data/synthetic/synthetic_data_b/EuroSAT_Syn/78.jpeg,a photo of a stage.
./data/synthetic/synthetic_data_b/EuroSAT_Syn/79.jpeg,a photo of a rain barrel.
./data/synthetic/synthetic_data_b/EuroSAT_Syn/80.jpeg,"a photo of a camellia, a type of flower."
./data/synthetic/synthetic_data_b/EuroSAT_Syn/81.jpeg,a photo of a rock crab.
./data/synthetic/synthetic_data_b/EuroSAT_Syn/82.jpeg,a photo of a patas monkey.
./data/synthetic/synthetic_data_b/EuroSAT_Syn/83.jpeg,a photo of a hatchet.
./data/synthetic/synthetic_data_b/EuroSAT_Syn/84.jpeg,"a photo of a Hyundai Genesis Sedan 2012, a type of car."
./data/synthetic/synthetic_data_b/EuroSAT_Syn/85.jpeg,"a photo of a frangipani, a type of flower."
./data/synthetic/synthetic_data_b/EuroSAT_Syn/86.jpeg,"a photo of a bromelia, a type of flower."
./data/synthetic/synthetic_data_b/EuroSAT_Syn/87.jpeg,a photo of a missile.
./data/synthetic/synthetic_data_b/EuroSAT_Syn/88.jpeg,a photo of a cobwebbed texture.
./data/synthetic/synthetic_data_b/EuroSAT_Syn/89.jpeg,a photo of a horse chestnut seed.
./data/synthetic/synthetic_data_b/EuroSAT_Syn/90.jpeg,a photo of a matted texture.
./data/synthetic/synthetic_data_b/EuroSAT_Syn/91.jpeg,a photo of a Arctic fox.
./data/synthetic/synthetic_data_b/EuroSAT_Syn/92.jpeg,a photo of a airship.
./data/synthetic/synthetic_data_b/EuroSAT_Syn/93.jpeg,a photo of a garter snake.
./data/synthetic/synthetic_data_b/EuroSAT_Syn/94.jpeg,a photo of a viaduct.
./data/synthetic/synthetic_data_b/EuroSAT_Syn/95.jpeg,a photo of a screwdriver.
./data/synthetic/synthetic_data_b/EuroSAT_Syn/96.jpeg,"a photo of a Land Rover LR2 SUV 2012, a type of car."
./data/synthetic/synthetic_data_b/EuroSAT_Syn/97.jpeg,a photo of a park bench.
./data/synthetic/synthetic_data_b/EuroSAT_Syn/98.jpeg,a photo of a jay.
./data/synthetic/synthetic_data_b/EuroSAT_Syn/99.jpeg,a photo of a airliner.
./data/synthetic/synthetic_data_b/EuroSAT_Syn/100.jpeg,a photo of a hot tub.
./data/synthetic/synthetic_data_b/EuroSAT_Syn/101.jpeg,a photo of a lacelike texture.
./data/synthetic/synthetic_data_b/EuroSAT_Syn/102.jpeg,a photo of a centered face.
./data/synthetic/synthetic_data_b/EuroSAT_Syn/103.jpeg,a photo of a bookstore.
./data/synthetic/synthetic_data_b/EuroSAT_Syn/104.jpeg,a photo of a fishing casting reel.
./data/synthetic/synthetic_data_b/EuroSAT_Syn/105.jpeg,a photo of a throne room.
./data/synthetic/synthetic_data_b/EuroSAT_Syn/106.jpeg,a photo of a military hat (bearskin or shako).
./data/synthetic/synthetic_data_b/EuroSAT_Syn/107.jpeg,a photo of a power drill.
./data/synthetic/synthetic_data_b/EuroSAT_Syn/108.jpeg,a photo of a anechoic chamber.
./data/synthetic/synthetic_data_b/EuroSAT_Syn/109.jpeg,a photo of a construction site.
./data/synthetic/synthetic_data_b/EuroSAT_Syn/110.jpeg,a photo of a putting green.
./data/synthetic/synthetic_data_b/EuroSAT_Syn/111.jpeg,a photo of a turnstile.
./data/synthetic/synthetic_data_b/EuroSAT_Syn/112.jpeg,a photo of a pretzel.
./data/synthetic/synthetic_data_b/EuroSAT_Syn/113.jpeg,a photo of a lido deck/outdoor.
./data/synthetic/synthetic_data_b/EuroSAT_Syn/114.jpeg,a photo of a broom.
./data/synthetic/synthetic_data_b/EuroSAT_Syn/115.jpeg,"a photo of a spaghetti carbonara, a type of food."
./data/synthetic/synthetic_data_b/EuroSAT_Syn/116.jpeg,a photo of a spiral or coil.
./data/synthetic/synthetic_data_b/EuroSAT_Syn/117.jpeg,"a photo of a E-190, a type of aircraft."
./data/synthetic/synthetic_data_b/EuroSAT_Syn/118.jpeg,a photo of a bolo tie.
./data/synthetic/synthetic_data_b/EuroSAT_Syn/119.jpeg,a photo of a fire screen.
./data/synthetic/synthetic_data_b/EuroSAT_Syn/120.jpeg,a photo of a stegosaurus.
./data/synthetic/synthetic_data_b/EuroSAT_Syn/121.jpeg,a photo of a banquet hall.
./data/synthetic/synthetic_data_b/EuroSAT_Syn/122.jpeg,"a photo of a Suzuki Aerio Sedan 2007, a type of car."
./data/synthetic/synthetic_data_b/EuroSAT_Syn/123.jpeg,a photo of a Treeing Walker Coonhound.
./data/synthetic/synthetic_data_b/EuroSAT_Syn/124.jpeg,a photo of a marmot.
./data/synthetic/synthetic_data_b/EuroSAT_Syn/125.jpeg,"a photo of a Yorkshire Terrier, a type of pet."
./data/synthetic/synthetic_data_b/EuroSAT_Syn/126.jpeg,a photo of a schooner.
./data/synthetic/synthetic_data_b/EuroSAT_Syn/127.jpeg,a photo of a can opener.
./data/synthetic/synthetic_data_b/EuroSAT_Syn/128.jpeg,a photo of a dinette/home.
./data/synthetic/synthetic_data_b/EuroSAT_Syn/129.jpeg,"a photo of a Mercedes-Benz C-Class Sedan 2012, a type of car."
./data/synthetic/synthetic_data_b/EuroSAT_Syn/130.jpeg,"a photo of a A330-300, a type of aircraft."
./data/synthetic/synthetic_data_b/EuroSAT_Syn/131.jpeg,"a photo of a ramen, a type of food."
./data/synthetic/synthetic_data_b/EuroSAT_Syn/132.jpeg,a photo of a veterinarians office.
./data/synthetic/synthetic_data_b/EuroSAT_Syn/133.jpeg,a photo of a consomme.
./data/synthetic/synthetic_data_b/EuroSAT_Syn/134.jpeg,a photo of a library/outdoor.
./data/synthetic/synthetic_data_b/EuroSAT_Syn/135.jpeg,"a photo of a Volkswagen Golf Hatchback 1991, a type of car."
./data/synthetic/synthetic_data_b/EuroSAT_Syn/136.jpeg,a photo of a rock arch.
./data/synthetic/synthetic_data_b/EuroSAT_Syn/137.jpeg,a photo of a salt shaker.
./data/synthetic/synthetic_data_b/EuroSAT_Syn/138.jpeg,a photo of a Egyptian Mau.
./data/synthetic/synthetic_data_b/EuroSAT_Syn/139.jpeg,a photo of a airplane.
./data/synthetic/synthetic_data_b/EuroSAT_Syn/140.jpeg,a photo of a bow window/outdoor.
./data/synthetic/synthetic_data_b/EuroSAT_Syn/141.jpeg,a photo of a police van.
./data/synthetic/synthetic_data_b/EuroSAT_Syn/142.jpeg,a photo of a worm snake.
./data/synthetic/synthetic_data_b/EuroSAT_Syn/143.jpeg,a photo of a panda.
./data/synthetic/synthetic_data_b/EuroSAT_Syn/144.jpeg,a photo of a basketball.
./data/synthetic/synthetic_data_b/EuroSAT_Syn/145.jpeg,a photo of a gymnasium/indoor.
./data/synthetic/synthetic_data_b/EuroSAT_Syn/146.jpeg,a photo of a tennis court/indoor.
./data/synthetic/synthetic_data_b/EuroSAT_Syn/147.jpeg,a photo of a ram (adult male sheep).
./data/synthetic/synthetic_data_b/EuroSAT_Syn/148.jpeg,a photo of a chain.
./data/synthetic/synthetic_data_b/EuroSAT_Syn/149.jpeg,a photo of a hammer.
./data/synthetic/synthetic_data_b/EuroSAT_Syn/150.jpeg,a photo of a general store/indoor.
./data/synthetic/synthetic_data_b/EuroSAT_Syn/151.jpeg,a photo of a hunting lodge/outdoor.
./data/synthetic/synthetic_data_b/EuroSAT_Syn/152.jpeg,a photo of a balance beam.
./data/synthetic/synthetic_data_b/EuroSAT_Syn/153.jpeg,a photo of a oxygen mask.
./data/synthetic/synthetic_data_b/EuroSAT_Syn/154.jpeg,a photo of a Toy Poodle.
./data/synthetic/synthetic_data_b/EuroSAT_Syn/155.jpeg,a photo of a bayou.
./data/synthetic/synthetic_data_b/EuroSAT_Syn/156.jpeg,a photo of a spider web.
./data/synthetic/synthetic_data_b/EuroSAT_Syn/157.jpeg,"a photo of a poinsettia, a type of flower."
./data/synthetic/synthetic_data_b/EuroSAT_Syn/158.jpeg,a photo of a steam locomotive.
./data/synthetic/synthetic_data_b/EuroSAT_Syn/159.jpeg,a photo of a kasbah.
./data/synthetic/synthetic_data_b/EuroSAT_Syn/160.jpeg,a photo of a clogs.
./data/synthetic/synthetic_data_b/EuroSAT_Syn/161.jpeg,a photo of a pineapple.
./data/synthetic/synthetic_data_b/EuroSAT_Syn/162.jpeg,a photo of a raceway.
./data/synthetic/synthetic_data_b/EuroSAT_Syn/163.jpeg,a photo of a banded texture.
./data/synthetic/synthetic_data_b/EuroSAT_Syn/164.jpeg,"a photo of a Infiniti G Coupe IPL 2012, a type of car."
./data/synthetic/synthetic_data_b/EuroSAT_Syn/165.jpeg,"a photo of a GMC Savana Van 2012, a type of car."
./data/synthetic/synthetic_data_b/EuroSAT_Syn/166.jpeg,a photo of a house.
./data/synthetic/synthetic_data_b/EuroSAT_Syn/167.jpeg,a photo of a arch.
./data/synthetic/synthetic_data_b/EuroSAT_Syn/168.jpeg,a photo of a airplane.
./data/synthetic/synthetic_data_b/EuroSAT_Syn/169.jpeg,a photo of a kennel/indoor.
./data/synthetic/synthetic_data_b/EuroSAT_Syn/170.jpeg,a photo of a flamingo.
./data/synthetic/synthetic_data_b/EuroSAT_Syn/171.jpeg,"a photo of a Isuzu Ascender SUV 2008, a type of car."
./data/synthetic/synthetic_data_b/EuroSAT_Syn/172.jpeg,a photo of a horse-drawn vehicle.
./data/synthetic/synthetic_data_b/EuroSAT_Syn/173.jpeg,"a photo of a 777-200, a type of aircraft."
./data/synthetic/synthetic_data_b/EuroSAT_Syn/174.jpeg,a photo of a bell tower.
./data/synthetic/synthetic_data_b/EuroSAT_Syn/175.jpeg,a photo of a cliff dwelling.
./data/synthetic/synthetic_data_b/EuroSAT_Syn/176.jpeg,"a photo of a BMW 1 Series Convertible 2012, a type of car."
./data/synthetic/synthetic_data_b/EuroSAT_Syn/177.jpeg,a photo of a mandolin.
./data/synthetic/synthetic_data_b/EuroSAT_Syn/178.jpeg,a photo of a umbrella.
./data/synthetic/synthetic_data_b/EuroSAT_Syn/179.jpeg,a photo of a bell pepper.
./data/synthetic/synthetic_data_b/EuroSAT_Syn/180.jpeg,a photo of a face powder.
./data/synthetic/synthetic_data_b/EuroSAT_Syn/181.jpeg,a photo of a red king crab.
./data/synthetic/synthetic_data_b/EuroSAT_Syn/182.jpeg,a photo of a ambulance.
./data/synthetic/synthetic_data_b/EuroSAT_Syn/183.jpeg,a photo of a Clumber Spaniel.
./data/synthetic/synthetic_data_b/EuroSAT_Syn/184.jpeg,a photo of a Arctic fox.
./data/synthetic/synthetic_data_b/EuroSAT_Syn/185.jpeg,a photo of a wild cat.
./data/synthetic/synthetic_data_b/EuroSAT_Syn/186.jpeg,a photo of a brain coral.
./data/synthetic/synthetic_data_b/EuroSAT_Syn/187.jpeg,a photo of a pole.
./data/synthetic/synthetic_data_b/EuroSAT_Syn/188.jpeg,a photo of a crosswalk.
./data/synthetic/synthetic_data_b/EuroSAT_Syn/189.jpeg,"a photo of a Siamese, a type of pet."
./data/synthetic/synthetic_data_b/EuroSAT_Syn/190.jpeg,a photo of a lifeboat.
./data/synthetic/synthetic_data_b/EuroSAT_Syn/191.jpeg,"a photo of a fried rice, a type of food."
./data/synthetic/synthetic_data_b/EuroSAT_Syn/192.jpeg,a photo of a sturgeon.
./data/synthetic/synthetic_data_b/EuroSAT_Syn/193.jpeg,a photo of a stick insect.
./data/synthetic/synthetic_data_b/EuroSAT_Syn/194.jpeg,a photo of a platypus.
./data/synthetic/synthetic_data_b/EuroSAT_Syn/195.jpeg,"a photo of a E-190, a type of aircraft."
./data/synthetic/synthetic_data_b/EuroSAT_Syn/196.jpeg,a photo of a stove.
./data/synthetic/synthetic_data_b/EuroSAT_Syn/197.jpeg,"a photo of a beignets, a type of food."
./data/synthetic/synthetic_data_b/EuroSAT_Syn/198.jpeg,a photo of a wheelchair.
./data/synthetic/synthetic_data_b/EuroSAT_Syn/199.jpeg,a photo of a minaret.
./data/synthetic/synthetic_data_b/EuroSAT_Syn/200.jpeg,a photo of a marbled texture.
./data/synthetic/synthetic_data_b/EuroSAT_Syn/201.jpeg,"a photo of a Chevrolet Monte Carlo Coupe 2007, a type of car."
./data/synthetic/synthetic_data_b/EuroSAT_Syn/202.jpeg,"a photo of a silverbush, a type of flower."
./data/synthetic/synthetic_data_b/EuroSAT_Syn/203.jpeg,a photo of a yellow garden spider.
./data/synthetic/synthetic_data_b/EuroSAT_Syn/204.jpeg,a photo of a spoonbill.
./data/synthetic/synthetic_data_b/EuroSAT_Syn/205.jpeg,a photo of a shed.
./data/synthetic/synthetic_data_b/EuroSAT_Syn/206.jpeg,a photo of a mobile phone.
./data/synthetic/synthetic_data_b/EuroSAT_Syn/207.jpeg,a photo of a dentists office.
./data/synthetic/synthetic_data_b/EuroSAT_Syn/208.jpeg,"a photo of a 707-320, a type of aircraft."
./data/synthetic/synthetic_data_b/EuroSAT_Syn/209.jpeg,"a photo of a spring rolls, a type of food."
./data/synthetic/synthetic_data_b/EuroSAT_Syn/210.jpeg,a photo of a church/outdoor.
./data/synthetic/synthetic_data_b/EuroSAT_Syn/211.jpeg,a photo of a underwater/coral reef.
./data/synthetic/synthetic_data_b/EuroSAT_Syn/212.jpeg,"a photo of a BAE-125, a type of aircraft."
./data/synthetic/synthetic_data_b/EuroSAT_Syn/213.jpeg,a photo of a grey whale.
./data/synthetic/synthetic_data_b/EuroSAT_Syn/214.jpeg,a photo of a crane bird.
./data/synthetic/synthetic_data_b/EuroSAT_Syn/215.jpeg,a photo of a pirate ship.
./data/synthetic/synthetic_data_b/EuroSAT_Syn/216.jpeg,"a photo of a frozen yogurt, a type of food."
./data/synthetic/synthetic_data_b/EuroSAT_Syn/217.jpeg,a photo of a tent.
./data/synthetic/synthetic_data_b/EuroSAT_Syn/218.jpeg,a photo of a panda.
./data/synthetic/synthetic_data_b/EuroSAT_Syn/219.jpeg,a photo of a shopfront.
./data/synthetic/synthetic_data_b/EuroSAT_Syn/220.jpeg,a photo of a espresso machine.
./data/synthetic/synthetic_data_b/EuroSAT_Syn/221.jpeg,"a photo of a red velvet cake, a type of food."
./data/synthetic/synthetic_data_b/EuroSAT_Syn/222.jpeg,a photo of a excavation.
./data/synthetic/synthetic_data_b/EuroSAT_Syn/223.jpeg,a photo of a joshua tree.
./data/synthetic/synthetic_data_b/EuroSAT_Syn/224.jpeg,a photo of a birdhouse.
./data/synthetic/synthetic_data_b/EuroSAT_Syn/225.jpeg,a photo of a nautilus.
./data/synthetic/synthetic_data_b/EuroSAT_Syn/226.jpeg,"a photo of a Gulfstream V, a type of aircraft."
./data/synthetic/synthetic_data_b/EuroSAT_Syn/227.jpeg,a photo of a anchor.
./data/synthetic/synthetic_data_b/EuroSAT_Syn/228.jpeg,a photo of a manhole cover.
./data/synthetic/synthetic_data_b/EuroSAT_Syn/229.jpeg,a photo of a porous texture.
./data/synthetic/synthetic_data_b/EuroSAT_Syn/230.jpeg,a photo of a Komondor.
./data/synthetic/synthetic_data_b/EuroSAT_Syn/231.jpeg,a photo of a florist shop/indoor.
./data/synthetic/synthetic_data_b/EuroSAT_Syn/232.jpeg,"a photo of a Chrysler 300 SRT-8 2010, a type of car."
./data/synthetic/synthetic_data_b/EuroSAT_Syn/233.jpeg,a photo of a snoopy (cartoon beagle).
./data/synthetic/synthetic_data_b/EuroSAT_Syn/234.jpeg,a photo of a clothing store.
./data/synthetic/synthetic_data_b/EuroSAT_Syn/235.jpeg,"a photo of a trumpet creeper, a type of flower."
./data/synthetic/synthetic_data_b/EuroSAT_Syn/236.jpeg,"a photo of a Mercedes-Benz Sprinter Van 2012, a type of car."
./data/synthetic/synthetic_data_b/EuroSAT_Syn/237.jpeg,"a photo of a Bengal, a type of pet."
./data/synthetic/synthetic_data_b/EuroSAT_Syn/238.jpeg,a photo of a Dalmatian.
./data/synthetic/synthetic_data_b/EuroSAT_Syn/239.jpeg,a photo of a sea slug.
./data/synthetic/synthetic_data_b/EuroSAT_Syn/240.jpeg,a photo of a Irish Terrier.
./data/synthetic/synthetic_data_b/EuroSAT_Syn/241.jpeg,a photo of a dam.
./data/synthetic/synthetic_data_b/EuroSAT_Syn/242.jpeg,a photo of a boathouse.
./data/synthetic/synthetic_data_b/EuroSAT_Syn/243.jpeg,"a photo of a desert-rose, a type of flower."
./data/synthetic/synthetic_data_b/EuroSAT_Syn/244.jpeg,a photo of a flatworm.
./data/synthetic/synthetic_data_b/EuroSAT_Syn/245.jpeg,"a photo of a sunflower, a type of flower."
./data/synthetic/synthetic_data_b/EuroSAT_Syn/246.jpeg,a photo of a corral.
./data/synthetic/synthetic_data_b/EuroSAT_Syn/247.jpeg,a photo of a abacus.
./data/synthetic/synthetic_data_b/EuroSAT_Syn/248.jpeg,a photo of a rope bridge.
./data/synthetic/synthetic_data_b/EuroSAT_Syn/249.jpeg,"a photo of a tree poppy, a type of flower."
./data/synthetic/synthetic_data_b/EuroSAT_Syn/250.jpeg,a photo of a art studio.
./data/synthetic/synthetic_data_b/EuroSAT_Syn/251.jpeg,a photo of a mosque/indoor.
./data/synthetic/synthetic_data_b/EuroSAT_Syn/252.jpeg,"a photo of a bougainvillea, a type of flower."
./data/synthetic/synthetic_data_b/EuroSAT_Syn/253.jpeg,a photo of a collie.
./data/synthetic/synthetic_data_b/EuroSAT_Syn/254.jpeg,"a photo of a AM General Hummer SUV 2000, a type of car."
./data/synthetic/synthetic_data_b/EuroSAT_Syn/255.jpeg,"a photo of a Audi R8 Coupe 2012, a type of car."
./data/synthetic/synthetic_data_b/EuroSAT_Syn/256.jpeg,a photo of a dough.
./data/synthetic/synthetic_data_b/EuroSAT_Syn/257.jpeg,"a photo of a ravioli, a type of food."
./data/synthetic/synthetic_data_b/EuroSAT_Syn/258.jpeg,a photo of a bison.
./data/synthetic/synthetic_data_b/EuroSAT_Syn/259.jpeg,a photo of a Mexican hairless dog (xoloitzcuintli).
./data/synthetic/synthetic_data_b/EuroSAT_Syn/260.jpeg,"a photo of a gyoza, a type of food."
./data/synthetic/synthetic_data_b/EuroSAT_Syn/261.jpeg,a photo of a taxicab.
./data/synthetic/synthetic_data_b/EuroSAT_Syn/262.jpeg,"a photo of a siam tulip, a type of flower."
./data/synthetic/synthetic_data_b/EuroSAT_Syn/263.jpeg,a photo of a padlock.
./data/synthetic/synthetic_data_b/EuroSAT_Syn/264.jpeg,a photo of a black grouse.
./data/synthetic/synthetic_data_b/EuroSAT_Syn/265.jpeg,"a photo of a Saint Bernard, a type of pet."
./data/synthetic/synthetic_data_b/EuroSAT_Syn/266.jpeg,a photo of a Maltese.
./data/synthetic/synthetic_data_b/EuroSAT_Syn/267.jpeg,"a photo of a CRJ-200, a type of aircraft."
./data/synthetic/synthetic_data_b/EuroSAT_Syn/268.jpeg,a photo of a pond.
./data/synthetic/synthetic_data_b/EuroSAT_Syn/269.jpeg,a photo of a playground.
./data/synthetic/synthetic_data_b/EuroSAT_Syn/270.jpeg,"a photo of a Dodge Challenger SRT8 2011, a type of car."
./data/synthetic/synthetic_data_b/EuroSAT_Syn/271.jpeg,a photo of a prairie grouse.
./data/synthetic/synthetic_data_b/EuroSAT_Syn/272.jpeg,"a photo of a Gulfstream IV, a type of aircraft."
./data/synthetic/synthetic_data_b/EuroSAT_Syn/273.jpeg,a photo of a coucal.
./data/synthetic/synthetic_data_b/EuroSAT_Syn/274.jpeg,"a photo of a waffles, a type of food."
./data/synthetic/synthetic_data_b/EuroSAT_Syn/275.jpeg,a photo of a clothing store.
./data/synthetic/synthetic_data_b/EuroSAT_Syn/276.jpeg,a photo of a field/wild.
./data/synthetic/synthetic_data_b/EuroSAT_Syn/277.jpeg,"a photo of a English Setter, a type of pet."
./data/synthetic/synthetic_data_b/EuroSAT_Syn/278.jpeg,a photo of a academic gown.
./data/synthetic/synthetic_data_b/EuroSAT_Syn/279.jpeg,a photo of a laptop.
./data/synthetic/synthetic_data_b/EuroSAT_Syn/280.jpeg,a photo of a analog clock.
./data/synthetic/synthetic_data_b/EuroSAT_Syn/281.jpeg,a photo of a swing.
./data/synthetic/synthetic_data_b/EuroSAT_Syn/282.jpeg,"a photo of a love in the mist, a type of flower."
./data/synthetic/synthetic_data_b/EuroSAT_Syn/283.jpeg,a photo of a tick.
./data/synthetic/synthetic_data_b/EuroSAT_Syn/284.jpeg,a photo of a gauzy texture.
./data/synthetic/synthetic_data_b/EuroSAT_Syn/285.jpeg,"a photo of a marigold, a type of flower."
./data/synthetic/synthetic_data_b/EuroSAT_Syn/286.jpeg,a photo of a obelisk.
./data/synthetic/synthetic_data_b/EuroSAT_Syn/287.jpeg,"a photo of a deviled eggs, a type of food."
./data/synthetic/synthetic_data_b/EuroSAT_Syn/288.jpeg,a photo of a batters box.
./data/synthetic/synthetic_data_b/EuroSAT_Syn/289.jpeg,a photo of a sushi bar.
./data/synthetic/synthetic_data_b/EuroSAT_Syn/290.jpeg,a photo of a stopwatch.
./data/synthetic/synthetic_data_b/EuroSAT_Syn/291.jpeg,a photo of a trilobite.
./data/synthetic/synthetic_data_b/EuroSAT_Syn/292.jpeg,a photo of a fly.
./data/synthetic/synthetic_data_b/EuroSAT_Syn/293.jpeg,a photo of a hot tub.
./data/synthetic/synthetic_data_b/EuroSAT_Syn/294.jpeg,"a photo of a Scion xD Hatchback 2012, a type of car."
./data/synthetic/synthetic_data_b/EuroSAT_Syn/295.jpeg,"a photo of a Dodge Ram Pickup 3500 Quad Cab 2009, a type of car."
./data/synthetic/synthetic_data_b/EuroSAT_Syn/296.jpeg,a photo of a Dandie Dinmont Terrier.
./data/synthetic/synthetic_data_b/EuroSAT_Syn/297.jpeg,"a photo of a chocolate cake, a type of food."
./data/synthetic/synthetic_data_b/EuroSAT_Syn/298.jpeg,a photo of a iceberg.
./data/synthetic/synthetic_data_b/EuroSAT_Syn/299.jpeg,a photo of a consomme.
./data/synthetic/synthetic_data_b/EuroSAT_Syn/300.jpeg,a photo of a proboscis monkey.
./data/synthetic/synthetic_data_b/EuroSAT_Syn/301.jpeg,a photo of a giant panda.
./data/synthetic/synthetic_data_b/EuroSAT_Syn/302.jpeg,"a photo of a ruby-lipped cattleya, a type of flower."
./data/synthetic/synthetic_data_b/EuroSAT_Syn/303.jpeg,"a photo of a GMC Yukon Hybrid SUV 2012, a type of car."
./data/synthetic/synthetic_data_b/EuroSAT_Syn/304.jpeg,a photo of a African wild dog.
./data/synthetic/synthetic_data_b/EuroSAT_Syn/305.jpeg,a photo of a motorbike.
./data/synthetic/synthetic_data_b/EuroSAT_Syn/306.jpeg,a photo of a rice paddy.
./data/synthetic/synthetic_data_b/EuroSAT_Syn/307.jpeg,a photo of a toaster.
./data/synthetic/synthetic_data_b/EuroSAT_Syn/308.jpeg,"a photo of a toad lily, a type of flower."
./data/synthetic/synthetic_data_b/EuroSAT_Syn/309.jpeg,a photo of a cockroach.
./data/synthetic/synthetic_data_b/EuroSAT_Syn/310.jpeg,"a photo of a french fries, a type of food."
./data/synthetic/synthetic_data_b/EuroSAT_Syn/311.jpeg,a photo of a marbled texture.
./data/synthetic/synthetic_data_b/EuroSAT_Syn/312.jpeg,"a photo of a dumplings, a type of food."
./data/synthetic/synthetic_data_b/EuroSAT_Syn/313.jpeg,a photo of a slum.
./data/synthetic/synthetic_data_b/EuroSAT_Syn/314.jpeg,"a photo of a scallops, a type of food."
./data/synthetic/synthetic_data_b/EuroSAT_Syn/315.jpeg,a photo of a stage.
./data/synthetic/synthetic_data_b/EuroSAT_Syn/316.jpeg,a photo of a nursery.
./data/synthetic/synthetic_data_b/EuroSAT_Syn/317.jpeg,a photo of a igloo.
./data/synthetic/synthetic_data_b/EuroSAT_Syn/318.jpeg,"a photo of a BMW 3 Series Wagon 2012, a type of car."
./data/synthetic/synthetic_data_b/EuroSAT_Syn/319.jpeg,"a photo of a 747-400, a type of aircraft."
./data/synthetic/synthetic_data_b/EuroSAT_Syn/320.jpeg,a photo of a potter's wheel.
./data/synthetic/synthetic_data_b/EuroSAT_Syn/321.jpeg,a photo of a tarantula.
./data/synthetic/synthetic_data_b/EuroSAT_Syn/322.jpeg,a photo of a rifle.
./data/synthetic/synthetic_data_b/EuroSAT_Syn/323.jpeg,a photo of a banded texture.
./data/synthetic/synthetic_data_b/EuroSAT_Syn/324.jpeg,a photo of a tripod.
./data/synthetic/synthetic_data_b/EuroSAT_Syn/325.jpeg,"a photo of a Eurofighter Typhoon, a type of aircraft."
./data/synthetic/synthetic_data_b/EuroSAT_Syn/326.jpeg,"a photo of a Eagle Talon Hatchback 1998, a type of car."
./data/synthetic/synthetic_data_b/EuroSAT_Syn/327.jpeg,a photo of a stable.
./data/synthetic/synthetic_data_b/EuroSAT_Syn/328.jpeg,a photo of a French Bulldog.
./data/synthetic/synthetic_data_b/EuroSAT_Syn/329.jpeg,a photo of a through arch bridge.
./data/synthetic/synthetic_data_b/EuroSAT_Syn/330.jpeg,a photo of a beach.
./data/synthetic/synthetic_data_b/EuroSAT_Syn/331.jpeg,"a photo of a Challenger 600, a type of aircraft."
./data/synthetic/synthetic_data_b/EuroSAT_Syn/332.jpeg,a photo of a iPod.
./data/synthetic/synthetic_data_b/EuroSAT_Syn/333.jpeg,a photo of a rapeseed.
./data/synthetic/synthetic_data_b/EuroSAT_Syn/334.jpeg,a photo of a knot.
./data/synthetic/synthetic_data_b/EuroSAT_Syn/335.jpeg,"a photo of a edamame, a type of food."
./data/synthetic/synthetic_data_b/EuroSAT_Syn/336.jpeg,a photo of a subway station/platform.
./data/synthetic/synthetic_data_b/EuroSAT_Syn/337.jpeg,a photo of a market/outdoor.
./data/synthetic/synthetic_data_b/EuroSAT_Syn/338.jpeg,"a photo of the number: ""8 - eight""."
./data/synthetic/synthetic_data_b/EuroSAT_Syn/339.jpeg,a photo of a Pembroke Welsh Corgi.
./data/synthetic/synthetic_data_b/EuroSAT_Syn/340.jpeg,a photo of a submarine.
./data/synthetic/synthetic_data_b/EuroSAT_Syn/341.jpeg,a photo of a motel.
./data/synthetic/synthetic_data_b/EuroSAT_Syn/342.jpeg,"a photo of a Dodge Durango SUV 2012, a type of car."
./data/synthetic/synthetic_data_b/EuroSAT_Syn/343.jpeg,"a photo of a Rolls-Royce Ghost Sedan 2012, a type of car."
./data/synthetic/synthetic_data_b/EuroSAT_Syn/344.jpeg,a photo of a missile.
./data/synthetic/synthetic_data_b/EuroSAT_Syn/345.jpeg,"a photo of a Cadillac CTS-V Sedan 2012, a type of car."
./data/synthetic/synthetic_data_b/EuroSAT_Syn/346.jpeg,a photo of a espresso.
./data/synthetic/synthetic_data_b/EuroSAT_Syn/347.jpeg,a photo of a lake/natural.
./data/synthetic/synthetic_data_b/EuroSAT_Syn/348.jpeg,a photo of a promontory.
./data/synthetic/synthetic_data_b/EuroSAT_Syn/349.jpeg,a photo of a bulletproof vest.
./data/synthetic/synthetic_data_b/EuroSAT_Syn/350.jpeg,a photo of a kimono.
./data/synthetic/synthetic_data_b/EuroSAT_Syn/351.jpeg,a photo of a sewing machine.
./data/synthetic/synthetic_data_b/EuroSAT_Syn/352.jpeg,a photo of a snail.
./data/synthetic/synthetic_data_b/EuroSAT_Syn/353.jpeg,"a photo of a Acura Integra Type R 2001, a type of car."
./data/synthetic/synthetic_data_b/EuroSAT_Syn/354.jpeg,"a photo of a pho, a type of food."
./data/synthetic/synthetic_data_b/EuroSAT_Syn/355.jpeg,"a photo of a DHC-1, a type of aircraft."
./data/synthetic/synthetic_data_b/EuroSAT_Syn/356.jpeg,a photo of a gramophone.
./data/synthetic/synthetic_data_b/EuroSAT_Syn/357.jpeg,a photo of a swamp.
./data/synthetic/synthetic_data_b/EuroSAT_Syn/358.jpeg,a photo of a podium/indoor.
./data/synthetic/synthetic_data_b/EuroSAT_Syn/359.jpeg,a photo of a Chihuahua.
./data/synthetic/synthetic_data_b/EuroSAT_Syn/360.jpeg,a photo of a stove.
./data/synthetic/synthetic_data_b/EuroSAT_Syn/361.jpeg,a photo of a military uniform.
./data/synthetic/synthetic_data_b/EuroSAT_Syn/362.jpeg,"a photo of a GMC Terrain SUV 2012, a type of car."
./data/synthetic/synthetic_data_b/EuroSAT_Syn/363.jpeg,a photo of a flute.
./data/synthetic/synthetic_data_b/EuroSAT_Syn/364.jpeg,a photo of a rock crab.
./data/synthetic/synthetic_data_b/EuroSAT_Syn/365.jpeg,"a photo of a Chevrolet Camaro Convertible 2012, a type of car."
./data/synthetic/synthetic_data_b/EuroSAT_Syn/366.jpeg,"a photo of a Hyundai Sonata Sedan 2012, a type of car."
./data/synthetic/synthetic_data_b/EuroSAT_Syn/367.jpeg,a photo of a pill bottle.
./data/synthetic/synthetic_data_b/EuroSAT_Syn/368.jpeg,a photo of a Whippet.
./data/synthetic/synthetic_data_b/EuroSAT_Syn/369.jpeg,a photo of a hawksbill.
./data/synthetic/synthetic_data_b/EuroSAT_Syn/370.jpeg,a photo of a ptarmigan.
./data/synthetic/synthetic_data_b/EuroSAT_Syn/371.jpeg,a photo of a Briard.
./data/synthetic/synthetic_data_b/EuroSAT_Syn/372.jpeg,a photo of a warthog.
./data/synthetic/synthetic_data_b/EuroSAT_Syn/373.jpeg,"a photo of a shrimp and grits, a type of food."
./data/synthetic/synthetic_data_b/EuroSAT_Syn/374.jpeg,"a photo of a clam chowder, a type of food."
./data/synthetic/synthetic_data_b/EuroSAT_Syn/375.jpeg,a photo of a Chow Chow.
./data/synthetic/synthetic_data_b/EuroSAT_Syn/376.jpeg,a photo of a library/indoor.
./data/synthetic/synthetic_data_b/EuroSAT_Syn/377.jpeg,a photo of a batters box.
./data/synthetic/synthetic_data_b/EuroSAT_Syn/378.jpeg,a photo of a siamang.
./data/synthetic/synthetic_data_b/EuroSAT_Syn/379.jpeg,a photo of a hangar/outdoor.
./data/synthetic/synthetic_data_b/EuroSAT_Syn/380.jpeg,a photo of a golf cart.
./data/synthetic/synthetic_data_b/EuroSAT_Syn/381.jpeg,a photo of a red wine.
./data/synthetic/synthetic_data_b/EuroSAT_Syn/382.jpeg,a photo of a brass memorial plaque.
./data/synthetic/synthetic_data_b/EuroSAT_Syn/383.jpeg,a photo of a chequered texture.
./data/synthetic/synthetic_data_b/EuroSAT_Syn/384.jpeg,a photo of a bell or wind chime.
./data/synthetic/synthetic_data_b/EuroSAT_Syn/385.jpeg,"a photo of a BMW X5 SUV 2007, a type of car."
./data/synthetic/synthetic_data_b/EuroSAT_Syn/386.jpeg,a photo of a sunflower.
./data/synthetic/synthetic_data_b/EuroSAT_Syn/387.jpeg,a photo of a siamang.
./data/synthetic/synthetic_data_b/EuroSAT_Syn/388.jpeg,a photo of a lakeshore.
./data/synthetic/synthetic_data_b/EuroSAT_Syn/389.jpeg,a photo of a cliff dwelling.
./data/synthetic/synthetic_data_b/EuroSAT_Syn/390.jpeg,"a photo of a scallops, a type of food."
./data/synthetic/synthetic_data_b/EuroSAT_Syn/391.jpeg,"a photo of a english marigold, a type of flower."
./data/synthetic/synthetic_data_b/EuroSAT_Syn/392.jpeg,a photo of a field/cultivated.
./data/synthetic/synthetic_data_b/EuroSAT_Syn/393.jpeg,a photo of a red wine.
./data/synthetic/synthetic_data_b/EuroSAT_Syn/394.jpeg,a photo of a poolroom/home.
./data/synthetic/synthetic_data_b/EuroSAT_Syn/395.jpeg,a photo of a wall clock.
./data/synthetic/synthetic_data_b/EuroSAT_Syn/396.jpeg,a photo of a hand-held computer.
./data/synthetic/synthetic_data_b/EuroSAT_Syn/397.jpeg,a photo of a lighthouse.
./data/synthetic/synthetic_data_b/EuroSAT_Syn/398.jpeg,a photo of a pickup truck.
./data/synthetic/synthetic_data_b/EuroSAT_Syn/399.jpeg,a photo of a hot tub.
./data/synthetic/synthetic_data_b/EuroSAT_Syn/400.jpeg,"a photo of a HUMMER H2 SUT Crew Cab 2009, a type of car."
./data/synthetic/synthetic_data_b/EuroSAT_Syn/401.jpeg,a photo of a throne room.
./data/synthetic/synthetic_data_b/EuroSAT_Syn/402.jpeg,a photo of a limousine interior.
./data/synthetic/synthetic_data_b/EuroSAT_Syn/403.jpeg,"a photo of a Bentley Continental GT Coupe 2012, a type of car."
./data/synthetic/synthetic_data_b/EuroSAT_Syn/404.jpeg,a photo of a Old English Sheepdog.
./data/synthetic/synthetic_data_b/EuroSAT_Syn/405.jpeg,a photo of a minaret.
./data/synthetic/synthetic_data_b/EuroSAT_Syn/406.jpeg,a photo of a chalet.
./data/synthetic/synthetic_data_b/EuroSAT_Syn/407.jpeg,a photo of a broom.
./data/synthetic/synthetic_data_b/EuroSAT_Syn/408.jpeg,"a photo of a waffles, a type of food."
./data/synthetic/synthetic_data_b/EuroSAT_Syn/409.jpeg,a photo of a pub/indoor.
./data/synthetic/synthetic_data_b/EuroSAT_Syn/410.jpeg,a photo of a leopard.
./data/synthetic/synthetic_data_b/EuroSAT_Syn/411.jpeg,"a photo of a Aston Martin Virage Convertible 2012, a type of car."
./data/synthetic/synthetic_data_b/EuroSAT_Syn/412.jpeg,"a photo of a Hyundai Sonata Sedan 2012, a type of car."
./data/synthetic/synthetic_data_b/EuroSAT_Syn/413.jpeg,a photo of a harmonica.
./data/synthetic/synthetic_data_b/EuroSAT_Syn/414.jpeg,a photo of a basketball court/outdoor.
./data/synthetic/synthetic_data_b/EuroSAT_Syn/415.jpeg,a photo of a motorbike.
./data/synthetic/synthetic_data_b/EuroSAT_Syn/416.jpeg,a photo of a bowling alley.
./data/synthetic/synthetic_data_b/EuroSAT_Syn/417.jpeg,"a photo of a nachos, a type of food."
./data/synthetic/synthetic_data_b/EuroSAT_Syn/418.jpeg,a photo of a partridge.
./data/synthetic/synthetic_data_b/EuroSAT_Syn/419.jpeg,a photo of a dowitcher.
./data/synthetic/synthetic_data_b/EuroSAT_Syn/420.jpeg,a photo of a Schipperke.
./data/synthetic/synthetic_data_b/EuroSAT_Syn/421.jpeg,a photo of a baseball player.
./data/synthetic/synthetic_data_b/EuroSAT_Syn/422.jpeg,"a photo of a BMW X3 SUV 2012, a type of car."
./data/synthetic/synthetic_data_b/EuroSAT_Syn/423.jpeg,a photo of a diner/outdoor.
./data/synthetic/synthetic_data_b/EuroSAT_Syn/424.jpeg,"a photo of a pad thai, a type of food."
./data/synthetic/synthetic_data_b/EuroSAT_Syn/425.jpeg,a photo of a basketball court/outdoor.
./data/synthetic/synthetic_data_b/EuroSAT_Syn/426.jpeg,a photo of a cleaver.
./data/synthetic/synthetic_data_b/EuroSAT_Syn/427.jpeg,a photo of a tea cup.
./data/synthetic/synthetic_data_b/EuroSAT_Syn/428.jpeg,a photo of a underwater/coral reef.
./data/synthetic/synthetic_data_b/EuroSAT_Syn/429.jpeg,a photo of a engine room.
./data/synthetic/synthetic_data_b/EuroSAT_Syn/430.jpeg,a photo of a tailed frog.
./data/synthetic/synthetic_data_b/EuroSAT_Syn/431.jpeg,a photo of a formal garden.
./data/synthetic/synthetic_data_b/EuroSAT_Syn/432.jpeg,"a photo of a Buick Regal GS 2012, a type of car."
./data/synthetic/synthetic_data_b/EuroSAT_Syn/433.jpeg,"a photo of a falafel, a type of food."
./data/synthetic/synthetic_data_b/EuroSAT_Syn/434.jpeg,a photo of a siamang.
./data/synthetic/synthetic_data_b/EuroSAT_Syn/435.jpeg,a photo of a pot pie.
./data/synthetic/synthetic_data_b/EuroSAT_Syn/436.jpeg,"a photo of a chocolate mousse, a type of food."
./data/synthetic/synthetic_data_b/EuroSAT_Syn/437.jpeg,a photo of a toilet seat.
./data/synthetic/synthetic_data_b/EuroSAT_Syn/438.jpeg,a photo of a minivan.
./data/synthetic/synthetic_data_b/EuroSAT_Syn/439.jpeg,a photo of a theater/indoor procenium.
./data/synthetic/synthetic_data_b/EuroSAT_Syn/440.jpeg,"a photo of the number: ""2 - two""."
./data/synthetic/synthetic_data_b/EuroSAT_Syn/441.jpeg,a photo of a landing deck.
./data/synthetic/synthetic_data_b/EuroSAT_Syn/442.jpeg,a photo of a bustard.
./data/synthetic/synthetic_data_b/EuroSAT_Syn/443.jpeg,"a photo of a Geo Metro Convertible 1993, a type of car."
./data/synthetic/synthetic_data_b/EuroSAT_Syn/444.jpeg,a photo of a sea urchin.
./data/synthetic/synthetic_data_b/EuroSAT_Syn/445.jpeg,a photo of a panda.
./data/synthetic/synthetic_data_b/EuroSAT_Syn/446.jpeg,"a photo of a MD-80, a type of aircraft."
./data/synthetic/synthetic_data_b/EuroSAT_Syn/447.jpeg,a photo of a mountain snowy.
./data/synthetic/synthetic_data_b/EuroSAT_Syn/448.jpeg,"a photo of a balloon flower, a type of flower."
./data/synthetic/synthetic_data_b/EuroSAT_Syn/449.jpeg,a photo of a pond.
./data/synthetic/synthetic_data_b/EuroSAT_Syn/450.jpeg,a photo of a apron.
./data/synthetic/synthetic_data_b/EuroSAT_Syn/451.jpeg,a photo of a minivan.
./data/synthetic/synthetic_data_b/EuroSAT_Syn/452.jpeg,"a photo of a Chevrolet Silverado 2500HD Regular Cab 2012, a type of car."
./data/synthetic/synthetic_data_b/EuroSAT_Syn/453.jpeg,a photo of a pleated texture.
./data/synthetic/synthetic_data_b/EuroSAT_Syn/454.jpeg,a photo of a red wolf or maned wolf.
./data/synthetic/synthetic_data_b/EuroSAT_Syn/455.jpeg,"a photo of a mexican petunia, a type of flower."
./data/synthetic/synthetic_data_b/EuroSAT_Syn/456.jpeg,a photo of a pilothouse/indoor.
./data/synthetic/synthetic_data_b/EuroSAT_Syn/457.jpeg,"a photo of a Shiba Inu, a type of pet."
./data/synthetic/synthetic_data_b/EuroSAT_Syn/458.jpeg,"a photo of a 747-400, a type of aircraft."
./data/synthetic/synthetic_data_b/EuroSAT_Syn/459.jpeg,a photo of a conch.
./data/synthetic/synthetic_data_b/EuroSAT_Syn/460.jpeg,a photo of a Irish Setter.
./data/synthetic/synthetic_data_b/EuroSAT_Syn/461.jpeg,a photo of a racket.
./data/synthetic/synthetic_data_b/EuroSAT_Syn/462.jpeg,a photo of a vegetable garden.
./data/synthetic/synthetic_data_b/EuroSAT_Syn/463.jpeg,a photo of a flagpole.
./data/synthetic/synthetic_data_b/EuroSAT_Syn/464.jpeg,a photo of a house finch.
./data/synthetic/synthetic_data_b/EuroSAT_Syn/465.jpeg,a photo of a ice cream parlor.
./data/synthetic/synthetic_data_b/EuroSAT_Syn/466.jpeg,a photo of a stage.
./data/synthetic/synthetic_data_b/EuroSAT_Syn/467.jpeg,"a photo of a hot dog, a type of food."
./data/synthetic/synthetic_data_b/EuroSAT_Syn/468.jpeg,"a photo of a shrimp and grits, a type of food."
./data/synthetic/synthetic_data_b/EuroSAT_Syn/469.jpeg,a photo of a marmot.
./data/synthetic/synthetic_data_b/EuroSAT_Syn/470.jpeg,a photo of a bookcase.
./data/synthetic/synthetic_data_b/EuroSAT_Syn/471.jpeg,a photo of a maze.
./data/synthetic/synthetic_data_b/EuroSAT_Syn/472.jpeg,"a photo of a Audi S4 Sedan 2012, a type of car."
./data/synthetic/synthetic_data_b/EuroSAT_Syn/473.jpeg,a photo of a dining table.
./data/synthetic/synthetic_data_b/EuroSAT_Syn/474.jpeg,a photo of a market/outdoor.
./data/synthetic/synthetic_data_b/EuroSAT_Syn/475.jpeg,"a photo of a American Bulldog, a type of pet."
./data/synthetic/synthetic_data_b/EuroSAT_Syn/476.jpeg,"a photo of a 737-600, a type of aircraft."
./data/synthetic/synthetic_data_b/EuroSAT_Syn/477.jpeg,a photo of a butterfly.
./data/synthetic/synthetic_data_b/EuroSAT_Syn/478.jpeg,a photo of a electric guitar.
./data/synthetic/synthetic_data_b/EuroSAT_Syn/479.jpeg,"a photo of a Chevrolet TrailBlazer SS 2009, a type of car."
./data/synthetic/synthetic_data_b/EuroSAT_Syn/480.jpeg,a photo of a pencil sharpener.
./data/synthetic/synthetic_data_b/EuroSAT_Syn/481.jpeg,"a photo of a Staffordshire Bull Terrier, a type of pet."
./data/synthetic/synthetic_data_b/EuroSAT_Syn/482.jpeg,"a photo of a Land Rover LR2 SUV 2012, a type of car."
./data/synthetic/synthetic_data_b/EuroSAT_Syn/483.jpeg,a photo of a spatula.
./data/synthetic/synthetic_data_b/EuroSAT_Syn/484.jpeg,a photo of a ox.
./data/synthetic/synthetic_data_b/EuroSAT_Syn/485.jpeg,a photo of a nursery.
./data/synthetic/synthetic_data_b/EuroSAT_Syn/486.jpeg,a photo of a bow window/outdoor.
./data/synthetic/synthetic_data_b/EuroSAT_Syn/487.jpeg,a photo of a projector.
./data/synthetic/synthetic_data_b/EuroSAT_Syn/488.jpeg,a photo of a galley.
./data/synthetic/synthetic_data_b/EuroSAT_Syn/489.jpeg,a photo of a cloister/indoor.
./data/synthetic/synthetic_data_b/EuroSAT_Syn/490.jpeg,a photo of a traffic or street sign.
./data/synthetic/synthetic_data_b/EuroSAT_Syn/491.jpeg,a photo of a peafowl.
./data/synthetic/synthetic_data_b/EuroSAT_Syn/492.jpeg,a photo of a hummingbird.
./data/synthetic/synthetic_data_b/EuroSAT_Syn/493.jpeg,a photo of a cabbage.
./data/synthetic/synthetic_data_b/EuroSAT_Syn/494.jpeg,a photo of a three-toed sloth.
./data/synthetic/synthetic_data_b/EuroSAT_Syn/495.jpeg,"a photo of a Challenger 600, a type of aircraft."
./data/synthetic/synthetic_data_b/EuroSAT_Syn/496.jpeg,a photo of a space shuttle.
./data/synthetic/synthetic_data_b/EuroSAT_Syn/497.jpeg,"a photo of a Chevrolet Malibu Sedan 2007, a type of car."
./data/synthetic/synthetic_data_b/EuroSAT_Syn/498.jpeg,a photo of a oxygen mask.
./data/synthetic/synthetic_data_b/EuroSAT_Syn/499.jpeg,a photo of a West Highland White Terrier.
./data/synthetic/synthetic_data_b/EuroSAT_Syn/500.jpeg,a photo of a ice floe.
./data/synthetic/synthetic_data_b/EuroSAT_Syn/501.jpeg,a photo of a sandbar.
./data/synthetic/synthetic_data_b/EuroSAT_Syn/502.jpeg,"a photo of a Chevrolet Cobalt SS 2010, a type of car."
./data/synthetic/synthetic_data_b/EuroSAT_Syn/503.jpeg,a photo of a jigsaw puzzle.
./data/synthetic/synthetic_data_b/EuroSAT_Syn/504.jpeg,a photo of a three-toed sloth.
./data/synthetic/synthetic_data_b/EuroSAT_Syn/505.jpeg,a photo of a boxing ring.
./data/synthetic/synthetic_data_b/EuroSAT_Syn/506.jpeg,a photo of a paintbrush.
./data/synthetic/synthetic_data_b/EuroSAT_Syn/507.jpeg,a photo of a automated teller machine.
./data/synthetic/synthetic_data_b/EuroSAT_Syn/508.jpeg,a photo of a garter snake.
./data/synthetic/synthetic_data_b/EuroSAT_Syn/509.jpeg,a photo of a subway interior.
./data/synthetic/synthetic_data_b/EuroSAT_Syn/510.jpeg,"a photo of a 757-300, a type of aircraft."
./data/synthetic/synthetic_data_b/EuroSAT_Syn/511.jpeg,a photo of a scorpion.
./data/synthetic/synthetic_data_b/EuroSAT_Syn/512.jpeg,a photo of a CD player.
./data/synthetic/synthetic_data_b/EuroSAT_Syn/513.jpeg,a photo of a traffic or street sign.
./data/synthetic/synthetic_data_b/EuroSAT_Syn/514.jpeg,a photo of a stupa.
./data/synthetic/synthetic_data_b/EuroSAT_Syn/515.jpeg,a photo of a schooner.
./data/synthetic/synthetic_data_b/EuroSAT_Syn/516.jpeg,"a photo of a Dodge Dakota Club Cab 2007, a type of car."
./data/synthetic/synthetic_data_b/EuroSAT_Syn/517.jpeg,"a photo of a Spyker C8 Coupe 2009, a type of car."
./data/synthetic/synthetic_data_b/EuroSAT_Syn/518.jpeg,a photo of a scorpion.
./data/synthetic/synthetic_data_b/EuroSAT_Syn/519.jpeg,a photo of a covered bridge/exterior.
./data/synthetic/synthetic_data_b/EuroSAT_Syn/520.jpeg,a photo of a dishcloth.
./data/synthetic/synthetic_data_b/EuroSAT_Syn/521.jpeg,a photo of a shower.
./data/synthetic/synthetic_data_b/EuroSAT_Syn/522.jpeg,a photo of a table lamp.
./data/synthetic/synthetic_data_b/EuroSAT_Syn/523.jpeg,a photo of a vacuum cleaner.
./data/synthetic/synthetic_data_b/EuroSAT_Syn/524.jpeg,"a photo of a McLaren MP4-12C Coupe 2012, a type of car."
./data/synthetic/synthetic_data_b/EuroSAT_Syn/525.jpeg,a photo of a sarong.
./data/synthetic/synthetic_data_b/EuroSAT_Syn/526.jpeg,a photo of a parking garage/outdoor.
./data/synthetic/synthetic_data_b/EuroSAT_Syn/527.jpeg,a photo of a plant pot.
./data/synthetic/synthetic_data_b/EuroSAT_Syn/528.jpeg,a photo of a living room.
./data/synthetic/synthetic_data_b/EuroSAT_Syn/529.jpeg,a photo of a holster.
./data/synthetic/synthetic_data_b/EuroSAT_Syn/530.jpeg,a photo of a chambered nautilus.
./data/synthetic/synthetic_data_b/EuroSAT_Syn/531.jpeg,"a photo of a Toyota 4Runner SUV 2012, a type of car."
./data/synthetic/synthetic_data_b/EuroSAT_Syn/532.jpeg,"a photo of a Chevrolet Malibu Sedan 2007, a type of car."
./data/synthetic/synthetic_data_b/EuroSAT_Syn/533.jpeg,a photo of a pot pie.
./data/synthetic/synthetic_data_b/EuroSAT_Syn/534.jpeg,"a photo of a 737-400, a type of aircraft."
./data/synthetic/synthetic_data_b/EuroSAT_Syn/535.jpeg,"a photo of a Audi 100 Wagon 1994, a type of car."
./data/synthetic/synthetic_data_b/EuroSAT_Syn/536.jpeg,a photo of a butchers shop.
./data/synthetic/synthetic_data_b/EuroSAT_Syn/537.jpeg,"a photo of a A380, a type of aircraft."
./data/synthetic/synthetic_data_b/EuroSAT_Syn/538.jpeg,a photo of a hartebeest.
./data/synthetic/synthetic_data_b/EuroSAT_Syn/539.jpeg,a photo of a agama.
./data/synthetic/synthetic_data_b/EuroSAT_Syn/540.jpeg,"a photo of a Fokker 50, a type of aircraft."
./data/synthetic/synthetic_data_b/EuroSAT_Syn/541.jpeg,a photo of a electric fan.
./data/synthetic/synthetic_data_b/EuroSAT_Syn/542.jpeg,"a photo of a Japanese Chin, a type of pet."
./data/synthetic/synthetic_data_b/EuroSAT_Syn/543.jpeg,a photo of a heliport.
./data/synthetic/synthetic_data_b/EuroSAT_Syn/544.jpeg,a photo of a trench coat.
./data/synthetic/synthetic_data_b/EuroSAT_Syn/545.jpeg,a photo of a delicatessen.
./data/synthetic/synthetic_data_b/EuroSAT_Syn/546.jpeg,a photo of a power plant/outdoor.
./data/synthetic/synthetic_data_b/EuroSAT_Syn/547.jpeg,"a photo of a Buick Enclave SUV 2012, a type of car."
./data/synthetic/synthetic_data_b/EuroSAT_Syn/548.jpeg,a photo of a meerkat.
./data/synthetic/synthetic_data_b/EuroSAT_Syn/549.jpeg,a photo of a eel.
./data/synthetic/synthetic_data_b/EuroSAT_Syn/550.jpeg,a photo of a Appenzeller Sennenhund.
./data/synthetic/synthetic_data_b/EuroSAT_Syn/551.jpeg,a photo of a Irish Setter.
./data/synthetic/synthetic_data_b/EuroSAT_Syn/552.jpeg,"a photo of a giant white arum lily, a type of flower."
./data/synthetic/synthetic_data_b/EuroSAT_Syn/553.jpeg,a photo of a dough.
./data/synthetic/synthetic_data_b/EuroSAT_Syn/554.jpeg,"a photo of a MD-11, a type of aircraft."
./data/synthetic/synthetic_data_b/EuroSAT_Syn/555.jpeg,a photo of a amusement arcade.
./data/synthetic/synthetic_data_b/EuroSAT_Syn/556.jpeg,a photo of a Norwich Terrier.
./data/synthetic/synthetic_data_b/EuroSAT_Syn/557.jpeg,a photo of a kite (bird of prey).
./data/synthetic/synthetic_data_b/EuroSAT_Syn/558.jpeg,"a photo of a Bentley Continental Supersports Conv. Convertible 2012, a type of car."
./data/synthetic/synthetic_data_b/EuroSAT_Syn/559.jpeg,a photo of a lined texture.
./data/synthetic/synthetic_data_b/EuroSAT_Syn/560.jpeg,a photo of a cottage garden.
./data/synthetic/synthetic_data_b/EuroSAT_Syn/561.jpeg,"a photo of a fried calamari, a type of food."
./data/synthetic/synthetic_data_b/EuroSAT_Syn/562.jpeg,a photo of a gazebo/exterior.
./data/synthetic/synthetic_data_b/EuroSAT_Syn/563.jpeg,a photo of a campus.
./data/synthetic/synthetic_data_b/EuroSAT_Syn/564.jpeg,a photo of a drum.
./data/synthetic/synthetic_data_b/EuroSAT_Syn/565.jpeg,a photo of a Redbone Coonhound.
./data/synthetic/synthetic_data_b/EuroSAT_Syn/566.jpeg,a photo of a police van.
./data/synthetic/synthetic_data_b/EuroSAT_Syn/567.jpeg,"a photo of a Chevrolet Malibu Hybrid Sedan 2010, a type of car."
./data/synthetic/synthetic_data_b/EuroSAT_Syn/568.jpeg,a photo of a padlock.
./data/synthetic/synthetic_data_b/EuroSAT_Syn/569.jpeg,a photo of a interlaced texture.
./data/synthetic/synthetic_data_b/EuroSAT_Syn/570.jpeg,a photo of a revolver.
./data/synthetic/synthetic_data_b/EuroSAT_Syn/571.jpeg,"a photo of a wallflower, a type of flower."
./data/synthetic/synthetic_data_b/EuroSAT_Syn/572.jpeg,"a photo of a Falcon 2000, a type of aircraft."
./data/synthetic/synthetic_data_b/EuroSAT_Syn/573.jpeg,a photo of a drilling rig.
./data/synthetic/synthetic_data_b/EuroSAT_Syn/574.jpeg,a photo of a chimpanzee.
./data/synthetic/synthetic_data_b/EuroSAT_Syn/575.jpeg,"a photo of the number: ""2 - two""."
./data/synthetic/synthetic_data_b/EuroSAT_Syn/576.jpeg,a photo of a slum.
./data/synthetic/synthetic_data_b/EuroSAT_Syn/577.jpeg,a photo of a greenhouse.
./data/synthetic/synthetic_data_b/EuroSAT_Syn/578.jpeg,"a photo of a Chevrolet Malibu Hybrid Sedan 2010, a type of car."
./data/synthetic/synthetic_data_b/EuroSAT_Syn/579.jpeg,a photo of a cardboard box / carton.
./data/synthetic/synthetic_data_b/EuroSAT_Syn/580.jpeg,"a photo of a scallops, a type of food."
./data/synthetic/synthetic_data_b/EuroSAT_Syn/581.jpeg,a photo of a American Staffordshire Terrier.
./data/synthetic/synthetic_data_b/EuroSAT_Syn/582.jpeg,a photo of a crutch.
./data/synthetic/synthetic_data_b/EuroSAT_Syn/583.jpeg,a photo of a banded texture.
./data/synthetic/synthetic_data_b/EuroSAT_Syn/584.jpeg,"a photo of a Lamborghini Aventador Coupe 2012, a type of car."
./data/synthetic/synthetic_data_b/EuroSAT_Syn/585.jpeg,a photo of a ball pit.
./data/synthetic/synthetic_data_b/EuroSAT_Syn/586.jpeg,a photo of a server room.
./data/synthetic/synthetic_data_b/EuroSAT_Syn/587.jpeg,"a photo of a Mazda Tribute SUV 2011, a type of car."
./data/synthetic/synthetic_data_b/EuroSAT_Syn/588.jpeg,"a photo of a Chrysler 300 SRT-8 2010, a type of car."
./data/synthetic/synthetic_data_b/EuroSAT_Syn/589.jpeg,"a photo of a Chrysler PT Cruiser Convertible 2008, a type of car."
./data/synthetic/synthetic_data_b/EuroSAT_Syn/590.jpeg,"a photo of a sashimi, a type of food."
./data/synthetic/synthetic_data_b/EuroSAT_Syn/591.jpeg,a photo of a supermarket.
./data/synthetic/synthetic_data_b/EuroSAT_Syn/592.jpeg,a photo of a moving van.
./data/synthetic/synthetic_data_b/EuroSAT_Syn/593.jpeg,"a photo of a tacos, a type of food."
./data/synthetic/synthetic_data_b/EuroSAT_Syn/594.jpeg,a photo of a pagoda.
./data/synthetic/synthetic_data_b/EuroSAT_Syn/595.jpeg,a photo of a lampshade.
./data/synthetic/synthetic_data_b/EuroSAT_Syn/596.jpeg,a photo of a toll plaza.
./data/synthetic/synthetic_data_b/EuroSAT_Syn/597.jpeg,a photo of a English Springer Spaniel.
./data/synthetic/synthetic_data_b/EuroSAT_Syn/598.jpeg,a photo of a salt shaker.
./data/synthetic/synthetic_data_b/EuroSAT_Syn/599.jpeg,a photo of a jeans.
./data/synthetic/synthetic_data_b/EuroSAT_Syn/600.jpeg,a photo of a Schipperke.
./data/synthetic/synthetic_data_b/EuroSAT_Syn/601.jpeg,a photo of a acorn squash.
./data/synthetic/synthetic_data_b/EuroSAT_Syn/602.jpeg,a photo of a quilt.
./data/synthetic/synthetic_data_b/EuroSAT_Syn/603.jpeg,a photo of a albatross.
./data/synthetic/synthetic_data_b/EuroSAT_Syn/604.jpeg,"a photo of a Il-76, a type of aircraft."
./data/synthetic/synthetic_data_b/EuroSAT_Syn/605.jpeg,"a photo of a Chevrolet Cobalt SS 2010, a type of car."
./data/synthetic/synthetic_data_b/EuroSAT_Syn/606.jpeg,a photo of a mosquito net.
./data/synthetic/synthetic_data_b/EuroSAT_Syn/607.jpeg,"a photo of a Embraer Legacy 600, a type of aircraft."
./data/synthetic/synthetic_data_b/EuroSAT_Syn/608.jpeg,a photo of a swimming pool/indoor.
./data/synthetic/synthetic_data_b/EuroSAT_Syn/609.jpeg,a photo of a car mirror.
./data/synthetic/synthetic_data_b/EuroSAT_Syn/610.jpeg,a photo of a soccer ball.
./data/synthetic/synthetic_data_b/EuroSAT_Syn/611.jpeg,a photo of a English foxhound.
./data/synthetic/synthetic_data_b/EuroSAT_Syn/612.jpeg,a photo of a train station/platform.
./data/synthetic/synthetic_data_b/EuroSAT_Syn/613.jpeg,a photo of a arrival gate/outdoor.
./data/synthetic/synthetic_data_b/EuroSAT_Syn/614.jpeg,a photo of a gerenuk.
./data/synthetic/synthetic_data_b/EuroSAT_Syn/615.jpeg,"a photo of a A340-500, a type of aircraft."
./data/synthetic/synthetic_data_b/EuroSAT_Syn/616.jpeg,a photo of a rhino.
./data/synthetic/synthetic_data_b/EuroSAT_Syn/617.jpeg,a photo of a breakwater.
./data/synthetic/synthetic_data_b/EuroSAT_Syn/618.jpeg,a photo of a clothes iron.
./data/synthetic/synthetic_data_b/EuroSAT_Syn/619.jpeg,a photo of a spiral or coil.
./data/synthetic/synthetic_data_b/EuroSAT_Syn/620.jpeg,"a photo of a cyclamen, a type of flower."
./data/synthetic/synthetic_data_b/EuroSAT_Syn/621.jpeg,a photo of a ring-tailed lemur.
./data/synthetic/synthetic_data_b/EuroSAT_Syn/622.jpeg,a photo of a suit.
./data/synthetic/synthetic_data_b/EuroSAT_Syn/623.jpeg,"a photo of a Mercedes-Benz E-Class Sedan 2012, a type of car."
./data/synthetic/synthetic_data_b/EuroSAT_Syn/624.jpeg,a photo of a potter's wheel.
./data/synthetic/synthetic_data_b/EuroSAT_Syn/625.jpeg,a photo of a overskirt.
./data/synthetic/synthetic_data_b/EuroSAT_Syn/626.jpeg,a photo of a striped texture.
./data/synthetic/synthetic_data_b/EuroSAT_Syn/627.jpeg,"a photo of a GMC Terrain SUV 2012, a type of car."
./data/synthetic/synthetic_data_b/EuroSAT_Syn/628.jpeg,a photo of a trench coat.
./data/synthetic/synthetic_data_b/EuroSAT_Syn/629.jpeg,a photo of a bulbul.
./data/synthetic/synthetic_data_b/EuroSAT_Syn/630.jpeg,a photo of a potter's wheel.
./data/synthetic/synthetic_data_b/EuroSAT_Syn/631.jpeg,a photo of a operating room.
./data/synthetic/synthetic_data_b/EuroSAT_Syn/632.jpeg,a photo of a cockroach.
./data/synthetic/synthetic_data_b/EuroSAT_Syn/633.jpeg,"a photo of a Aston Martin V8 Vantage Coupe 2012, a type of car."
./data/synthetic/synthetic_data_b/EuroSAT_Syn/634.jpeg,a photo of a wild cat.
./data/synthetic/synthetic_data_b/EuroSAT_Syn/635.jpeg,a photo of a African bush elephant.
./data/synthetic/synthetic_data_b/EuroSAT_Syn/636.jpeg,"a photo of a canterbury bells, a type of flower."
./data/synthetic/synthetic_data_b/EuroSAT_Syn/637.jpeg,a photo of a wombat.
./data/synthetic/synthetic_data_b/EuroSAT_Syn/638.jpeg,"a photo of a Mercedes-Benz S-Class Sedan 2012, a type of car."
./data/synthetic/synthetic_data_b/EuroSAT_Syn/639.jpeg,a photo of a cleaver.
./data/synthetic/synthetic_data_b/EuroSAT_Syn/640.jpeg,a photo of a garbage dump.
./data/synthetic/synthetic_data_b/EuroSAT_Syn/641.jpeg,a photo of a cathedral/indoor.
./data/synthetic/synthetic_data_b/EuroSAT_Syn/642.jpeg,a photo of a bath towel.
./data/synthetic/synthetic_data_b/EuroSAT_Syn/643.jpeg,"a photo of a Keeshond, a type of pet."
./data/synthetic/synthetic_data_b/EuroSAT_Syn/644.jpeg,a photo of a lipstick.
./data/synthetic/synthetic_data_b/EuroSAT_Syn/645.jpeg,a photo of a Dungeness crab.
./data/synthetic/synthetic_data_b/EuroSAT_Syn/646.jpeg,a photo of a Angora rabbit.
./data/synthetic/synthetic_data_b/EuroSAT_Syn/647.jpeg,"a photo of a C-130, a type of aircraft."
./data/synthetic/synthetic_data_b/EuroSAT_Syn/648.jpeg,a photo of a chair.
./data/synthetic/synthetic_data_b/EuroSAT_Syn/649.jpeg,"a photo of a 767-200, a type of aircraft."
./data/synthetic/synthetic_data_b/EuroSAT_Syn/650.jpeg,"a photo of a Ferrari 458 Italia Coupe 2012, a type of car."
./data/synthetic/synthetic_data_b/EuroSAT_Syn/651.jpeg,a photo of a vulture.
./data/synthetic/synthetic_data_b/EuroSAT_Syn/652.jpeg,"a photo of a tiger lily, a type of flower."
./data/synthetic/synthetic_data_b/EuroSAT_Syn/653.jpeg,a photo of a Staffordshire Bull Terrier.
./data/synthetic/synthetic_data_b/EuroSAT_Syn/654.jpeg,"a photo of a 747-300, a type of aircraft."
./data/synthetic/synthetic_data_b/EuroSAT_Syn/655.jpeg,"a photo of a Persian, a type of pet."
./data/synthetic/synthetic_data_b/EuroSAT_Syn/656.jpeg,a photo of a diaper.
./data/synthetic/synthetic_data_b/EuroSAT_Syn/657.jpeg,a photo of a toy store.
./data/synthetic/synthetic_data_b/EuroSAT_Syn/658.jpeg,a photo of a Scottish Terrier.
./data/synthetic/synthetic_data_b/EuroSAT_Syn/659.jpeg,"a photo of a Mazda Tribute SUV 2011, a type of car."
./data/synthetic/synthetic_data_b/EuroSAT_Syn/660.jpeg,"a photo of a Havanese, a type of pet."
./data/synthetic/synthetic_data_b/EuroSAT_Syn/661.jpeg,a photo of a Australian Kelpie.
./data/synthetic/synthetic_data_b/EuroSAT_Syn/662.jpeg,a photo of a snow leopard.
./data/synthetic/synthetic_data_b/EuroSAT_Syn/663.jpeg,a photo of a courtroom.
./data/synthetic/synthetic_data_b/EuroSAT_Syn/664.jpeg,a photo of a howler monkey.
./data/synthetic/synthetic_data_b/EuroSAT_Syn/665.jpeg,a photo of a hospital.
./data/synthetic/synthetic_data_b/EuroSAT_Syn/666.jpeg,"a photo of a Bugatti Veyron 16.4 Coupe 2009, a type of car."
./data/synthetic/synthetic_data_b/EuroSAT_Syn/667.jpeg,a photo of a plate rack.
./data/synthetic/synthetic_data_b/EuroSAT_Syn/668.jpeg,a photo of a scuba diver.
./data/synthetic/synthetic_data_b/EuroSAT_Syn/669.jpeg,a photo of a hospital.
./data/synthetic/synthetic_data_b/EuroSAT_Syn/670.jpeg,a photo of a orangutan.
./data/synthetic/synthetic_data_b/EuroSAT_Syn/671.jpeg,a photo of a peafowl.
./data/synthetic/synthetic_data_b/EuroSAT_Syn/672.jpeg,a photo of a tennis ball.
./data/synthetic/synthetic_data_b/EuroSAT_Syn/673.jpeg,a photo of a graduation cap.
./data/synthetic/synthetic_data_b/EuroSAT_Syn/674.jpeg,a photo of a engine room.
./data/synthetic/synthetic_data_b/EuroSAT_Syn/675.jpeg,a photo of a industrial area.
./data/synthetic/synthetic_data_b/EuroSAT_Syn/676.jpeg,"a photo of a Nissan Leaf Hatchback 2012, a type of car."
./data/synthetic/synthetic_data_b/EuroSAT_Syn/677.jpeg,a photo of a lotion.
./data/synthetic/synthetic_data_b/EuroSAT_Syn/678.jpeg,a photo of a chiffonier.
./data/synthetic/synthetic_data_b/EuroSAT_Syn/679.jpeg,"a photo of a crab cakes, a type of food."
./data/synthetic/synthetic_data_b/EuroSAT_Syn/680.jpeg,a photo of a octopus.
./data/synthetic/synthetic_data_b/EuroSAT_Syn/681.jpeg,a photo of a ski slope.
./data/synthetic/synthetic_data_b/EuroSAT_Syn/682.jpeg,"a photo of a peking duck, a type of food."
./data/synthetic/synthetic_data_b/EuroSAT_Syn/683.jpeg,a photo of a dog sled.
./data/synthetic/synthetic_data_b/EuroSAT_Syn/684.jpeg,a photo of a badlands.
./data/synthetic/synthetic_data_b/EuroSAT_Syn/685.jpeg,a photo of a clownfish.
./data/synthetic/synthetic_data_b/EuroSAT_Syn/686.jpeg,a photo of a bow window/outdoor.
./data/synthetic/synthetic_data_b/EuroSAT_Syn/687.jpeg,a photo of a spotlight.
./data/synthetic/synthetic_data_b/EuroSAT_Syn/688.jpeg,a photo of a mayfly.
./data/synthetic/synthetic_data_b/EuroSAT_Syn/689.jpeg,a photo of a volleyball court/indoor.
./data/synthetic/synthetic_data_b/EuroSAT_Syn/690.jpeg,a photo of a elevator/interior.
./data/synthetic/synthetic_data_b/EuroSAT_Syn/691.jpeg,a photo of a barrel.
./data/synthetic/synthetic_data_b/EuroSAT_Syn/692.jpeg,"a photo of a FIAT 500 Convertible 2012, a type of car."
./data/synthetic/synthetic_data_b/EuroSAT_Syn/693.jpeg,a photo of a poolroom/home.
./data/synthetic/synthetic_data_b/EuroSAT_Syn/694.jpeg,a photo of a siamang.
./data/synthetic/synthetic_data_b/EuroSAT_Syn/695.jpeg,a photo of a pond.
./data/synthetic/synthetic_data_b/EuroSAT_Syn/696.jpeg,a photo of a brewery/indoor.
./data/synthetic/synthetic_data_b/EuroSAT_Syn/697.jpeg,a photo of a revolver.
./data/synthetic/synthetic_data_b/EuroSAT_Syn/698.jpeg,a photo of a stadium/football.
./data/synthetic/synthetic_data_b/EuroSAT_Syn/699.jpeg,a photo of a recreation room.
./data/synthetic/synthetic_data_b/EuroSAT_Syn/700.jpeg,a photo of a titi monkey.
./data/synthetic/synthetic_data_b/EuroSAT_Syn/701.jpeg,a photo of a Black and Tan Coonhound.
./data/synthetic/synthetic_data_b/EuroSAT_Syn/702.jpeg,"a photo of a bishop of llandaff, a type of flower."
./data/synthetic/synthetic_data_b/EuroSAT_Syn/703.jpeg,"a photo of a DC-8, a type of aircraft."
./data/synthetic/synthetic_data_b/EuroSAT_Syn/704.jpeg,a photo of a crossword.
./data/synthetic/synthetic_data_b/EuroSAT_Syn/705.jpeg,a photo of a magnetic compass.
./data/synthetic/synthetic_data_b/EuroSAT_Syn/706.jpeg,a photo of a stapler.
./data/synthetic/synthetic_data_b/EuroSAT_Syn/707.jpeg,a photo of a warthog.
./data/synthetic/synthetic_data_b/EuroSAT_Syn/708.jpeg,"a photo of a Volkswagen Golf Hatchback 1991, a type of car."
./data/synthetic/synthetic_data_b/EuroSAT_Syn/709.jpeg,"a photo of a Falcon 2000, a type of aircraft."
./data/synthetic/synthetic_data_b/EuroSAT_Syn/710.jpeg,a photo of a television studio.
./data/synthetic/synthetic_data_b/EuroSAT_Syn/711.jpeg,a photo of a small white butterfly.
./data/synthetic/synthetic_data_b/EuroSAT_Syn/712.jpeg,a photo of a brain.
./data/synthetic/synthetic_data_b/EuroSAT_Syn/713.jpeg,"a photo of a eggs benedict, a type of food."
./data/synthetic/synthetic_data_b/EuroSAT_Syn/714.jpeg,a photo of a jeans.
./data/synthetic/synthetic_data_b/EuroSAT_Syn/715.jpeg,a photo of a crutch.
./data/synthetic/synthetic_data_b/EuroSAT_Syn/716.jpeg,"a photo of a eggs benedict, a type of food."
./data/synthetic/synthetic_data_b/EuroSAT_Syn/717.jpeg,"a photo of a Audi TT Hatchback 2011, a type of car."
./data/synthetic/synthetic_data_b/EuroSAT_Syn/718.jpeg,a photo of a river.
./data/synthetic/synthetic_data_b/EuroSAT_Syn/719.jpeg,"a photo of a carrot cake, a type of food."
./data/synthetic/synthetic_data_b/EuroSAT_Syn/720.jpeg,a photo of a Boston Terrier.
./data/synthetic/synthetic_data_b/EuroSAT_Syn/721.jpeg,a photo of a stick insect.
./data/synthetic/synthetic_data_b/EuroSAT_Syn/722.jpeg,a photo of a Irish Terrier.
./data/synthetic/synthetic_data_b/EuroSAT_Syn/723.jpeg,a photo of a beer bottle.
./data/synthetic/synthetic_data_b/EuroSAT_Syn/724.jpeg,a photo of a raft.
./data/synthetic/synthetic_data_b/EuroSAT_Syn/725.jpeg,a photo of a mountain snowy.
./data/synthetic/synthetic_data_b/EuroSAT_Syn/726.jpeg,a photo of a red panda.
./data/synthetic/synthetic_data_b/EuroSAT_Syn/727.jpeg,"a photo of a DHC-8-100, a type of aircraft."
./data/synthetic/synthetic_data_b/EuroSAT_Syn/728.jpeg,"a photo of a BMW Z4 Convertible 2012, a type of car."
./data/synthetic/synthetic_data_b/EuroSAT_Syn/729.jpeg,a photo of a apse/indoor.
./data/synthetic/synthetic_data_b/EuroSAT_Syn/730.jpeg,"a photo of a Bentley Continental Flying Spur Sedan 2007, a type of car."
./data/synthetic/synthetic_data_b/EuroSAT_Syn/731.jpeg,a photo of a porcupine.
./data/synthetic/synthetic_data_b/EuroSAT_Syn/732.jpeg,a photo of a honeycombed texture.
./data/synthetic/synthetic_data_b/EuroSAT_Syn/733.jpeg,a photo of a Saharan horned viper.
./data/synthetic/synthetic_data_b/EuroSAT_Syn/734.jpeg,a photo of a high-speed train.
./data/synthetic/synthetic_data_b/EuroSAT_Syn/735.jpeg,"a photo of a DC-10, a type of aircraft."
./data/synthetic/synthetic_data_b/EuroSAT_Syn/736.jpeg,a photo of a poncho.
./data/synthetic/synthetic_data_b/EuroSAT_Syn/737.jpeg,a photo of a hockey puck.
./data/synthetic/synthetic_data_b/EuroSAT_Syn/738.jpeg,a photo of a formal garden.
./data/synthetic/synthetic_data_b/EuroSAT_Syn/739.jpeg,a photo of a Norfolk Terrier.
./data/synthetic/synthetic_data_b/EuroSAT_Syn/740.jpeg,a photo of a pig.
./data/synthetic/synthetic_data_b/EuroSAT_Syn/741.jpeg,a photo of a oilrig.
./data/synthetic/synthetic_data_b/EuroSAT_Syn/742.jpeg,"a photo of a churros, a type of food."
./data/synthetic/synthetic_data_b/EuroSAT_Syn/743.jpeg,"a photo of a shrimp and grits, a type of food."
./data/synthetic/synthetic_data_b/EuroSAT_Syn/744.jpeg,"a photo of a 777-300, a type of aircraft."
./data/synthetic/synthetic_data_b/EuroSAT_Syn/745.jpeg,a photo of a youth hostel.
./data/synthetic/synthetic_data_b/EuroSAT_Syn/746.jpeg,"a photo of a Dodge Ram Pickup 3500 Crew Cab 2010, a type of car."
./data/synthetic/synthetic_data_b/EuroSAT_Syn/747.jpeg,"a photo of a pelargonium, a type of flower."
./data/synthetic/synthetic_data_b/EuroSAT_Syn/748.jpeg,a photo of a rotisserie.
./data/synthetic/synthetic_data_b/EuroSAT_Syn/749.jpeg,a photo of a tow truck.
./data/synthetic/synthetic_data_b/EuroSAT_Syn/750.jpeg,a photo of a fishing casting reel.
./data/synthetic/synthetic_data_b/EuroSAT_Syn/751.jpeg,a photo of a damselfly.
./data/synthetic/synthetic_data_b/EuroSAT_Syn/752.jpeg,"a photo of a Chevrolet Sonic Sedan 2012, a type of car."
./data/synthetic/synthetic_data_b/EuroSAT_Syn/753.jpeg,a photo of a bathtub.
./data/synthetic/synthetic_data_b/EuroSAT_Syn/754.jpeg,a photo of a stable.
./data/synthetic/synthetic_data_b/EuroSAT_Syn/755.jpeg,a photo of a barn spider.
./data/synthetic/synthetic_data_b/EuroSAT_Syn/756.jpeg,a photo of a vulture.
./data/synthetic/synthetic_data_b/EuroSAT_Syn/757.jpeg,a photo of a general store/indoor.
./data/synthetic/synthetic_data_b/EuroSAT_Syn/758.jpeg,a photo of a tool kit.
./data/synthetic/synthetic_data_b/EuroSAT_Syn/759.jpeg,a photo of a eastern hog-nosed snake.
./data/synthetic/synthetic_data_b/EuroSAT_Syn/760.jpeg,a photo of a park bench.
./data/synthetic/synthetic_data_b/EuroSAT_Syn/761.jpeg,a photo of a binocular.
./data/synthetic/synthetic_data_b/EuroSAT_Syn/762.jpeg,"a photo of a Boeing 717, a type of aircraft."
./data/synthetic/synthetic_data_b/EuroSAT_Syn/763.jpeg,a photo of a kitchen.
./data/synthetic/synthetic_data_b/EuroSAT_Syn/764.jpeg,a photo of a helicopter.
./data/synthetic/synthetic_data_b/EuroSAT_Syn/765.jpeg,"a photo of a fried rice, a type of food."
./data/synthetic/synthetic_data_b/EuroSAT_Syn/766.jpeg,a photo of a ballroom.
./data/synthetic/synthetic_data_b/EuroSAT_Syn/767.jpeg,a photo of a general store/indoor.
./data/synthetic/synthetic_data_b/EuroSAT_Syn/768.jpeg,"a photo of a fried calamari, a type of food."
./data/synthetic/synthetic_data_b/EuroSAT_Syn/769.jpeg,a photo of a European polecat.
./data/synthetic/synthetic_data_b/EuroSAT_Syn/770.jpeg,a photo of a corkscrew.
./data/synthetic/synthetic_data_b/EuroSAT_Syn/771.jpeg,a photo of a filing cabinet.
./data/synthetic/synthetic_data_b/EuroSAT_Syn/772.jpeg,a photo of a kingsnake.
./data/synthetic/synthetic_data_b/EuroSAT_Syn/773.jpeg,a photo of a scoreboard.
./data/synthetic/synthetic_data_b/EuroSAT_Syn/774.jpeg,a photo of a brass memorial plaque.
./data/synthetic/synthetic_data_b/EuroSAT_Syn/775.jpeg,a photo of a sea snake.
./data/synthetic/synthetic_data_b/EuroSAT_Syn/776.jpeg,a photo of a sneaker.
./data/synthetic/synthetic_data_b/EuroSAT_Syn/777.jpeg,a photo of a brain coral.
./data/synthetic/synthetic_data_b/EuroSAT_Syn/778.jpeg,a photo of a throne.
./data/synthetic/synthetic_data_b/EuroSAT_Syn/779.jpeg,a photo of a crayfish.
./data/synthetic/synthetic_data_b/EuroSAT_Syn/780.jpeg,a photo of a harp.
./data/synthetic/synthetic_data_b/EuroSAT_Syn/781.jpeg,a photo of a horse chestnut seed.
./data/synthetic/synthetic_data_b/EuroSAT_Syn/782.jpeg,a photo of a supermarket.
./data/synthetic/synthetic_data_b/EuroSAT_Syn/783.jpeg,a photo of a scoreboard.
./data/synthetic/synthetic_data_b/EuroSAT_Syn/784.jpeg,a photo of a impala (antelope).
./data/synthetic/synthetic_data_b/EuroSAT_Syn/785.jpeg,"a photo of a falafel, a type of food."
./data/synthetic/synthetic_data_b/EuroSAT_Syn/786.jpeg,"a photo of a DC-8, a type of aircraft."
./data/synthetic/synthetic_data_b/EuroSAT_Syn/787.jpeg,a photo of a clothes iron.
./data/synthetic/synthetic_data_b/EuroSAT_Syn/788.jpeg,"a photo of a Tu-154, a type of aircraft."
./data/synthetic/synthetic_data_b/EuroSAT_Syn/789.jpeg,a photo of a podium/indoor.
./data/synthetic/synthetic_data_b/EuroSAT_Syn/790.jpeg,a photo of a sulphur-crested cockatoo.
./data/synthetic/synthetic_data_b/EuroSAT_Syn/791.jpeg,a photo of a tool kit.
./data/synthetic/synthetic_data_b/EuroSAT_Syn/792.jpeg,a photo of a baby pacifier.
./data/synthetic/synthetic_data_b/EuroSAT_Syn/793.jpeg,a photo of a library.
./data/synthetic/synthetic_data_b/EuroSAT_Syn/794.jpeg,a photo of a volcano.
./data/synthetic/synthetic_data_b/EuroSAT_Syn/795.jpeg,a photo of a garfield.
./data/synthetic/synthetic_data_b/EuroSAT_Syn/796.jpeg,"a photo of a MD-90, a type of aircraft."
./data/synthetic/synthetic_data_b/EuroSAT_Syn/797.jpeg,a photo of a black grouse.
./data/synthetic/synthetic_data_b/EuroSAT_Syn/798.jpeg,a photo of a yard.
./data/synthetic/synthetic_data_b/EuroSAT_Syn/799.jpeg,a photo of a gyromitra.
./data/synthetic/synthetic_data_b/EuroSAT_Syn/800.jpeg,a photo of a scarf.
./data/synthetic/synthetic_data_b/EuroSAT_Syn/801.jpeg,"a photo of a caesar salad, a type of food."
./data/synthetic/synthetic_data_b/EuroSAT_Syn/802.jpeg,a photo of a food court.
./data/synthetic/synthetic_data_b/EuroSAT_Syn/803.jpeg,a photo of a Labrador Retriever.
./data/synthetic/synthetic_data_b/EuroSAT_Syn/804.jpeg,"a photo of a red ginger, a type of flower."
./data/synthetic/synthetic_data_b/EuroSAT_Syn/805.jpeg,a photo of a tailed frog.
./data/synthetic/synthetic_data_b/EuroSAT_Syn/806.jpeg,a photo of a banjo.
./data/synthetic/synthetic_data_b/EuroSAT_Syn/807.jpeg,a photo of a ski lodge.
./data/synthetic/synthetic_data_b/EuroSAT_Syn/808.jpeg,a photo of a office building.
./data/synthetic/synthetic_data_b/EuroSAT_Syn/809.jpeg,a photo of a stegosaurus.
./data/synthetic/synthetic_data_b/EuroSAT_Syn/810.jpeg,"a photo of a Volkswagen Beetle Hatchback 2012, a type of car."
./data/synthetic/synthetic_data_b/EuroSAT_Syn/811.jpeg,a photo of a Chihuahua.
./data/synthetic/synthetic_data_b/EuroSAT_Syn/812.jpeg,a photo of a joshua tree.
./data/synthetic/synthetic_data_b/EuroSAT_Syn/813.jpeg,a photo of a hotel/outdoor.
./data/synthetic/synthetic_data_b/EuroSAT_Syn/814.jpeg,a photo of a headphone.
./data/synthetic/synthetic_data_b/EuroSAT_Syn/815.jpeg,a photo of a ketch.
./data/synthetic/synthetic_data_b/EuroSAT_Syn/816.jpeg,a photo of a strawberry.
./data/synthetic/synthetic_data_b/EuroSAT_Syn/817.jpeg,a photo of a husky.
./data/synthetic/synthetic_data_b/EuroSAT_Syn/818.jpeg,a photo of a wolf spider.
./data/synthetic/synthetic_data_b/EuroSAT_Syn/819.jpeg,a photo of a podium/indoor.
./data/synthetic/synthetic_data_b/EuroSAT_Syn/820.jpeg,"a photo of a takoyaki, a type of food."
./data/synthetic/synthetic_data_b/EuroSAT_Syn/821.jpeg,a photo of a Chow Chow.
./data/synthetic/synthetic_data_b/EuroSAT_Syn/822.jpeg,"a photo of a Eagle Talon Hatchback 1998, a type of car."
./data/synthetic/synthetic_data_b/EuroSAT_Syn/823.jpeg,a photo of a pagoda.
./data/synthetic/synthetic_data_b/EuroSAT_Syn/824.jpeg,"a photo of a Spitfire, a type of aircraft."
./data/synthetic/synthetic_data_b/EuroSAT_Syn/825.jpeg,a photo of a cardboard box / carton.
./data/synthetic/synthetic_data_b/EuroSAT_Syn/826.jpeg,a photo of a snoopy (cartoon beagle).
./data/synthetic/synthetic_data_b/EuroSAT_Syn/827.jpeg,"a photo of a passion flower, a type of flower."
./data/synthetic/synthetic_data_b/EuroSAT_Syn/828.jpeg,a photo of a wind farm.
./data/synthetic/synthetic_data_b/EuroSAT_Syn/829.jpeg,a photo of a swamp.
./data/synthetic/synthetic_data_b/EuroSAT_Syn/830.jpeg,a photo of a quail.
./data/synthetic/synthetic_data_b/EuroSAT_Syn/831.jpeg,a photo of a mobile home.
./data/synthetic/synthetic_data_b/EuroSAT_Syn/832.jpeg,"a photo of a Spyker C8 Coupe 2009, a type of car."
./data/synthetic/synthetic_data_b/EuroSAT_Syn/833.jpeg,a photo of a shield.
./data/synthetic/synthetic_data_b/EuroSAT_Syn/834.jpeg,"a photo of a Global Express, a type of aircraft."
./data/synthetic/synthetic_data_b/EuroSAT_Syn/835.jpeg,"a photo of a californian poppy, a type of flower."
./data/synthetic/synthetic_data_b/EuroSAT_Syn/836.jpeg,a photo of a tennis court/indoor.
./data/synthetic/synthetic_data_b/EuroSAT_Syn/837.jpeg,a photo of a orange.
./data/synthetic/synthetic_data_b/EuroSAT_Syn/838.jpeg,a photo of a spiralled texture.
./data/synthetic/synthetic_data_b/EuroSAT_Syn/839.jpeg,a photo of a water jug.
./data/synthetic/synthetic_data_b/EuroSAT_Syn/840.jpeg,"a photo of a wallflower, a type of flower."
./data/synthetic/synthetic_data_b/EuroSAT_Syn/841.jpeg,"a photo of a Falcon 900, a type of aircraft."
./data/synthetic/synthetic_data_b/EuroSAT_Syn/842.jpeg,a photo of a dog sled.
./data/synthetic/synthetic_data_b/EuroSAT_Syn/843.jpeg,"a photo of a beet salad, a type of food."
./data/synthetic/synthetic_data_b/EuroSAT_Syn/844.jpeg,a photo of a field/wild.
./data/synthetic/synthetic_data_b/EuroSAT_Syn/845.jpeg,a photo of a outhouse/outdoor.
./data/synthetic/synthetic_data_b/EuroSAT_Syn/846.jpeg,a photo of a balcony/interior.
./data/synthetic/synthetic_data_b/EuroSAT_Syn/847.jpeg,"a photo of a PA-28, a type of aircraft."
./data/synthetic/synthetic_data_b/EuroSAT_Syn/848.jpeg,a photo of a monastery.
./data/synthetic/synthetic_data_b/EuroSAT_Syn/849.jpeg,a photo of a tape player.
./data/synthetic/synthetic_data_b/EuroSAT_Syn/850.jpeg,"a photo of a MINI Cooper Roadster Convertible 2012, a type of car."
./data/synthetic/synthetic_data_b/EuroSAT_Syn/851.jpeg,a photo of a gazelle.
./data/synthetic/synthetic_data_b/EuroSAT_Syn/852.jpeg,a photo of a dragonfly.
./data/synthetic/synthetic_data_b/EuroSAT_Syn/853.jpeg,a photo of a rotary dial telephone.
./data/synthetic/synthetic_data_b/EuroSAT_Syn/854.jpeg,a photo of a pencil case.
./data/synthetic/synthetic_data_b/EuroSAT_Syn/855.jpeg,a photo of a sports car.
./data/synthetic/synthetic_data_b/EuroSAT_Syn/856.jpeg,a photo of a manhole cover.
./data/synthetic/synthetic_data_b/EuroSAT_Syn/857.jpeg,a photo of a pizza.
./data/synthetic/synthetic_data_b/EuroSAT_Syn/858.jpeg,a photo of a assault rifle.
./data/synthetic/synthetic_data_b/EuroSAT_Syn/859.jpeg,a photo of a oil refinery/outdoor.
./data/synthetic/synthetic_data_b/EuroSAT_Syn/860.jpeg,a photo of a schooner.
./data/synthetic/synthetic_data_b/EuroSAT_Syn/861.jpeg,"a photo of a gnocchi, a type of food."
./data/synthetic/synthetic_data_b/EuroSAT_Syn/862.jpeg,a photo of a dough.
./data/synthetic/synthetic_data_b/EuroSAT_Syn/863.jpeg,a photo of a throne.
./data/synthetic/synthetic_data_b/EuroSAT_Syn/864.jpeg,a photo of a Cairn Terrier.
./data/synthetic/synthetic_data_b/EuroSAT_Syn/865.jpeg,a photo of a European garden spider.
./data/synthetic/synthetic_data_b/EuroSAT_Syn/866.jpeg,a photo of a auto factory.
./data/synthetic/synthetic_data_b/EuroSAT_Syn/867.jpeg,"a photo of a Chevrolet Silverado 2500HD Regular Cab 2012, a type of car."
./data/synthetic/synthetic_data_b/EuroSAT_Syn/868.jpeg,a photo of a art school.
./data/synthetic/synthetic_data_b/EuroSAT_Syn/869.jpeg,a photo of a megalith.
./data/synthetic/synthetic_data_b/EuroSAT_Syn/870.jpeg,a photo of a Pickelhaube.
./data/synthetic/synthetic_data_b/EuroSAT_Syn/871.jpeg,a photo of a honeycombed texture.
./data/synthetic/synthetic_data_b/EuroSAT_Syn/872.jpeg,a photo of a flamingo.
./data/synthetic/synthetic_data_b/EuroSAT_Syn/873.jpeg,a photo of a Chow Chow.
./data/synthetic/synthetic_data_b/EuroSAT_Syn/874.jpeg,"a photo of a lenten rose, a type of flower."
./data/synthetic/synthetic_data_b/EuroSAT_Syn/875.jpeg,a photo of a shoe shop.
./data/synthetic/synthetic_data_b/EuroSAT_Syn/876.jpeg,a photo of a high-speed train.
./data/synthetic/synthetic_data_b/EuroSAT_Syn/877.jpeg,a photo of a ice cream.
./data/synthetic/synthetic_data_b/EuroSAT_Syn/878.jpeg,a photo of a bell or wind chime.
./data/synthetic/synthetic_data_b/EuroSAT_Syn/879.jpeg,a photo of a comic book.
./data/synthetic/synthetic_data_b/EuroSAT_Syn/880.jpeg,a photo of a hedgehog.
./data/synthetic/synthetic_data_b/EuroSAT_Syn/881.jpeg,"a photo of a Chevrolet Corvette Ron Fellows Edition Z06 2007, a type of car."
./data/synthetic/synthetic_data_b/EuroSAT_Syn/882.jpeg,"a photo of a common dandelion, a type of flower."
./data/synthetic/synthetic_data_b/EuroSAT_Syn/883.jpeg,a photo of a apse/indoor.
./data/synthetic/synthetic_data_b/EuroSAT_Syn/884.jpeg,a photo of a Airedale Terrier.
./data/synthetic/synthetic_data_b/EuroSAT_Syn/885.jpeg,"a photo of a Dodge Charger Sedan 2012, a type of car."
./data/synthetic/synthetic_data_b/EuroSAT_Syn/886.jpeg,a photo of a lampshade.
./data/synthetic/synthetic_data_b/EuroSAT_Syn/887.jpeg,a photo of a barometer.
./data/synthetic/synthetic_data_b/EuroSAT_Syn/888.jpeg,a photo of a Curly-coated Retriever.
./data/synthetic/synthetic_data_b/EuroSAT_Syn/889.jpeg,a photo of a temple/south asia.
./data/synthetic/synthetic_data_b/EuroSAT_Syn/890.jpeg,"a photo of a A340-200, a type of aircraft."
./data/synthetic/synthetic_data_b/EuroSAT_Syn/891.jpeg,a photo of a bookstore.
./data/synthetic/synthetic_data_b/EuroSAT_Syn/892.jpeg,a photo of a swimming cap.
./data/synthetic/synthetic_data_b/EuroSAT_Syn/893.jpeg,a photo of a balloon.
./data/synthetic/synthetic_data_b/EuroSAT_Syn/894.jpeg,a photo of a Italian Greyhound.
./data/synthetic/synthetic_data_b/EuroSAT_Syn/895.jpeg,a photo of a scaly texture.
./data/synthetic/synthetic_data_b/EuroSAT_Syn/896.jpeg,a photo of a bassinet.
./data/synthetic/synthetic_data_b/EuroSAT_Syn/897.jpeg,a photo of a ocarina.
./data/synthetic/synthetic_data_b/EuroSAT_Syn/898.jpeg,a photo of a castle.
./data/synthetic/synthetic_data_b/EuroSAT_Syn/899.jpeg,a photo of a sweatshirt.
./data/synthetic/synthetic_data_b/EuroSAT_Syn/900.jpeg,a photo of a barn.
./data/synthetic/synthetic_data_b/EuroSAT_Syn/901.jpeg,a photo of a mask.
./data/synthetic/synthetic_data_b/EuroSAT_Syn/902.jpeg,"a photo of a apple pie, a type of food."
./data/synthetic/synthetic_data_b/EuroSAT_Syn/903.jpeg,a photo of a train station/platform.
./data/synthetic/synthetic_data_b/EuroSAT_Syn/904.jpeg,a photo of a pitted texture.
./data/synthetic/synthetic_data_b/EuroSAT_Syn/905.jpeg,a photo of a windsor chair.
./data/synthetic/synthetic_data_b/EuroSAT_Syn/906.jpeg,a photo of a altar.
./data/synthetic/synthetic_data_b/EuroSAT_Syn/907.jpeg,a photo of a lotion.
./data/synthetic/synthetic_data_b/EuroSAT_Syn/908.jpeg,a photo of a bayou.
./data/synthetic/synthetic_data_b/EuroSAT_Syn/909.jpeg,"a photo of a prince of wales feathers, a type of flower."
./data/synthetic/synthetic_data_b/EuroSAT_Syn/910.jpeg,a photo of a four-poster bed.
./data/synthetic/synthetic_data_b/EuroSAT_Syn/911.jpeg,a photo of a cocktail shaker.
./data/synthetic/synthetic_data_b/EuroSAT_Syn/912.jpeg,a photo of a stopwatch.
./data/synthetic/synthetic_data_b/EuroSAT_Syn/913.jpeg,a photo of a theater/indoor seats.
./data/synthetic/synthetic_data_b/EuroSAT_Syn/914.jpeg,a photo of a office building.
./data/synthetic/synthetic_data_b/EuroSAT_Syn/915.jpeg,a photo of a smooth newt.
./data/synthetic/synthetic_data_b/EuroSAT_Syn/916.jpeg,"a photo of a Acura TSX Sedan 2012, a type of car."
./data/synthetic/synthetic_data_b/EuroSAT_Syn/917.jpeg,"a photo of a Tu-134, a type of aircraft."
./data/synthetic/synthetic_data_b/EuroSAT_Syn/918.jpeg,"a photo of a pelargonium, a type of flower."
./data/synthetic/synthetic_data_b/EuroSAT_Syn/919.jpeg,"a photo of a Rolls-Royce Phantom Drophead Coupe Convertible 2012, a type of car."
./data/synthetic/synthetic_data_b/EuroSAT_Syn/920.jpeg,a photo of a matted texture.
./data/synthetic/synthetic_data_b/EuroSAT_Syn/921.jpeg,a photo of a parachute.
./data/synthetic/synthetic_data_b/EuroSAT_Syn/922.jpeg,a photo of a bighorn sheep.
./data/synthetic/synthetic_data_b/EuroSAT_Syn/923.jpeg,"a photo of a Dodge Dakota Crew Cab 2010, a type of car."
./data/synthetic/synthetic_data_b/EuroSAT_Syn/924.jpeg,a photo of a car interior/frontseat.
./data/synthetic/synthetic_data_b/EuroSAT_Syn/925.jpeg,a photo of a observatory/outdoor.
./data/synthetic/synthetic_data_b/EuroSAT_Syn/926.jpeg,a photo of a ballroom.
./data/synthetic/synthetic_data_b/EuroSAT_Syn/927.jpeg,"a photo of a Acura Integra Type R 2001, a type of car."
./data/synthetic/synthetic_data_b/EuroSAT_Syn/928.jpeg,a photo of a laptop computer.
./data/synthetic/synthetic_data_b/EuroSAT_Syn/929.jpeg,a photo of a plaza.
./data/synthetic/synthetic_data_b/EuroSAT_Syn/930.jpeg,a photo of a hot dog.
./data/synthetic/synthetic_data_b/EuroSAT_Syn/931.jpeg,a photo of a freight car.
./data/synthetic/synthetic_data_b/EuroSAT_Syn/932.jpeg,a photo of a sandbar.
./data/synthetic/synthetic_data_b/EuroSAT_Syn/933.jpeg,a photo of a museum/indoor.
./data/synthetic/synthetic_data_b/EuroSAT_Syn/934.jpeg,a photo of a locker room.
./data/synthetic/synthetic_data_b/EuroSAT_Syn/935.jpeg,"a photo of a An-12, a type of aircraft."
./data/synthetic/synthetic_data_b/EuroSAT_Syn/936.jpeg,a photo of a barn.
./data/synthetic/synthetic_data_b/EuroSAT_Syn/937.jpeg,a photo of a red king crab.
./data/synthetic/synthetic_data_b/EuroSAT_Syn/938.jpeg,a photo of a underwater/coral reef.
./data/synthetic/synthetic_data_b/EuroSAT_Syn/939.jpeg,a photo of a hatchet.
./data/synthetic/synthetic_data_b/EuroSAT_Syn/940.jpeg,a photo of a Carolina anole.
./data/synthetic/synthetic_data_b/EuroSAT_Syn/941.jpeg,a photo of a Egyptian Mau.
./data/synthetic/synthetic_data_b/EuroSAT_Syn/942.jpeg,a photo of a bison.
./data/synthetic/synthetic_data_b/EuroSAT_Syn/943.jpeg,"a photo of a daffodil, a type of flower."
./data/synthetic/synthetic_data_b/EuroSAT_Syn/944.jpeg,"a photo of a steak, a type of food."
./data/synthetic/synthetic_data_b/EuroSAT_Syn/945.jpeg,a photo of a ice skating rink/outdoor.
./data/synthetic/synthetic_data_b/EuroSAT_Syn/946.jpeg,a photo of a computer mouse.
./data/synthetic/synthetic_data_b/EuroSAT_Syn/947.jpeg,a photo of a stadium/baseball.
./data/synthetic/synthetic_data_b/EuroSAT_Syn/948.jpeg,a photo of a Dalmatian.
./data/synthetic/synthetic_data_b/EuroSAT_Syn/949.jpeg,a photo of a fountain.
./data/synthetic/synthetic_data_b/EuroSAT_Syn/950.jpeg,a photo of a Chihuahua.
./data/synthetic/synthetic_data_b/EuroSAT_Syn/951.jpeg,a photo of a ladle.
./data/synthetic/synthetic_data_b/EuroSAT_Syn/952.jpeg,a photo of a Dobermann.
./data/synthetic/synthetic_data_b/EuroSAT_Syn/953.jpeg,"a photo of a ceviche, a type of food."
./data/synthetic/synthetic_data_b/EuroSAT_Syn/954.jpeg,a photo of a patio.
./data/synthetic/synthetic_data_b/EuroSAT_Syn/955.jpeg,a photo of a iceberg.
./data/synthetic/synthetic_data_b/EuroSAT_Syn/956.jpeg,"a photo of a grilled salmon, a type of food."
./data/synthetic/synthetic_data_b/EuroSAT_Syn/957.jpeg,"a photo of a seaweed salad, a type of food."
./data/synthetic/synthetic_data_b/EuroSAT_Syn/958.jpeg,"a photo of a osteospermum, a type of flower."
./data/synthetic/synthetic_data_b/EuroSAT_Syn/959.jpeg,a photo of a tailed frog.
./data/synthetic/synthetic_data_b/EuroSAT_Syn/960.jpeg,"a photo of a Jeep Wrangler SUV 2012, a type of car."
./data/synthetic/synthetic_data_b/EuroSAT_Syn/961.jpeg,a photo of a hoop skirt.
./data/synthetic/synthetic_data_b/EuroSAT_Syn/962.jpeg,a photo of a jewelry shop.
./data/synthetic/synthetic_data_b/EuroSAT_Syn/963.jpeg,a photo of a warehouse/indoor.
./data/synthetic/synthetic_data_b/EuroSAT_Syn/964.jpeg,a photo of a mop.
./data/synthetic/synthetic_data_b/EuroSAT_Syn/965.jpeg,a photo of a trench.
./data/synthetic/synthetic_data_b/EuroSAT_Syn/966.jpeg,"a photo of a gazania, a type of flower."
./data/synthetic/synthetic_data_b/EuroSAT_Syn/967.jpeg,a photo of a kennel/indoor.
./data/synthetic/synthetic_data_b/EuroSAT_Syn/968.jpeg,a photo of a sombrero.
./data/synthetic/synthetic_data_b/EuroSAT_Syn/969.jpeg,"a photo of a foie gras, a type of food."
./data/synthetic/synthetic_data_b/EuroSAT_Syn/970.jpeg,a photo of a ox.
./data/synthetic/synthetic_data_b/EuroSAT_Syn/971.jpeg,a photo of a Chihuahua.
./data/synthetic/synthetic_data_b/EuroSAT_Syn/972.jpeg,"a photo of a prince of wales feathers, a type of flower."
./data/synthetic/synthetic_data_b/EuroSAT_Syn/973.jpeg,a photo of a field/cultivated.
./data/synthetic/synthetic_data_b/EuroSAT_Syn/974.jpeg,a photo of a cradle.
./data/synthetic/synthetic_data_b/EuroSAT_Syn/975.jpeg,"a photo of a Mercedes-Benz SL-Class Coupe 2009, a type of car."
./data/synthetic/synthetic_data_b/EuroSAT_Syn/976.jpeg,a photo of a trombone.
./data/synthetic/synthetic_data_b/EuroSAT_Syn/977.jpeg,a photo of a titi monkey.
./data/synthetic/synthetic_data_b/EuroSAT_Syn/978.jpeg,"a photo of a ravioli, a type of food."
./data/synthetic/synthetic_data_b/EuroSAT_Syn/979.jpeg,"a photo of a wild pansy, a type of flower."
./data/synthetic/synthetic_data_b/EuroSAT_Syn/980.jpeg,a photo of a miniskirt.
./data/synthetic/synthetic_data_b/EuroSAT_Syn/981.jpeg,a photo of a jacamar.
./data/synthetic/synthetic_data_b/EuroSAT_Syn/982.jpeg,a photo of a slug.
./data/synthetic/synthetic_data_b/EuroSAT_Syn/983.jpeg,"a photo of a Chevrolet HHR SS 2010, a type of car."
./data/synthetic/synthetic_data_b/EuroSAT_Syn/984.jpeg,a photo of a acorn.
./data/synthetic/synthetic_data_b/EuroSAT_Syn/985.jpeg,"a photo of a greek salad, a type of food."
./data/synthetic/synthetic_data_b/EuroSAT_Syn/986.jpeg,a photo of a poolroom/establishment.
./data/synthetic/synthetic_data_b/EuroSAT_Syn/987.jpeg,a photo of a meshed texture.
./data/synthetic/synthetic_data_b/EuroSAT_Syn/988.jpeg,a photo of a poke bonnet.
./data/synthetic/synthetic_data_b/EuroSAT_Syn/989.jpeg,a photo of a French Bulldog.
./data/synthetic/synthetic_data_b/EuroSAT_Syn/990.jpeg,a photo of a casino/indoor.
./data/synthetic/synthetic_data_b/EuroSAT_Syn/991.jpeg,"a photo of a Chevrolet Express Cargo Van 2007, a type of car."
./data/synthetic/synthetic_data_b/EuroSAT_Syn/992.jpeg,a photo of a smeared texture.
./data/synthetic/synthetic_data_b/EuroSAT_Syn/993.jpeg,a photo of a amusement arcade.
./data/synthetic/synthetic_data_b/EuroSAT_Syn/994.jpeg,a photo of a combination lock.
./data/synthetic/synthetic_data_b/EuroSAT_Syn/995.jpeg,a photo of a Boston Terrier.
./data/synthetic/synthetic_data_b/EuroSAT_Syn/996.jpeg,a photo of a container ship.
./data/synthetic/synthetic_data_b/EuroSAT_Syn/997.jpeg,a photo of a wine cellar/barrel storage.
./data/synthetic/synthetic_data_b/EuroSAT_Syn/998.jpeg,"a photo of a clam chowder, a type of food."
./data/synthetic/synthetic_data_b/EuroSAT_Syn/999.jpeg,a photo of a kite (bird of prey).
