image,text
./data/synthetic/synthetic_data_b/Food_Syn/0.jpeg,a photo of a oxygen mask.
./data/synthetic/synthetic_data_b/Food_Syn/1.jpeg,a photo of a saxophone.
./data/synthetic/synthetic_data_b/Food_Syn/2.jpeg,a photo of a garbage truck.
./data/synthetic/synthetic_data_b/Food_Syn/3.jpeg,a photo of a totem pole.
./data/synthetic/synthetic_data_b/Food_Syn/4.jpeg,a photo of a cradle.
./data/synthetic/synthetic_data_b/Food_Syn/5.jpeg,a photo of a English foxhound.
./data/synthetic/synthetic_data_b/Food_Syn/6.jpeg,a photo of a pizza.
./data/synthetic/synthetic_data_b/Food_Syn/7.jpeg,a photo of a green iguana.
./data/synthetic/synthetic_data_b/Food_Syn/8.jpeg,"a photo of a Fisker Karma Sedan 2012, a type of car."
./data/synthetic/synthetic_data_b/Food_Syn/9.jpeg,a photo of a wombat.
./data/synthetic/synthetic_data_b/Food_Syn/10.jpeg,a photo of a picket fence.
./data/synthetic/synthetic_data_b/Food_Syn/11.jpeg,a photo of a bra.
./data/synthetic/synthetic_data_b/Food_Syn/12.jpeg,a photo of a dunlin.
./data/synthetic/synthetic_data_b/Food_Syn/13.jpeg,a photo of a ruffed grouse.
./data/synthetic/synthetic_data_b/Food_Syn/14.jpeg,a photo of a Indian cobra.
./data/synthetic/synthetic_data_b/Food_Syn/15.jpeg,a photo of a spiral or coil.
./data/synthetic/synthetic_data_b/Food_Syn/16.jpeg,a photo of a amphibious vehicle.
./data/synthetic/synthetic_data_b/Food_Syn/17.jpeg,a photo of a desert grassland whiptail lizard.
./data/synthetic/synthetic_data_b/Food_Syn/18.jpeg,a photo of a cricket insect.
./data/synthetic/synthetic_data_b/Food_Syn/19.jpeg,a photo of a chain.
./data/synthetic/synthetic_data_b/Food_Syn/20.jpeg,a photo of a Samoyed.
./data/synthetic/synthetic_data_b/Food_Syn/21.jpeg,a photo of a eggnog.
./data/synthetic/synthetic_data_b/Food_Syn/22.jpeg,a photo of a Rottweiler.
./data/synthetic/synthetic_data_b/Food_Syn/23.jpeg,"a photo of a Lincoln Town Car Sedan 2011, a type of car."
./data/synthetic/synthetic_data_b/Food_Syn/24.jpeg,a photo of a ring binder.
./data/synthetic/synthetic_data_b/Food_Syn/25.jpeg,a photo of a fig.
./data/synthetic/synthetic_data_b/Food_Syn/26.jpeg,a photo of a cuirass.
./data/synthetic/synthetic_data_b/Food_Syn/27.jpeg,a photo of a radio telescope.
./data/synthetic/synthetic_data_b/Food_Syn/28.jpeg,a photo of a warthog.
./data/synthetic/synthetic_data_b/Food_Syn/29.jpeg,a photo of a Rottweiler.
./data/synthetic/synthetic_data_b/Food_Syn/30.jpeg,a photo of a fox squirrel.
./data/synthetic/synthetic_data_b/Food_Syn/31.jpeg,a photo of a mailbox.
./data/synthetic/synthetic_data_b/Food_Syn/32.jpeg,a photo of a Irish Water Spaniel.
./data/synthetic/synthetic_data_b/Food_Syn/33.jpeg,"a photo of a Toyota Sequoia SUV 2012, a type of car."
./data/synthetic/synthetic_data_b/Food_Syn/34.jpeg,a photo of a worm snake.
./data/synthetic/synthetic_data_b/Food_Syn/35.jpeg,a photo of a tights.
./data/synthetic/synthetic_data_b/Food_Syn/36.jpeg,"a photo of a Spyker C8 Coupe 2009, a type of car."
./data/synthetic/synthetic_data_b/Food_Syn/37.jpeg,a photo of a rugby ball.
./data/synthetic/synthetic_data_b/Food_Syn/38.jpeg,a photo of a space shuttle.
./data/synthetic/synthetic_data_b/Food_Syn/39.jpeg,a photo of a altar.
./data/synthetic/synthetic_data_b/Food_Syn/40.jpeg,a photo of a Shih Tzu.
./data/synthetic/synthetic_data_b/Food_Syn/41.jpeg,a photo of a church.
./data/synthetic/synthetic_data_b/Food_Syn/42.jpeg,a photo of a Labrador Retriever.
./data/synthetic/synthetic_data_b/Food_Syn/43.jpeg,a photo of a lab coat.
./data/synthetic/synthetic_data_b/Food_Syn/44.jpeg,a photo of a St. Bernard.
./data/synthetic/synthetic_data_b/Food_Syn/45.jpeg,"a photo of a McLaren MP4-12C Coupe 2012, a type of car."
./data/synthetic/synthetic_data_b/Food_Syn/46.jpeg,a photo of a peafowl.
./data/synthetic/synthetic_data_b/Food_Syn/47.jpeg,a photo of a perfume.
./data/synthetic/synthetic_data_b/Food_Syn/48.jpeg,"a photo of a Dodge Magnum Wagon 2008, a type of car."
./data/synthetic/synthetic_data_b/Food_Syn/49.jpeg,a photo of a turnstile.
./data/synthetic/synthetic_data_b/Food_Syn/50.jpeg,a photo of a fishing casting reel.
./data/synthetic/synthetic_data_b/Food_Syn/51.jpeg,a photo of a common redshank.
./data/synthetic/synthetic_data_b/Food_Syn/52.jpeg,"a photo of a BMW X3 SUV 2012, a type of car."
./data/synthetic/synthetic_data_b/Food_Syn/53.jpeg,a photo of a palace.
./data/synthetic/synthetic_data_b/Food_Syn/54.jpeg,a photo of a fire salamander.
./data/synthetic/synthetic_data_b/Food_Syn/55.jpeg,a photo of a tobacco shop.
./data/synthetic/synthetic_data_b/Food_Syn/56.jpeg,"a photo of a Acura TL Type-S 2008, a type of car."
./data/synthetic/synthetic_data_b/Food_Syn/57.jpeg,a photo of a Clumber Spaniel.
./data/synthetic/synthetic_data_b/Food_Syn/58.jpeg,a photo of a vestment.
./data/synthetic/synthetic_data_b/Food_Syn/59.jpeg,a photo of a prayer rug.
./data/synthetic/synthetic_data_b/Food_Syn/60.jpeg,a photo of a acorn squash.
./data/synthetic/synthetic_data_b/Food_Syn/61.jpeg,a photo of a stick insect.
./data/synthetic/synthetic_data_b/Food_Syn/62.jpeg,a photo of a waffle iron.
./data/synthetic/synthetic_data_b/Food_Syn/63.jpeg,a photo of a otter.
./data/synthetic/synthetic_data_b/Food_Syn/64.jpeg,"a photo of a Chevrolet Silverado 2500HD Regular Cab 2012, a type of car."
./data/synthetic/synthetic_data_b/Food_Syn/65.jpeg,a photo of a filing cabinet.
./data/synthetic/synthetic_data_b/Food_Syn/66.jpeg,"a photo of a Ferrari 458 Italia Convertible 2012, a type of car."
./data/synthetic/synthetic_data_b/Food_Syn/67.jpeg,a photo of a horse chestnut seed.
./data/synthetic/synthetic_data_b/Food_Syn/68.jpeg,a photo of a fig.
./data/synthetic/synthetic_data_b/Food_Syn/69.jpeg,a photo of a wall clock.
./data/synthetic/synthetic_data_b/Food_Syn/70.jpeg,a photo of a envelope.
./data/synthetic/synthetic_data_b/Food_Syn/71.jpeg,a photo of a mobile home.
./data/synthetic/synthetic_data_b/Food_Syn/72.jpeg,a photo of a clogs.
./data/synthetic/synthetic_data_b/Food_Syn/73.jpeg,a photo of a Scottish Deerhound.
./data/synthetic/synthetic_data_b/Food_Syn/74.jpeg,a photo of a gas pump.
./data/synthetic/synthetic_data_b/Food_Syn/75.jpeg,a photo of a plate.
./data/synthetic/synthetic_data_b/Food_Syn/76.jpeg,a photo of a cleaver.
./data/synthetic/synthetic_data_b/Food_Syn/77.jpeg,a photo of a lemon.
./data/synthetic/synthetic_data_b/Food_Syn/78.jpeg,"a photo of a Nissan Leaf Hatchback 2012, a type of car."
./data/synthetic/synthetic_data_b/Food_Syn/79.jpeg,a photo of a saxophone.
./data/synthetic/synthetic_data_b/Food_Syn/80.jpeg,a photo of a oscilloscope.
./data/synthetic/synthetic_data_b/Food_Syn/81.jpeg,a photo of a water snake.
./data/synthetic/synthetic_data_b/Food_Syn/82.jpeg,"a photo of a Audi A5 Coupe 2012, a type of car."
./data/synthetic/synthetic_data_b/Food_Syn/83.jpeg,a photo of a moped.
./data/synthetic/synthetic_data_b/Food_Syn/84.jpeg,a photo of a baboon.
./data/synthetic/synthetic_data_b/Food_Syn/85.jpeg,a photo of a corn cob.
./data/synthetic/synthetic_data_b/Food_Syn/86.jpeg,a photo of a bath towel.
./data/synthetic/synthetic_data_b/Food_Syn/87.jpeg,a photo of a block plane.
./data/synthetic/synthetic_data_b/Food_Syn/88.jpeg,a photo of a diaper.
./data/synthetic/synthetic_data_b/Food_Syn/89.jpeg,a photo of a pajamas.
./data/synthetic/synthetic_data_b/Food_Syn/90.jpeg,a photo of a goblet.
./data/synthetic/synthetic_data_b/Food_Syn/91.jpeg,a photo of a freight car.
./data/synthetic/synthetic_data_b/Food_Syn/92.jpeg,"a photo of a Hyundai Elantra Touring Hatchback 2012, a type of car."
./data/synthetic/synthetic_data_b/Food_Syn/93.jpeg,a photo of a American dipper.
./data/synthetic/synthetic_data_b/Food_Syn/94.jpeg,"a photo of a Chevrolet Camaro Convertible 2012, a type of car."
./data/synthetic/synthetic_data_b/Food_Syn/95.jpeg,a photo of a silver salmon.
./data/synthetic/synthetic_data_b/Food_Syn/96.jpeg,a photo of a Otterhound.
./data/synthetic/synthetic_data_b/Food_Syn/97.jpeg,a photo of a bell or wind chime.
./data/synthetic/synthetic_data_b/Food_Syn/98.jpeg,a photo of a stupa.
./data/synthetic/synthetic_data_b/Food_Syn/99.jpeg,"a photo of a AM General Hummer SUV 2000, a type of car."
./data/synthetic/synthetic_data_b/Food_Syn/100.jpeg,"a photo of a Hyundai Sonata Sedan 2012, a type of car."
./data/synthetic/synthetic_data_b/Food_Syn/101.jpeg,a photo of a storage chest.
./data/synthetic/synthetic_data_b/Food_Syn/102.jpeg,a photo of a lakeshore.
./data/synthetic/synthetic_data_b/Food_Syn/103.jpeg,"a photo of a Acura Integra Type R 2001, a type of car."
./data/synthetic/synthetic_data_b/Food_Syn/104.jpeg,a photo of a comic book.
./data/synthetic/synthetic_data_b/Food_Syn/105.jpeg,a photo of a mud turtle.
./data/synthetic/synthetic_data_b/Food_Syn/106.jpeg,a photo of a Sealyham Terrier.
./data/synthetic/synthetic_data_b/Food_Syn/107.jpeg,a photo of a gymnastic horizontal bar.
./data/synthetic/synthetic_data_b/Food_Syn/108.jpeg,a photo of a bookcase.
./data/synthetic/synthetic_data_b/Food_Syn/109.jpeg,a photo of a strainer.
./data/synthetic/synthetic_data_b/Food_Syn/110.jpeg,a photo of a movie theater.
./data/synthetic/synthetic_data_b/Food_Syn/111.jpeg,a photo of a limousine.
./data/synthetic/synthetic_data_b/Food_Syn/112.jpeg,"a photo of a Volkswagen Beetle Hatchback 2012, a type of car."
./data/synthetic/synthetic_data_b/Food_Syn/113.jpeg,a photo of a radio telescope.
./data/synthetic/synthetic_data_b/Food_Syn/114.jpeg,a photo of a eggnog.
./data/synthetic/synthetic_data_b/Food_Syn/115.jpeg,"a photo of a Hyundai Sonata Hybrid Sedan 2012, a type of car."
./data/synthetic/synthetic_data_b/Food_Syn/116.jpeg,"a photo of a Dodge Sprinter Cargo Van 2009, a type of car."
./data/synthetic/synthetic_data_b/Food_Syn/117.jpeg,a photo of a parking meter.
./data/synthetic/synthetic_data_b/Food_Syn/118.jpeg,a photo of a trimaran.
./data/synthetic/synthetic_data_b/Food_Syn/119.jpeg,"a photo of a Honda Accord Coupe 2012, a type of car."
./data/synthetic/synthetic_data_b/Food_Syn/120.jpeg,a photo of a metal nail.
./data/synthetic/synthetic_data_b/Food_Syn/121.jpeg,a photo of a pill bottle.
./data/synthetic/synthetic_data_b/Food_Syn/122.jpeg,a photo of a popsicle.
./data/synthetic/synthetic_data_b/Food_Syn/123.jpeg,a photo of a fireboat.
./data/synthetic/synthetic_data_b/Food_Syn/124.jpeg,a photo of a limousine.
./data/synthetic/synthetic_data_b/Food_Syn/125.jpeg,a photo of a cowboy boot.
./data/synthetic/synthetic_data_b/Food_Syn/126.jpeg,a photo of a canoe.
./data/synthetic/synthetic_data_b/Food_Syn/127.jpeg,a photo of a St. Bernard.
./data/synthetic/synthetic_data_b/Food_Syn/128.jpeg,a photo of a sturgeon.
./data/synthetic/synthetic_data_b/Food_Syn/129.jpeg,a photo of a maze.
./data/synthetic/synthetic_data_b/Food_Syn/130.jpeg,a photo of a Tibetan Mastiff.
./data/synthetic/synthetic_data_b/Food_Syn/131.jpeg,"a photo of a Eagle Talon Hatchback 1998, a type of car."
./data/synthetic/synthetic_data_b/Food_Syn/132.jpeg,a photo of a howler monkey.
./data/synthetic/synthetic_data_b/Food_Syn/133.jpeg,a photo of a rock beauty fish.
./data/synthetic/synthetic_data_b/Food_Syn/134.jpeg,a photo of a baby bib.
./data/synthetic/synthetic_data_b/Food_Syn/135.jpeg,a photo of a coral fungus.
./data/synthetic/synthetic_data_b/Food_Syn/136.jpeg,a photo of a French horn.
./data/synthetic/synthetic_data_b/Food_Syn/137.jpeg,"a photo of a Chevrolet Silverado 1500 Regular Cab 2012, a type of car."
./data/synthetic/synthetic_data_b/Food_Syn/138.jpeg,a photo of a grand piano.
./data/synthetic/synthetic_data_b/Food_Syn/139.jpeg,a photo of a Flat-Coated Retriever.
./data/synthetic/synthetic_data_b/Food_Syn/140.jpeg,a photo of a pufferfish.
./data/synthetic/synthetic_data_b/Food_Syn/141.jpeg,a photo of a clothes iron.
./data/synthetic/synthetic_data_b/Food_Syn/142.jpeg,a photo of a bulletproof vest.
./data/synthetic/synthetic_data_b/Food_Syn/143.jpeg,a photo of a potter's wheel.
./data/synthetic/synthetic_data_b/Food_Syn/144.jpeg,a photo of a chimpanzee.
./data/synthetic/synthetic_data_b/Food_Syn/145.jpeg,a photo of a lampshade.
./data/synthetic/synthetic_data_b/Food_Syn/146.jpeg,a photo of a spotted salamander.
./data/synthetic/synthetic_data_b/Food_Syn/147.jpeg,"a photo of a Dodge Durango SUV 2012, a type of car."
./data/synthetic/synthetic_data_b/Food_Syn/148.jpeg,a photo of a Pomeranian.
./data/synthetic/synthetic_data_b/Food_Syn/149.jpeg,a photo of a forklift.
./data/synthetic/synthetic_data_b/Food_Syn/150.jpeg,a photo of a hornbill.
./data/synthetic/synthetic_data_b/Food_Syn/151.jpeg,a photo of a nematode.
./data/synthetic/synthetic_data_b/Food_Syn/152.jpeg,"a photo of a Hyundai Sonata Hybrid Sedan 2012, a type of car."
./data/synthetic/synthetic_data_b/Food_Syn/153.jpeg,a photo of a home theater.
./data/synthetic/synthetic_data_b/Food_Syn/154.jpeg,a photo of a Samoyed.
./data/synthetic/synthetic_data_b/Food_Syn/155.jpeg,"a photo of a Acura Integra Type R 2001, a type of car."
./data/synthetic/synthetic_data_b/Food_Syn/156.jpeg,a photo of a German Shorthaired Pointer.
./data/synthetic/synthetic_data_b/Food_Syn/157.jpeg,a photo of a fire salamander.
./data/synthetic/synthetic_data_b/Food_Syn/158.jpeg,"a photo of a Rolls-Royce Ghost Sedan 2012, a type of car."
./data/synthetic/synthetic_data_b/Food_Syn/159.jpeg,a photo of a grocery store.
./data/synthetic/synthetic_data_b/Food_Syn/160.jpeg,a photo of a dough.
./data/synthetic/synthetic_data_b/Food_Syn/161.jpeg,a photo of a volcano.
./data/synthetic/synthetic_data_b/Food_Syn/162.jpeg,a photo of a whistle.
./data/synthetic/synthetic_data_b/Food_Syn/163.jpeg,a photo of a pajamas.
./data/synthetic/synthetic_data_b/Food_Syn/164.jpeg,a photo of a marmoset.
./data/synthetic/synthetic_data_b/Food_Syn/165.jpeg,a photo of a koala.
./data/synthetic/synthetic_data_b/Food_Syn/166.jpeg,a photo of a construction crane.
./data/synthetic/synthetic_data_b/Food_Syn/167.jpeg,a photo of a beach.
./data/synthetic/synthetic_data_b/Food_Syn/168.jpeg,a photo of a Bouvier des Flandres dog.
./data/synthetic/synthetic_data_b/Food_Syn/169.jpeg,a photo of a bittern bird.
./data/synthetic/synthetic_data_b/Food_Syn/170.jpeg,a photo of a steam locomotive.
./data/synthetic/synthetic_data_b/Food_Syn/171.jpeg,"a photo of a Aston Martin V8 Vantage Convertible 2012, a type of car."
./data/synthetic/synthetic_data_b/Food_Syn/172.jpeg,a photo of a Chihuahua.
./data/synthetic/synthetic_data_b/Food_Syn/173.jpeg,"a photo of a Suzuki Kizashi Sedan 2012, a type of car."
./data/synthetic/synthetic_data_b/Food_Syn/174.jpeg,a photo of a brain coral.
./data/synthetic/synthetic_data_b/Food_Syn/175.jpeg,a photo of a ant.
./data/synthetic/synthetic_data_b/Food_Syn/176.jpeg,a photo of a dung beetle.
./data/synthetic/synthetic_data_b/Food_Syn/177.jpeg,"a photo of a Lamborghini Diablo Coupe 2001, a type of car."
./data/synthetic/synthetic_data_b/Food_Syn/178.jpeg,a photo of a lens cap.
./data/synthetic/synthetic_data_b/Food_Syn/179.jpeg,a photo of a Norwegian Elkhound.
./data/synthetic/synthetic_data_b/Food_Syn/180.jpeg,a photo of a computer keyboard.
./data/synthetic/synthetic_data_b/Food_Syn/181.jpeg,a photo of a Boxer.
./data/synthetic/synthetic_data_b/Food_Syn/182.jpeg,"a photo of a Isuzu Ascender SUV 2008, a type of car."
./data/synthetic/synthetic_data_b/Food_Syn/183.jpeg,a photo of a tennis ball.
./data/synthetic/synthetic_data_b/Food_Syn/184.jpeg,a photo of a broom.
./data/synthetic/synthetic_data_b/Food_Syn/185.jpeg,"a photo of a Chevrolet Express Van 2007, a type of car."
./data/synthetic/synthetic_data_b/Food_Syn/186.jpeg,a photo of a school bus.
./data/synthetic/synthetic_data_b/Food_Syn/187.jpeg,a photo of a menu.
./data/synthetic/synthetic_data_b/Food_Syn/188.jpeg,a photo of a Windsor tie.
./data/synthetic/synthetic_data_b/Food_Syn/189.jpeg,a photo of a jeans.
./data/synthetic/synthetic_data_b/Food_Syn/190.jpeg,a photo of a typewriter keyboard.
./data/synthetic/synthetic_data_b/Food_Syn/191.jpeg,a photo of a lifeboat.
./data/synthetic/synthetic_data_b/Food_Syn/192.jpeg,"a photo of a Mercedes-Benz S-Class Sedan 2012, a type of car."
./data/synthetic/synthetic_data_b/Food_Syn/193.jpeg,a photo of a spiny lobster.
./data/synthetic/synthetic_data_b/Food_Syn/194.jpeg,a photo of a West Highland White Terrier.
./data/synthetic/synthetic_data_b/Food_Syn/195.jpeg,a photo of a barn.
./data/synthetic/synthetic_data_b/Food_Syn/196.jpeg,a photo of a bassoon.
./data/synthetic/synthetic_data_b/Food_Syn/197.jpeg,a photo of a drum.
./data/synthetic/synthetic_data_b/Food_Syn/198.jpeg,a photo of a Treeing Walker Coonhound.
./data/synthetic/synthetic_data_b/Food_Syn/199.jpeg,a photo of a red admiral butterfly.
./data/synthetic/synthetic_data_b/Food_Syn/200.jpeg,a photo of a chainsaw.
./data/synthetic/synthetic_data_b/Food_Syn/201.jpeg,a photo of a llama.
./data/synthetic/synthetic_data_b/Food_Syn/202.jpeg,"a photo of a Hyundai Santa Fe SUV 2012, a type of car."
./data/synthetic/synthetic_data_b/Food_Syn/203.jpeg,a photo of a Maltese.
./data/synthetic/synthetic_data_b/Food_Syn/204.jpeg,a photo of a damselfly.
./data/synthetic/synthetic_data_b/Food_Syn/205.jpeg,a photo of a electric ray.
./data/synthetic/synthetic_data_b/Food_Syn/206.jpeg,a photo of a sunglasses.
./data/synthetic/synthetic_data_b/Food_Syn/207.jpeg,a photo of a menu.
./data/synthetic/synthetic_data_b/Food_Syn/208.jpeg,a photo of a meatloaf.
./data/synthetic/synthetic_data_b/Food_Syn/209.jpeg,a photo of a hatchet.
./data/synthetic/synthetic_data_b/Food_Syn/210.jpeg,a photo of a Saharan horned viper.
./data/synthetic/synthetic_data_b/Food_Syn/211.jpeg,a photo of a cardigan.
./data/synthetic/synthetic_data_b/Food_Syn/212.jpeg,a photo of a hand-held computer.
./data/synthetic/synthetic_data_b/Food_Syn/213.jpeg,a photo of a grand piano.
./data/synthetic/synthetic_data_b/Food_Syn/214.jpeg,a photo of a popsicle.
./data/synthetic/synthetic_data_b/Food_Syn/215.jpeg,a photo of a king penguin.
./data/synthetic/synthetic_data_b/Food_Syn/216.jpeg,a photo of a cardboard box / carton.
./data/synthetic/synthetic_data_b/Food_Syn/217.jpeg,a photo of a drum.
./data/synthetic/synthetic_data_b/Food_Syn/218.jpeg,a photo of a airship.
./data/synthetic/synthetic_data_b/Food_Syn/219.jpeg,a photo of a tricycle.
./data/synthetic/synthetic_data_b/Food_Syn/220.jpeg,a photo of a German Shepherd Dog.
./data/synthetic/synthetic_data_b/Food_Syn/221.jpeg,"a photo of a Ford E-Series Wagon Van 2012, a type of car."
./data/synthetic/synthetic_data_b/Food_Syn/222.jpeg,a photo of a breakwater.
./data/synthetic/synthetic_data_b/Food_Syn/223.jpeg,a photo of a dung beetle.
./data/synthetic/synthetic_data_b/Food_Syn/224.jpeg,a photo of a Dutch oven.
./data/synthetic/synthetic_data_b/Food_Syn/225.jpeg,a photo of a lion.
./data/synthetic/synthetic_data_b/Food_Syn/226.jpeg,a photo of a albatross.
./data/synthetic/synthetic_data_b/Food_Syn/227.jpeg,a photo of a American lobster.
./data/synthetic/synthetic_data_b/Food_Syn/228.jpeg,a photo of a common sorrel horse.
./data/synthetic/synthetic_data_b/Food_Syn/229.jpeg,a photo of a lipstick.
./data/synthetic/synthetic_data_b/Food_Syn/230.jpeg,"a photo of a Mercedes-Benz Sprinter Van 2012, a type of car."
./data/synthetic/synthetic_data_b/Food_Syn/231.jpeg,a photo of a handkerchief.
./data/synthetic/synthetic_data_b/Food_Syn/232.jpeg,a photo of a water jug.
./data/synthetic/synthetic_data_b/Food_Syn/233.jpeg,a photo of a pug.
./data/synthetic/synthetic_data_b/Food_Syn/234.jpeg,a photo of a carbonara.
./data/synthetic/synthetic_data_b/Food_Syn/235.jpeg,a photo of a lens cap.
./data/synthetic/synthetic_data_b/Food_Syn/236.jpeg,a photo of a scarf.
./data/synthetic/synthetic_data_b/Food_Syn/237.jpeg,a photo of a flagpole.
./data/synthetic/synthetic_data_b/Food_Syn/238.jpeg,"a photo of a Audi TT RS Coupe 2012, a type of car."
./data/synthetic/synthetic_data_b/Food_Syn/239.jpeg,"a photo of a Ford F-450 Super Duty Crew Cab 2012, a type of car."
./data/synthetic/synthetic_data_b/Food_Syn/240.jpeg,"a photo of a Audi RS 4 Convertible 2008, a type of car."
./data/synthetic/synthetic_data_b/Food_Syn/241.jpeg,a photo of a sink.
./data/synthetic/synthetic_data_b/Food_Syn/242.jpeg,a photo of a Bluetick Coonhound.
./data/synthetic/synthetic_data_b/Food_Syn/243.jpeg,a photo of a ptarmigan.
./data/synthetic/synthetic_data_b/Food_Syn/244.jpeg,a photo of a vaulted or arched ceiling.
./data/synthetic/synthetic_data_b/Food_Syn/245.jpeg,a photo of a mobile home.
./data/synthetic/synthetic_data_b/Food_Syn/246.jpeg,a photo of a corkscrew.
./data/synthetic/synthetic_data_b/Food_Syn/247.jpeg,a photo of a worm snake.
./data/synthetic/synthetic_data_b/Food_Syn/248.jpeg,a photo of a Yorkshire Terrier.
./data/synthetic/synthetic_data_b/Food_Syn/249.jpeg,a photo of a taxicab.
./data/synthetic/synthetic_data_b/Food_Syn/250.jpeg,"a photo of a Spyker C8 Convertible 2009, a type of car."
./data/synthetic/synthetic_data_b/Food_Syn/251.jpeg,a photo of a agama.
./data/synthetic/synthetic_data_b/Food_Syn/252.jpeg,a photo of a face powder.
./data/synthetic/synthetic_data_b/Food_Syn/253.jpeg,"a photo of a Suzuki Aerio Sedan 2007, a type of car."
./data/synthetic/synthetic_data_b/Food_Syn/254.jpeg,a photo of a ruffed grouse.
./data/synthetic/synthetic_data_b/Food_Syn/255.jpeg,a photo of a European polecat.
./data/synthetic/synthetic_data_b/Food_Syn/256.jpeg,a photo of a pizza.
./data/synthetic/synthetic_data_b/Food_Syn/257.jpeg,"a photo of a Chevrolet Sonic Sedan 2012, a type of car."
./data/synthetic/synthetic_data_b/Food_Syn/258.jpeg,a photo of a window shade.
./data/synthetic/synthetic_data_b/Food_Syn/259.jpeg,a photo of a garbage truck.
./data/synthetic/synthetic_data_b/Food_Syn/260.jpeg,a photo of a patas monkey.
./data/synthetic/synthetic_data_b/Food_Syn/261.jpeg,a photo of a wall clock.
./data/synthetic/synthetic_data_b/Food_Syn/262.jpeg,"a photo of a Aston Martin V8 Vantage Convertible 2012, a type of car."
./data/synthetic/synthetic_data_b/Food_Syn/263.jpeg,a photo of a Norwich Terrier.
./data/synthetic/synthetic_data_b/Food_Syn/264.jpeg,a photo of a meatloaf.
./data/synthetic/synthetic_data_b/Food_Syn/265.jpeg,a photo of a Petri dish.
./data/synthetic/synthetic_data_b/Food_Syn/266.jpeg,a photo of a sunglasses.
./data/synthetic/synthetic_data_b/Food_Syn/267.jpeg,a photo of a obelisk.
./data/synthetic/synthetic_data_b/Food_Syn/268.jpeg,a photo of a missile.
./data/synthetic/synthetic_data_b/Food_Syn/269.jpeg,a photo of a Gordon Setter.
./data/synthetic/synthetic_data_b/Food_Syn/270.jpeg,a photo of a sea cucumber.
./data/synthetic/synthetic_data_b/Food_Syn/271.jpeg,a photo of a moving van.
./data/synthetic/synthetic_data_b/Food_Syn/272.jpeg,a photo of a swing.
./data/synthetic/synthetic_data_b/Food_Syn/273.jpeg,"a photo of a Audi R8 Coupe 2012, a type of car."
./data/synthetic/synthetic_data_b/Food_Syn/274.jpeg,a photo of a hand-held computer.
./data/synthetic/synthetic_data_b/Food_Syn/275.jpeg,a photo of a steam locomotive.
./data/synthetic/synthetic_data_b/Food_Syn/276.jpeg,"a photo of a Honda Odyssey Minivan 2007, a type of car."
./data/synthetic/synthetic_data_b/Food_Syn/277.jpeg,a photo of a southern black widow.
./data/synthetic/synthetic_data_b/Food_Syn/278.jpeg,a photo of a bagel.
./data/synthetic/synthetic_data_b/Food_Syn/279.jpeg,a photo of a American Staffordshire Terrier.
./data/synthetic/synthetic_data_b/Food_Syn/280.jpeg,a photo of a matchstick.
./data/synthetic/synthetic_data_b/Food_Syn/281.jpeg,a photo of a cradle.
./data/synthetic/synthetic_data_b/Food_Syn/282.jpeg,a photo of a modem.
./data/synthetic/synthetic_data_b/Food_Syn/283.jpeg,a photo of a Miniature Pinscher.
./data/synthetic/synthetic_data_b/Food_Syn/284.jpeg,a photo of a stove.
./data/synthetic/synthetic_data_b/Food_Syn/285.jpeg,"a photo of a Chevrolet Silverado 1500 Hybrid Crew Cab 2012, a type of car."
./data/synthetic/synthetic_data_b/Food_Syn/286.jpeg,a photo of a great white shark.
./data/synthetic/synthetic_data_b/Food_Syn/287.jpeg,"a photo of a Ford GT Coupe 2006, a type of car."
./data/synthetic/synthetic_data_b/Food_Syn/288.jpeg,a photo of a cardoon.
./data/synthetic/synthetic_data_b/Food_Syn/289.jpeg,a photo of a table lamp.
./data/synthetic/synthetic_data_b/Food_Syn/290.jpeg,a photo of a nematode.
./data/synthetic/synthetic_data_b/Food_Syn/291.jpeg,a photo of a indri.
./data/synthetic/synthetic_data_b/Food_Syn/292.jpeg,"a photo of a Chevrolet Tahoe Hybrid SUV 2012, a type of car."
./data/synthetic/synthetic_data_b/Food_Syn/293.jpeg,a photo of a power drill.
./data/synthetic/synthetic_data_b/Food_Syn/294.jpeg,"a photo of a Audi S5 Convertible 2012, a type of car."
./data/synthetic/synthetic_data_b/Food_Syn/295.jpeg,a photo of a window shade.
./data/synthetic/synthetic_data_b/Food_Syn/296.jpeg,a photo of a koala.
./data/synthetic/synthetic_data_b/Food_Syn/297.jpeg,a photo of a balance beam.
./data/synthetic/synthetic_data_b/Food_Syn/298.jpeg,a photo of a electric guitar.
./data/synthetic/synthetic_data_b/Food_Syn/299.jpeg,"a photo of a HUMMER H2 SUT Crew Cab 2009, a type of car."
./data/synthetic/synthetic_data_b/Food_Syn/300.jpeg,a photo of a Mexican hairless dog (xoloitzcuintli).
./data/synthetic/synthetic_data_b/Food_Syn/301.jpeg,a photo of a hair dryer.
./data/synthetic/synthetic_data_b/Food_Syn/302.jpeg,a photo of a washing machine.
./data/synthetic/synthetic_data_b/Food_Syn/303.jpeg,a photo of a agaric.
./data/synthetic/synthetic_data_b/Food_Syn/304.jpeg,a photo of a husky.
./data/synthetic/synthetic_data_b/Food_Syn/305.jpeg,a photo of a vine snake.
./data/synthetic/synthetic_data_b/Food_Syn/306.jpeg,a photo of a chain mail.
./data/synthetic/synthetic_data_b/Food_Syn/307.jpeg,a photo of a small white butterfly.
./data/synthetic/synthetic_data_b/Food_Syn/308.jpeg,a photo of a messenger bag.
./data/synthetic/synthetic_data_b/Food_Syn/309.jpeg,"a photo of a Honda Accord Sedan 2012, a type of car."
./data/synthetic/synthetic_data_b/Food_Syn/310.jpeg,a photo of a spotted salamander.
./data/synthetic/synthetic_data_b/Food_Syn/311.jpeg,"a photo of a Hyundai Tucson SUV 2012, a type of car."
./data/synthetic/synthetic_data_b/Food_Syn/312.jpeg,a photo of a sundial.
./data/synthetic/synthetic_data_b/Food_Syn/313.jpeg,a photo of a Sealyham Terrier.
./data/synthetic/synthetic_data_b/Food_Syn/314.jpeg,a photo of a breakwater.
./data/synthetic/synthetic_data_b/Food_Syn/315.jpeg,a photo of a Border Collie.
./data/synthetic/synthetic_data_b/Food_Syn/316.jpeg,a photo of a bell pepper.
./data/synthetic/synthetic_data_b/Food_Syn/317.jpeg,a photo of a Appenzeller Sennenhund.
./data/synthetic/synthetic_data_b/Food_Syn/318.jpeg,a photo of a praying mantis.
./data/synthetic/synthetic_data_b/Food_Syn/319.jpeg,"a photo of a Audi S5 Convertible 2012, a type of car."
./data/synthetic/synthetic_data_b/Food_Syn/320.jpeg,a photo of a holster.
./data/synthetic/synthetic_data_b/Food_Syn/321.jpeg,"a photo of a Bentley Continental GT Coupe 2007, a type of car."
./data/synthetic/synthetic_data_b/Food_Syn/322.jpeg,a photo of a folding chair.
./data/synthetic/synthetic_data_b/Food_Syn/323.jpeg,a photo of a teddy bear.
./data/synthetic/synthetic_data_b/Food_Syn/324.jpeg,a photo of a acorn.
./data/synthetic/synthetic_data_b/Food_Syn/325.jpeg,a photo of a espresso.
./data/synthetic/synthetic_data_b/Food_Syn/326.jpeg,a photo of a cleaver.
./data/synthetic/synthetic_data_b/Food_Syn/327.jpeg,a photo of a mashed potatoes.
./data/synthetic/synthetic_data_b/Food_Syn/328.jpeg,"a photo of a Honda Accord Sedan 2012, a type of car."
./data/synthetic/synthetic_data_b/Food_Syn/329.jpeg,a photo of a polar bear.
./data/synthetic/synthetic_data_b/Food_Syn/330.jpeg,a photo of a seat belt.
./data/synthetic/synthetic_data_b/Food_Syn/331.jpeg,a photo of a eel.
./data/synthetic/synthetic_data_b/Food_Syn/332.jpeg,"a photo of a Bentley Mulsanne Sedan 2011, a type of car."
./data/synthetic/synthetic_data_b/Food_Syn/333.jpeg,a photo of a Arctic fox.
./data/synthetic/synthetic_data_b/Food_Syn/334.jpeg,a photo of a dowitcher.
./data/synthetic/synthetic_data_b/Food_Syn/335.jpeg,a photo of a freight car.
./data/synthetic/synthetic_data_b/Food_Syn/336.jpeg,a photo of a teapot.
./data/synthetic/synthetic_data_b/Food_Syn/337.jpeg,a photo of a paintbrush.
./data/synthetic/synthetic_data_b/Food_Syn/338.jpeg,"a photo of a Bentley Arnage Sedan 2009, a type of car."
./data/synthetic/synthetic_data_b/Food_Syn/339.jpeg,a photo of a electric locomotive.
./data/synthetic/synthetic_data_b/Food_Syn/340.jpeg,a photo of a electric ray.
./data/synthetic/synthetic_data_b/Food_Syn/341.jpeg,a photo of a grand piano.
./data/synthetic/synthetic_data_b/Food_Syn/342.jpeg,a photo of a jigsaw puzzle.
./data/synthetic/synthetic_data_b/Food_Syn/343.jpeg,"a photo of a Toyota Corolla Sedan 2012, a type of car."
./data/synthetic/synthetic_data_b/Food_Syn/344.jpeg,"a photo of a Acura TL Sedan 2012, a type of car."
./data/synthetic/synthetic_data_b/Food_Syn/345.jpeg,a photo of a leaf beetle.
./data/synthetic/synthetic_data_b/Food_Syn/346.jpeg,a photo of a sailboat.
./data/synthetic/synthetic_data_b/Food_Syn/347.jpeg,"a photo of a Ferrari 458 Italia Coupe 2012, a type of car."
./data/synthetic/synthetic_data_b/Food_Syn/348.jpeg,a photo of a coral fungus.
./data/synthetic/synthetic_data_b/Food_Syn/349.jpeg,a photo of a patio.
./data/synthetic/synthetic_data_b/Food_Syn/350.jpeg,a photo of a baby pacifier.
./data/synthetic/synthetic_data_b/Food_Syn/351.jpeg,"a photo of a Hyundai Santa Fe SUV 2012, a type of car."
./data/synthetic/synthetic_data_b/Food_Syn/352.jpeg,"a photo of a Ford F-150 Regular Cab 2012, a type of car."
./data/synthetic/synthetic_data_b/Food_Syn/353.jpeg,a photo of a safety pin.
./data/synthetic/synthetic_data_b/Food_Syn/354.jpeg,a photo of a pretzel.
./data/synthetic/synthetic_data_b/Food_Syn/355.jpeg,a photo of a mixing bowl.
./data/synthetic/synthetic_data_b/Food_Syn/356.jpeg,a photo of a African bush elephant.
./data/synthetic/synthetic_data_b/Food_Syn/357.jpeg,a photo of a chain-link fence.
./data/synthetic/synthetic_data_b/Food_Syn/358.jpeg,"a photo of a Plymouth Neon Coupe 1999, a type of car."
./data/synthetic/synthetic_data_b/Food_Syn/359.jpeg,a photo of a screwdriver.
./data/synthetic/synthetic_data_b/Food_Syn/360.jpeg,a photo of a cardboard box / carton.
./data/synthetic/synthetic_data_b/Food_Syn/361.jpeg,a photo of a sweatshirt.
./data/synthetic/synthetic_data_b/Food_Syn/362.jpeg,a photo of a sulphur-crested cockatoo.
./data/synthetic/synthetic_data_b/Food_Syn/363.jpeg,a photo of a microwave oven.
./data/synthetic/synthetic_data_b/Food_Syn/364.jpeg,a photo of a tea cup.
./data/synthetic/synthetic_data_b/Food_Syn/365.jpeg,a photo of a schooner.
./data/synthetic/synthetic_data_b/Food_Syn/366.jpeg,a photo of a shopping basket.
./data/synthetic/synthetic_data_b/Food_Syn/367.jpeg,a photo of a grasshopper.
./data/synthetic/synthetic_data_b/Food_Syn/368.jpeg,"a photo of a Audi R8 Coupe 2012, a type of car."
./data/synthetic/synthetic_data_b/Food_Syn/369.jpeg,a photo of a southern black widow.
./data/synthetic/synthetic_data_b/Food_Syn/370.jpeg,a photo of a Samoyed.
./data/synthetic/synthetic_data_b/Food_Syn/371.jpeg,"a photo of a BMW 3 Series Sedan 2012, a type of car."
./data/synthetic/synthetic_data_b/Food_Syn/372.jpeg,a photo of a necklace.
./data/synthetic/synthetic_data_b/Food_Syn/373.jpeg,a photo of a Flat-Coated Retriever.
./data/synthetic/synthetic_data_b/Food_Syn/374.jpeg,a photo of a whiskey jug.
./data/synthetic/synthetic_data_b/Food_Syn/375.jpeg,a photo of a Lhasa Apso.
./data/synthetic/synthetic_data_b/Food_Syn/376.jpeg,"a photo of a Chrysler Town and Country Minivan 2012, a type of car."
./data/synthetic/synthetic_data_b/Food_Syn/377.jpeg,a photo of a mashed potatoes.
./data/synthetic/synthetic_data_b/Food_Syn/378.jpeg,a photo of a tree frog.
./data/synthetic/synthetic_data_b/Food_Syn/379.jpeg,a photo of a American black bear.
./data/synthetic/synthetic_data_b/Food_Syn/380.jpeg,a photo of a suspension bridge.
./data/synthetic/synthetic_data_b/Food_Syn/381.jpeg,a photo of a cicada.
./data/synthetic/synthetic_data_b/Food_Syn/382.jpeg,a photo of a Maltese.
./data/synthetic/synthetic_data_b/Food_Syn/383.jpeg,a photo of a dough.
./data/synthetic/synthetic_data_b/Food_Syn/384.jpeg,a photo of a drumstick.
./data/synthetic/synthetic_data_b/Food_Syn/385.jpeg,a photo of a paddle.
./data/synthetic/synthetic_data_b/Food_Syn/386.jpeg,a photo of a motorboat.
./data/synthetic/synthetic_data_b/Food_Syn/387.jpeg,a photo of a Bluetick Coonhound.
./data/synthetic/synthetic_data_b/Food_Syn/388.jpeg,a photo of a tent.
./data/synthetic/synthetic_data_b/Food_Syn/389.jpeg,"a photo of a Dodge Challenger SRT8 2011, a type of car."
./data/synthetic/synthetic_data_b/Food_Syn/390.jpeg,a photo of a weighing scale.
./data/synthetic/synthetic_data_b/Food_Syn/391.jpeg,a photo of a medicine cabinet.
./data/synthetic/synthetic_data_b/Food_Syn/392.jpeg,a photo of a toilet paper.
./data/synthetic/synthetic_data_b/Food_Syn/393.jpeg,"a photo of a Ford Expedition EL SUV 2009, a type of car."
./data/synthetic/synthetic_data_b/Food_Syn/394.jpeg,a photo of a barn spider.
./data/synthetic/synthetic_data_b/Food_Syn/395.jpeg,a photo of a dunlin.
./data/synthetic/synthetic_data_b/Food_Syn/396.jpeg,a photo of a automated teller machine.
./data/synthetic/synthetic_data_b/Food_Syn/397.jpeg,a photo of a hamper.
./data/synthetic/synthetic_data_b/Food_Syn/398.jpeg,a photo of a bulletproof vest.
./data/synthetic/synthetic_data_b/Food_Syn/399.jpeg,a photo of a Norfolk Terrier.
./data/synthetic/synthetic_data_b/Food_Syn/400.jpeg,a photo of a viaduct.
./data/synthetic/synthetic_data_b/Food_Syn/401.jpeg,a photo of a Australian Silky Terrier.
./data/synthetic/synthetic_data_b/Food_Syn/402.jpeg,a photo of a Flat-Coated Retriever.
./data/synthetic/synthetic_data_b/Food_Syn/403.jpeg,a photo of a airplane wing.
./data/synthetic/synthetic_data_b/Food_Syn/404.jpeg,a photo of a zebra.
./data/synthetic/synthetic_data_b/Food_Syn/405.jpeg,a photo of a joystick.
./data/synthetic/synthetic_data_b/Food_Syn/406.jpeg,a photo of a vine snake.
./data/synthetic/synthetic_data_b/Food_Syn/407.jpeg,a photo of a hummingbird.
./data/synthetic/synthetic_data_b/Food_Syn/408.jpeg,a photo of a monitor.
./data/synthetic/synthetic_data_b/Food_Syn/409.jpeg,a photo of a slug.
./data/synthetic/synthetic_data_b/Food_Syn/410.jpeg,a photo of a hook.
./data/synthetic/synthetic_data_b/Food_Syn/411.jpeg,a photo of a police van.
./data/synthetic/synthetic_data_b/Food_Syn/412.jpeg,a photo of a eraser.
./data/synthetic/synthetic_data_b/Food_Syn/413.jpeg,a photo of a vacuum cleaner.
./data/synthetic/synthetic_data_b/Food_Syn/414.jpeg,a photo of a mongoose.
./data/synthetic/synthetic_data_b/Food_Syn/415.jpeg,a photo of a cliff dwelling.
./data/synthetic/synthetic_data_b/Food_Syn/416.jpeg,"a photo of a Dodge Sprinter Cargo Van 2009, a type of car."
./data/synthetic/synthetic_data_b/Food_Syn/417.jpeg,a photo of a swing.
./data/synthetic/synthetic_data_b/Food_Syn/418.jpeg,"a photo of a McLaren MP4-12C Coupe 2012, a type of car."
./data/synthetic/synthetic_data_b/Food_Syn/419.jpeg,a photo of a gibbon.
./data/synthetic/synthetic_data_b/Food_Syn/420.jpeg,a photo of a ram (adult male sheep).
./data/synthetic/synthetic_data_b/Food_Syn/421.jpeg,a photo of a European polecat.
./data/synthetic/synthetic_data_b/Food_Syn/422.jpeg,a photo of a Basset Hound.
./data/synthetic/synthetic_data_b/Food_Syn/423.jpeg,a photo of a screw.
./data/synthetic/synthetic_data_b/Food_Syn/424.jpeg,a photo of a chiffonier.
./data/synthetic/synthetic_data_b/Food_Syn/425.jpeg,"a photo of a Audi S6 Sedan 2011, a type of car."
./data/synthetic/synthetic_data_b/Food_Syn/426.jpeg,"a photo of a Volvo XC90 SUV 2007, a type of car."
./data/synthetic/synthetic_data_b/Food_Syn/427.jpeg,a photo of a cheetah.
./data/synthetic/synthetic_data_b/Food_Syn/428.jpeg,a photo of a car mirror.
./data/synthetic/synthetic_data_b/Food_Syn/429.jpeg,a photo of a artichoke.
./data/synthetic/synthetic_data_b/Food_Syn/430.jpeg,a photo of a infant bed.
./data/synthetic/synthetic_data_b/Food_Syn/431.jpeg,a photo of a acorn squash.
./data/synthetic/synthetic_data_b/Food_Syn/432.jpeg,a photo of a croquet ball.
./data/synthetic/synthetic_data_b/Food_Syn/433.jpeg,a photo of a chickadee.
./data/synthetic/synthetic_data_b/Food_Syn/434.jpeg,a photo of a fig.
./data/synthetic/synthetic_data_b/Food_Syn/435.jpeg,a photo of a hair dryer.
./data/synthetic/synthetic_data_b/Food_Syn/436.jpeg,"a photo of a GMC Yukon Hybrid SUV 2012, a type of car."
./data/synthetic/synthetic_data_b/Food_Syn/437.jpeg,a photo of a monarch butterfly.
./data/synthetic/synthetic_data_b/Food_Syn/438.jpeg,a photo of a Chihuahua.
./data/synthetic/synthetic_data_b/Food_Syn/439.jpeg,a photo of a window screen.
./data/synthetic/synthetic_data_b/Food_Syn/440.jpeg,a photo of a payphone.
./data/synthetic/synthetic_data_b/Food_Syn/441.jpeg,a photo of a rickshaw.
./data/synthetic/synthetic_data_b/Food_Syn/442.jpeg,a photo of a tray.
./data/synthetic/synthetic_data_b/Food_Syn/443.jpeg,a photo of a corkscrew.
./data/synthetic/synthetic_data_b/Food_Syn/444.jpeg,a photo of a mashed potatoes.
./data/synthetic/synthetic_data_b/Food_Syn/445.jpeg,a photo of a ladle.
./data/synthetic/synthetic_data_b/Food_Syn/446.jpeg,a photo of a ambulance.
./data/synthetic/synthetic_data_b/Food_Syn/447.jpeg,a photo of a shield.
./data/synthetic/synthetic_data_b/Food_Syn/448.jpeg,a photo of a rose hip.
./data/synthetic/synthetic_data_b/Food_Syn/449.jpeg,a photo of a Welsh Springer Spaniel.
./data/synthetic/synthetic_data_b/Food_Syn/450.jpeg,a photo of a CD player.
./data/synthetic/synthetic_data_b/Food_Syn/451.jpeg,a photo of a scoreboard.
./data/synthetic/synthetic_data_b/Food_Syn/452.jpeg,"a photo of a Plymouth Neon Coupe 1999, a type of car."
./data/synthetic/synthetic_data_b/Food_Syn/453.jpeg,a photo of a poncho.
./data/synthetic/synthetic_data_b/Food_Syn/454.jpeg,"a photo of a Scion xD Hatchback 2012, a type of car."
./data/synthetic/synthetic_data_b/Food_Syn/455.jpeg,a photo of a iPod.
./data/synthetic/synthetic_data_b/Food_Syn/456.jpeg,a photo of a hourglass.
./data/synthetic/synthetic_data_b/Food_Syn/457.jpeg,a photo of a alligator lizard.
./data/synthetic/synthetic_data_b/Food_Syn/458.jpeg,a photo of a keyboard space bar.
./data/synthetic/synthetic_data_b/Food_Syn/459.jpeg,a photo of a fountain.
./data/synthetic/synthetic_data_b/Food_Syn/460.jpeg,a photo of a bulbul.
./data/synthetic/synthetic_data_b/Food_Syn/461.jpeg,"a photo of a McLaren MP4-12C Coupe 2012, a type of car."
./data/synthetic/synthetic_data_b/Food_Syn/462.jpeg,a photo of a black swan.
./data/synthetic/synthetic_data_b/Food_Syn/463.jpeg,"a photo of a Audi 100 Wagon 1994, a type of car."
./data/synthetic/synthetic_data_b/Food_Syn/464.jpeg,a photo of a half-track.
./data/synthetic/synthetic_data_b/Food_Syn/465.jpeg,a photo of a cannon.
./data/synthetic/synthetic_data_b/Food_Syn/466.jpeg,a photo of a pillow.
./data/synthetic/synthetic_data_b/Food_Syn/467.jpeg,a photo of a birdhouse.
./data/synthetic/synthetic_data_b/Food_Syn/468.jpeg,a photo of a snoek fish.
./data/synthetic/synthetic_data_b/Food_Syn/469.jpeg,a photo of a cornet.
./data/synthetic/synthetic_data_b/Food_Syn/470.jpeg,a photo of a grey fox.
./data/synthetic/synthetic_data_b/Food_Syn/471.jpeg,a photo of a Standard Schnauzer.
./data/synthetic/synthetic_data_b/Food_Syn/472.jpeg,a photo of a black grouse.
./data/synthetic/synthetic_data_b/Food_Syn/473.jpeg,a photo of a music speaker.
./data/synthetic/synthetic_data_b/Food_Syn/474.jpeg,a photo of a whistle.
./data/synthetic/synthetic_data_b/Food_Syn/475.jpeg,a photo of a sidewinder rattlesnake.
./data/synthetic/synthetic_data_b/Food_Syn/476.jpeg,"a photo of a Toyota Camry Sedan 2012, a type of car."
./data/synthetic/synthetic_data_b/Food_Syn/477.jpeg,a photo of a punching bag.
./data/synthetic/synthetic_data_b/Food_Syn/478.jpeg,a photo of a grey wolf.
./data/synthetic/synthetic_data_b/Food_Syn/479.jpeg,a photo of a Irish Terrier.
./data/synthetic/synthetic_data_b/Food_Syn/480.jpeg,a photo of a hourglass.
./data/synthetic/synthetic_data_b/Food_Syn/481.jpeg,a photo of a mosquito net.
./data/synthetic/synthetic_data_b/Food_Syn/482.jpeg,a photo of a teddy bear.
./data/synthetic/synthetic_data_b/Food_Syn/483.jpeg,a photo of a black-footed ferret.
./data/synthetic/synthetic_data_b/Food_Syn/484.jpeg,a photo of a apron.
./data/synthetic/synthetic_data_b/Food_Syn/485.jpeg,a photo of a Alaskan tundra wolf.
./data/synthetic/synthetic_data_b/Food_Syn/486.jpeg,"a photo of a Fisker Karma Sedan 2012, a type of car."
./data/synthetic/synthetic_data_b/Food_Syn/487.jpeg,a photo of a quill.
./data/synthetic/synthetic_data_b/Food_Syn/488.jpeg,"a photo of a Dodge Sprinter Cargo Van 2009, a type of car."
./data/synthetic/synthetic_data_b/Food_Syn/489.jpeg,"a photo of a BMW 1 Series Coupe 2012, a type of car."
./data/synthetic/synthetic_data_b/Food_Syn/490.jpeg,a photo of a flute.
./data/synthetic/synthetic_data_b/Food_Syn/491.jpeg,a photo of a marmot.
./data/synthetic/synthetic_data_b/Food_Syn/492.jpeg,a photo of a desk.
./data/synthetic/synthetic_data_b/Food_Syn/493.jpeg,a photo of a yellow lady's slipper.
./data/synthetic/synthetic_data_b/Food_Syn/494.jpeg,a photo of a hourglass.
./data/synthetic/synthetic_data_b/Food_Syn/495.jpeg,a photo of a paddle.
./data/synthetic/synthetic_data_b/Food_Syn/496.jpeg,a photo of a German Shepherd Dog.
./data/synthetic/synthetic_data_b/Food_Syn/497.jpeg,a photo of a carbonara.
./data/synthetic/synthetic_data_b/Food_Syn/498.jpeg,a photo of a Pekingese.
./data/synthetic/synthetic_data_b/Food_Syn/499.jpeg,a photo of a leopard.
./data/synthetic/synthetic_data_b/Food_Syn/500.jpeg,a photo of a broom.
./data/synthetic/synthetic_data_b/Food_Syn/501.jpeg,a photo of a spatula.
./data/synthetic/synthetic_data_b/Food_Syn/502.jpeg,"a photo of a Infiniti QX56 SUV 2011, a type of car."
./data/synthetic/synthetic_data_b/Food_Syn/503.jpeg,a photo of a quill.
./data/synthetic/synthetic_data_b/Food_Syn/504.jpeg,a photo of a Irish Terrier.
./data/synthetic/synthetic_data_b/Food_Syn/505.jpeg,a photo of a sombrero.
./data/synthetic/synthetic_data_b/Food_Syn/506.jpeg,a photo of a spotted salamander.
./data/synthetic/synthetic_data_b/Food_Syn/507.jpeg,a photo of a drum.
./data/synthetic/synthetic_data_b/Food_Syn/508.jpeg,"a photo of a FIAT 500 Abarth 2012, a type of car."
./data/synthetic/synthetic_data_b/Food_Syn/509.jpeg,a photo of a Basenji.
./data/synthetic/synthetic_data_b/Food_Syn/510.jpeg,a photo of a bagel.
./data/synthetic/synthetic_data_b/Food_Syn/511.jpeg,a photo of a radio.
./data/synthetic/synthetic_data_b/Food_Syn/512.jpeg,a photo of a dock.
./data/synthetic/synthetic_data_b/Food_Syn/513.jpeg,a photo of a schooner.
./data/synthetic/synthetic_data_b/Food_Syn/514.jpeg,a photo of a refrigerator.
./data/synthetic/synthetic_data_b/Food_Syn/515.jpeg,a photo of a Irish Water Spaniel.
./data/synthetic/synthetic_data_b/Food_Syn/516.jpeg,a photo of a cardboard box / carton.
./data/synthetic/synthetic_data_b/Food_Syn/517.jpeg,a photo of a burrito.
./data/synthetic/synthetic_data_b/Food_Syn/518.jpeg,a photo of a triceratops.
./data/synthetic/synthetic_data_b/Food_Syn/519.jpeg,"a photo of a Lamborghini Reventon Coupe 2008, a type of car."
./data/synthetic/synthetic_data_b/Food_Syn/520.jpeg,a photo of a mountain bike.
./data/synthetic/synthetic_data_b/Food_Syn/521.jpeg,a photo of a bookcase.
./data/synthetic/synthetic_data_b/Food_Syn/522.jpeg,a photo of a spoonbill.
./data/synthetic/synthetic_data_b/Food_Syn/523.jpeg,a photo of a orange.
./data/synthetic/synthetic_data_b/Food_Syn/524.jpeg,a photo of a ladle.
./data/synthetic/synthetic_data_b/Food_Syn/525.jpeg,a photo of a sunglasses.
./data/synthetic/synthetic_data_b/Food_Syn/526.jpeg,a photo of a Greater Swiss Mountain Dog.
./data/synthetic/synthetic_data_b/Food_Syn/527.jpeg,a photo of a cougar.
./data/synthetic/synthetic_data_b/Food_Syn/528.jpeg,a photo of a bee eater.
./data/synthetic/synthetic_data_b/Food_Syn/529.jpeg,a photo of a tarantula.
./data/synthetic/synthetic_data_b/Food_Syn/530.jpeg,a photo of a letter opener.
./data/synthetic/synthetic_data_b/Food_Syn/531.jpeg,"a photo of a Aston Martin V8 Vantage Coupe 2012, a type of car."
./data/synthetic/synthetic_data_b/Food_Syn/532.jpeg,a photo of a Miniature Pinscher.
./data/synthetic/synthetic_data_b/Food_Syn/533.jpeg,a photo of a Scottish Terrier.
./data/synthetic/synthetic_data_b/Food_Syn/534.jpeg,a photo of a automated teller machine.
./data/synthetic/synthetic_data_b/Food_Syn/535.jpeg,"a photo of a Ferrari FF Coupe 2012, a type of car."
./data/synthetic/synthetic_data_b/Food_Syn/536.jpeg,a photo of a red fox.
./data/synthetic/synthetic_data_b/Food_Syn/537.jpeg,a photo of a ski.
./data/synthetic/synthetic_data_b/Food_Syn/538.jpeg,a photo of a popsicle.
./data/synthetic/synthetic_data_b/Food_Syn/539.jpeg,a photo of a reflex camera.
./data/synthetic/synthetic_data_b/Food_Syn/540.jpeg,"a photo of a Ford Mustang Convertible 2007, a type of car."
./data/synthetic/synthetic_data_b/Food_Syn/541.jpeg,a photo of a tile roof.
./data/synthetic/synthetic_data_b/Food_Syn/542.jpeg,a photo of a cicada.
./data/synthetic/synthetic_data_b/Food_Syn/543.jpeg,a photo of a teapot.
./data/synthetic/synthetic_data_b/Food_Syn/544.jpeg,a photo of a Soft-coated Wheaten Terrier.
./data/synthetic/synthetic_data_b/Food_Syn/545.jpeg,"a photo of a Acura TL Sedan 2012, a type of car."
./data/synthetic/synthetic_data_b/Food_Syn/546.jpeg,a photo of a sundial.
./data/synthetic/synthetic_data_b/Food_Syn/547.jpeg,a photo of a goblet.
./data/synthetic/synthetic_data_b/Food_Syn/548.jpeg,a photo of a eastern diamondback rattlesnake.
./data/synthetic/synthetic_data_b/Food_Syn/549.jpeg,a photo of a fishing casting reel.
./data/synthetic/synthetic_data_b/Food_Syn/550.jpeg,a photo of a tandem bicycle.
./data/synthetic/synthetic_data_b/Food_Syn/551.jpeg,a photo of a airplane wing.
./data/synthetic/synthetic_data_b/Food_Syn/552.jpeg,a photo of a wooden spoon.
./data/synthetic/synthetic_data_b/Food_Syn/553.jpeg,a photo of a castle.
./data/synthetic/synthetic_data_b/Food_Syn/554.jpeg,a photo of a printer.
./data/synthetic/synthetic_data_b/Food_Syn/555.jpeg,a photo of a West Highland White Terrier.
./data/synthetic/synthetic_data_b/Food_Syn/556.jpeg,a photo of a racket.
./data/synthetic/synthetic_data_b/Food_Syn/557.jpeg,"a photo of a Ford E-Series Wagon Van 2012, a type of car."
./data/synthetic/synthetic_data_b/Food_Syn/558.jpeg,a photo of a police van.
./data/synthetic/synthetic_data_b/Food_Syn/559.jpeg,a photo of a crayfish.
./data/synthetic/synthetic_data_b/Food_Syn/560.jpeg,a photo of a spider web.
./data/synthetic/synthetic_data_b/Food_Syn/561.jpeg,a photo of a freight car.
./data/synthetic/synthetic_data_b/Food_Syn/562.jpeg,a photo of a giant panda.
./data/synthetic/synthetic_data_b/Food_Syn/563.jpeg,a photo of a Siberian Husky.
./data/synthetic/synthetic_data_b/Food_Syn/564.jpeg,a photo of a bagel.
./data/synthetic/synthetic_data_b/Food_Syn/565.jpeg,a photo of a Yorkshire Terrier.
./data/synthetic/synthetic_data_b/Food_Syn/566.jpeg,a photo of a bath towel.
./data/synthetic/synthetic_data_b/Food_Syn/567.jpeg,a photo of a frilled-necked lizard.
./data/synthetic/synthetic_data_b/Food_Syn/568.jpeg,a photo of a platypus.
./data/synthetic/synthetic_data_b/Food_Syn/569.jpeg,a photo of a oboe.
./data/synthetic/synthetic_data_b/Food_Syn/570.jpeg,a photo of a movie theater.
./data/synthetic/synthetic_data_b/Food_Syn/571.jpeg,a photo of a Great Pyrenees dog.
./data/synthetic/synthetic_data_b/Food_Syn/572.jpeg,"a photo of a MINI Cooper Roadster Convertible 2012, a type of car."
./data/synthetic/synthetic_data_b/Food_Syn/573.jpeg,a photo of a banjo.
./data/synthetic/synthetic_data_b/Food_Syn/574.jpeg,a photo of a dunlin.
./data/synthetic/synthetic_data_b/Food_Syn/575.jpeg,"a photo of a Hyundai Accent Sedan 2012, a type of car."
./data/synthetic/synthetic_data_b/Food_Syn/576.jpeg,a photo of a barbershop.
./data/synthetic/synthetic_data_b/Food_Syn/577.jpeg,a photo of a bell tower.
./data/synthetic/synthetic_data_b/Food_Syn/578.jpeg,a photo of a tool kit.
./data/synthetic/synthetic_data_b/Food_Syn/579.jpeg,a photo of a tent.
./data/synthetic/synthetic_data_b/Food_Syn/580.jpeg,a photo of a ground beetle.
./data/synthetic/synthetic_data_b/Food_Syn/581.jpeg,a photo of a electric ray.
./data/synthetic/synthetic_data_b/Food_Syn/582.jpeg,a photo of a frying pan.
./data/synthetic/synthetic_data_b/Food_Syn/583.jpeg,a photo of a polar bear.
./data/synthetic/synthetic_data_b/Food_Syn/584.jpeg,a photo of a Miniature Poodle.
./data/synthetic/synthetic_data_b/Food_Syn/585.jpeg,"a photo of a Ford Mustang Convertible 2007, a type of car."
./data/synthetic/synthetic_data_b/Food_Syn/586.jpeg,a photo of a cornet.
./data/synthetic/synthetic_data_b/Food_Syn/587.jpeg,a photo of a mink.
./data/synthetic/synthetic_data_b/Food_Syn/588.jpeg,a photo of a Malinois.
./data/synthetic/synthetic_data_b/Food_Syn/589.jpeg,a photo of a worm snake.
./data/synthetic/synthetic_data_b/Food_Syn/590.jpeg,a photo of a grey wolf.
./data/synthetic/synthetic_data_b/Food_Syn/591.jpeg,a photo of a American bullfrog.
./data/synthetic/synthetic_data_b/Food_Syn/592.jpeg,a photo of a pole.
./data/synthetic/synthetic_data_b/Food_Syn/593.jpeg,a photo of a mobile phone.
./data/synthetic/synthetic_data_b/Food_Syn/594.jpeg,a photo of a monastery.
./data/synthetic/synthetic_data_b/Food_Syn/595.jpeg,a photo of a tailed frog.
./data/synthetic/synthetic_data_b/Food_Syn/596.jpeg,a photo of a weasel.
./data/synthetic/synthetic_data_b/Food_Syn/597.jpeg,a photo of a dumbbell.
./data/synthetic/synthetic_data_b/Food_Syn/598.jpeg,a photo of a jellyfish.
./data/synthetic/synthetic_data_b/Food_Syn/599.jpeg,a photo of a Pomeranian.
./data/synthetic/synthetic_data_b/Food_Syn/600.jpeg,a photo of a torch.
./data/synthetic/synthetic_data_b/Food_Syn/601.jpeg,"a photo of a Chrysler Town and Country Minivan 2012, a type of car."
./data/synthetic/synthetic_data_b/Food_Syn/602.jpeg,a photo of a Border Collie.
./data/synthetic/synthetic_data_b/Food_Syn/603.jpeg,a photo of a flamingo.
./data/synthetic/synthetic_data_b/Food_Syn/604.jpeg,a photo of a lakeshore.
./data/synthetic/synthetic_data_b/Food_Syn/605.jpeg,a photo of a crossword.
./data/synthetic/synthetic_data_b/Food_Syn/606.jpeg,a photo of a prayer rug.
./data/synthetic/synthetic_data_b/Food_Syn/607.jpeg,"a photo of a Cadillac SRX SUV 2012, a type of car."
./data/synthetic/synthetic_data_b/Food_Syn/608.jpeg,a photo of a Schipperke.
./data/synthetic/synthetic_data_b/Food_Syn/609.jpeg,a photo of a consomme.
./data/synthetic/synthetic_data_b/Food_Syn/610.jpeg,"a photo of a BMW X5 SUV 2007, a type of car."
./data/synthetic/synthetic_data_b/Food_Syn/611.jpeg,a photo of a bookcase.
./data/synthetic/synthetic_data_b/Food_Syn/612.jpeg,a photo of a macaw.
./data/synthetic/synthetic_data_b/Food_Syn/613.jpeg,"a photo of a Chevrolet TrailBlazer SS 2009, a type of car."
./data/synthetic/synthetic_data_b/Food_Syn/614.jpeg,a photo of a lab coat.
./data/synthetic/synthetic_data_b/Food_Syn/615.jpeg,a photo of a cauliflower.
./data/synthetic/synthetic_data_b/Food_Syn/616.jpeg,a photo of a Indian cobra.
./data/synthetic/synthetic_data_b/Food_Syn/617.jpeg,a photo of a crayfish.
./data/synthetic/synthetic_data_b/Food_Syn/618.jpeg,a photo of a volcano.
./data/synthetic/synthetic_data_b/Food_Syn/619.jpeg,a photo of a steel drum.
./data/synthetic/synthetic_data_b/Food_Syn/620.jpeg,a photo of a triumphal arch.
./data/synthetic/synthetic_data_b/Food_Syn/621.jpeg,a photo of a Irish Water Spaniel.
./data/synthetic/synthetic_data_b/Food_Syn/622.jpeg,"a photo of a Acura TSX Sedan 2012, a type of car."
./data/synthetic/synthetic_data_b/Food_Syn/623.jpeg,a photo of a airplane wing.
./data/synthetic/synthetic_data_b/Food_Syn/624.jpeg,a photo of a sea lion.
./data/synthetic/synthetic_data_b/Food_Syn/625.jpeg,a photo of a Black and Tan Coonhound.
./data/synthetic/synthetic_data_b/Food_Syn/626.jpeg,a photo of a mixing bowl.
./data/synthetic/synthetic_data_b/Food_Syn/627.jpeg,a photo of a longhorn beetle.
./data/synthetic/synthetic_data_b/Food_Syn/628.jpeg,a photo of a crane bird.
./data/synthetic/synthetic_data_b/Food_Syn/629.jpeg,a photo of a Samoyed.
./data/synthetic/synthetic_data_b/Food_Syn/630.jpeg,a photo of a fountain pen.
./data/synthetic/synthetic_data_b/Food_Syn/631.jpeg,"a photo of a HUMMER H3T Crew Cab 2010, a type of car."
./data/synthetic/synthetic_data_b/Food_Syn/632.jpeg,a photo of a moped.
./data/synthetic/synthetic_data_b/Food_Syn/633.jpeg,a photo of a schooner.
./data/synthetic/synthetic_data_b/Food_Syn/634.jpeg,"a photo of a Dodge Ram Pickup 3500 Quad Cab 2009, a type of car."
./data/synthetic/synthetic_data_b/Food_Syn/635.jpeg,a photo of a horse-drawn vehicle.
./data/synthetic/synthetic_data_b/Food_Syn/636.jpeg,a photo of a popsicle.
./data/synthetic/synthetic_data_b/Food_Syn/637.jpeg,"a photo of a BMW M6 Convertible 2010, a type of car."
./data/synthetic/synthetic_data_b/Food_Syn/638.jpeg,a photo of a upright piano.
./data/synthetic/synthetic_data_b/Food_Syn/639.jpeg,a photo of a West Highland White Terrier.
./data/synthetic/synthetic_data_b/Food_Syn/640.jpeg,a photo of a Rottweiler.
./data/synthetic/synthetic_data_b/Food_Syn/641.jpeg,"a photo of a Hyundai Veloster Hatchback 2012, a type of car."
./data/synthetic/synthetic_data_b/Food_Syn/642.jpeg,a photo of a beer bottle.
./data/synthetic/synthetic_data_b/Food_Syn/643.jpeg,a photo of a unicycle.
./data/synthetic/synthetic_data_b/Food_Syn/644.jpeg,a photo of a guacamole.
./data/synthetic/synthetic_data_b/Food_Syn/645.jpeg,a photo of a butcher shop.
./data/synthetic/synthetic_data_b/Food_Syn/646.jpeg,a photo of a tank.
./data/synthetic/synthetic_data_b/Food_Syn/647.jpeg,a photo of a paddle wheel.
./data/synthetic/synthetic_data_b/Food_Syn/648.jpeg,a photo of a ice cream.
./data/synthetic/synthetic_data_b/Food_Syn/649.jpeg,a photo of a spindle.
./data/synthetic/synthetic_data_b/Food_Syn/650.jpeg,a photo of a television.
./data/synthetic/synthetic_data_b/Food_Syn/651.jpeg,a photo of a Dandie Dinmont Terrier.
./data/synthetic/synthetic_data_b/Food_Syn/652.jpeg,a photo of a manhole cover.
./data/synthetic/synthetic_data_b/Food_Syn/653.jpeg,a photo of a trolleybus.
./data/synthetic/synthetic_data_b/Food_Syn/654.jpeg,a photo of a manhole cover.
./data/synthetic/synthetic_data_b/Food_Syn/655.jpeg,a photo of a croquet ball.
./data/synthetic/synthetic_data_b/Food_Syn/656.jpeg,a photo of a rotisserie.
./data/synthetic/synthetic_data_b/Food_Syn/657.jpeg,a photo of a cricket insect.
./data/synthetic/synthetic_data_b/Food_Syn/658.jpeg,a photo of a bubble.
./data/synthetic/synthetic_data_b/Food_Syn/659.jpeg,a photo of a American coot.
./data/synthetic/synthetic_data_b/Food_Syn/660.jpeg,a photo of a Norwich Terrier.
./data/synthetic/synthetic_data_b/Food_Syn/661.jpeg,a photo of a Norwegian Elkhound.
./data/synthetic/synthetic_data_b/Food_Syn/662.jpeg,a photo of a Sealyham Terrier.
./data/synthetic/synthetic_data_b/Food_Syn/663.jpeg,a photo of a vaulted or arched ceiling.
./data/synthetic/synthetic_data_b/Food_Syn/664.jpeg,a photo of a Giant Schnauzer.
./data/synthetic/synthetic_data_b/Food_Syn/665.jpeg,a photo of a revolver.
./data/synthetic/synthetic_data_b/Food_Syn/666.jpeg,a photo of a Miniature Poodle.
./data/synthetic/synthetic_data_b/Food_Syn/667.jpeg,"a photo of a Hyundai Azera Sedan 2012, a type of car."
./data/synthetic/synthetic_data_b/Food_Syn/668.jpeg,a photo of a American lobster.
./data/synthetic/synthetic_data_b/Food_Syn/669.jpeg,"a photo of a Lamborghini Aventador Coupe 2012, a type of car."
./data/synthetic/synthetic_data_b/Food_Syn/670.jpeg,"a photo of a Lamborghini Aventador Coupe 2012, a type of car."
./data/synthetic/synthetic_data_b/Food_Syn/671.jpeg,a photo of a moving van.
./data/synthetic/synthetic_data_b/Food_Syn/672.jpeg,a photo of a Siberian Husky.
./data/synthetic/synthetic_data_b/Food_Syn/673.jpeg,a photo of a sweatshirt.
./data/synthetic/synthetic_data_b/Food_Syn/674.jpeg,a photo of a pirate ship.
./data/synthetic/synthetic_data_b/Food_Syn/675.jpeg,a photo of a tractor.
./data/synthetic/synthetic_data_b/Food_Syn/676.jpeg,a photo of a koala.
./data/synthetic/synthetic_data_b/Food_Syn/677.jpeg,a photo of a hair dryer.
./data/synthetic/synthetic_data_b/Food_Syn/678.jpeg,a photo of a one-piece bathing suit.
./data/synthetic/synthetic_data_b/Food_Syn/679.jpeg,a photo of a pill bottle.
./data/synthetic/synthetic_data_b/Food_Syn/680.jpeg,a photo of a English Setter.
./data/synthetic/synthetic_data_b/Food_Syn/681.jpeg,"a photo of a Suzuki SX4 Sedan 2012, a type of car."
./data/synthetic/synthetic_data_b/Food_Syn/682.jpeg,"a photo of a Bentley Arnage Sedan 2009, a type of car."
./data/synthetic/synthetic_data_b/Food_Syn/683.jpeg,a photo of a bathtub.
./data/synthetic/synthetic_data_b/Food_Syn/684.jpeg,a photo of a cicada.
./data/synthetic/synthetic_data_b/Food_Syn/685.jpeg,a photo of a corn.
./data/synthetic/synthetic_data_b/Food_Syn/686.jpeg,a photo of a bra.
./data/synthetic/synthetic_data_b/Food_Syn/687.jpeg,a photo of a Irish Water Spaniel.
./data/synthetic/synthetic_data_b/Food_Syn/688.jpeg,a photo of a pickup truck.
./data/synthetic/synthetic_data_b/Food_Syn/689.jpeg,"a photo of a Hyundai Azera Sedan 2012, a type of car."
./data/synthetic/synthetic_data_b/Food_Syn/690.jpeg,a photo of a racket.
./data/synthetic/synthetic_data_b/Food_Syn/691.jpeg,a photo of a German Shepherd Dog.
./data/synthetic/synthetic_data_b/Food_Syn/692.jpeg,a photo of a gas mask or respirator.
./data/synthetic/synthetic_data_b/Food_Syn/693.jpeg,"a photo of a Rolls-Royce Ghost Sedan 2012, a type of car."
./data/synthetic/synthetic_data_b/Food_Syn/694.jpeg,a photo of a bucket.
./data/synthetic/synthetic_data_b/Food_Syn/695.jpeg,a photo of a typewriter keyboard.
./data/synthetic/synthetic_data_b/Food_Syn/696.jpeg,"a photo of a Jeep Compass SUV 2012, a type of car."
./data/synthetic/synthetic_data_b/Food_Syn/697.jpeg,"a photo of a Infiniti G Coupe IPL 2012, a type of car."
./data/synthetic/synthetic_data_b/Food_Syn/698.jpeg,a photo of a ring-necked snake.
./data/synthetic/synthetic_data_b/Food_Syn/699.jpeg,a photo of a electric locomotive.
./data/synthetic/synthetic_data_b/Food_Syn/700.jpeg,a photo of a vine snake.
./data/synthetic/synthetic_data_b/Food_Syn/701.jpeg,a photo of a siamang.
./data/synthetic/synthetic_data_b/Food_Syn/702.jpeg,a photo of a folding chair.
./data/synthetic/synthetic_data_b/Food_Syn/703.jpeg,a photo of a music speaker.
./data/synthetic/synthetic_data_b/Food_Syn/704.jpeg,a photo of a padlock.
./data/synthetic/synthetic_data_b/Food_Syn/705.jpeg,a photo of a pier.
./data/synthetic/synthetic_data_b/Food_Syn/706.jpeg,a photo of a house finch.
./data/synthetic/synthetic_data_b/Food_Syn/707.jpeg,a photo of a patas monkey.
./data/synthetic/synthetic_data_b/Food_Syn/708.jpeg,a photo of a cheetah.
./data/synthetic/synthetic_data_b/Food_Syn/709.jpeg,"a photo of a McLaren MP4-12C Coupe 2012, a type of car."
./data/synthetic/synthetic_data_b/Food_Syn/710.jpeg,a photo of a steam locomotive.
./data/synthetic/synthetic_data_b/Food_Syn/711.jpeg,a photo of a dowitcher.
./data/synthetic/synthetic_data_b/Food_Syn/712.jpeg,a photo of a jaguar.
./data/synthetic/synthetic_data_b/Food_Syn/713.jpeg,a photo of a African rock python.
./data/synthetic/synthetic_data_b/Food_Syn/714.jpeg,a photo of a Yorkshire Terrier.
./data/synthetic/synthetic_data_b/Food_Syn/715.jpeg,"a photo of a Dodge Ram Pickup 3500 Quad Cab 2009, a type of car."
./data/synthetic/synthetic_data_b/Food_Syn/716.jpeg,a photo of a beer bottle.
./data/synthetic/synthetic_data_b/Food_Syn/717.jpeg,a photo of a sneaker.
./data/synthetic/synthetic_data_b/Food_Syn/718.jpeg,a photo of a toaster.
./data/synthetic/synthetic_data_b/Food_Syn/719.jpeg,a photo of a popsicle.
./data/synthetic/synthetic_data_b/Food_Syn/720.jpeg,a photo of a palace.
./data/synthetic/synthetic_data_b/Food_Syn/721.jpeg,a photo of a ringlet butterfly.
./data/synthetic/synthetic_data_b/Food_Syn/722.jpeg,a photo of a recreational vehicle.
./data/synthetic/synthetic_data_b/Food_Syn/723.jpeg,a photo of a tights.
./data/synthetic/synthetic_data_b/Food_Syn/724.jpeg,a photo of a monitor.
./data/synthetic/synthetic_data_b/Food_Syn/725.jpeg,"a photo of a Mercedes-Benz SL-Class Coupe 2009, a type of car."
./data/synthetic/synthetic_data_b/Food_Syn/726.jpeg,a photo of a Ibizan Hound.
./data/synthetic/synthetic_data_b/Food_Syn/727.jpeg,a photo of a jellyfish.
./data/synthetic/synthetic_data_b/Food_Syn/728.jpeg,a photo of a lacewing.
./data/synthetic/synthetic_data_b/Food_Syn/729.jpeg,a photo of a ringlet butterfly.
./data/synthetic/synthetic_data_b/Food_Syn/730.jpeg,a photo of a tusker.
./data/synthetic/synthetic_data_b/Food_Syn/731.jpeg,a photo of a English foxhound.
./data/synthetic/synthetic_data_b/Food_Syn/732.jpeg,a photo of a flagpole.
./data/synthetic/synthetic_data_b/Food_Syn/733.jpeg,a photo of a wine bottle.
./data/synthetic/synthetic_data_b/Food_Syn/734.jpeg,a photo of a tray.
./data/synthetic/synthetic_data_b/Food_Syn/735.jpeg,a photo of a stinkhorn mushroom.
./data/synthetic/synthetic_data_b/Food_Syn/736.jpeg,a photo of a window shade.
./data/synthetic/synthetic_data_b/Food_Syn/737.jpeg,a photo of a tape player.
./data/synthetic/synthetic_data_b/Food_Syn/738.jpeg,a photo of a folding chair.
./data/synthetic/synthetic_data_b/Food_Syn/739.jpeg,a photo of a beer glass.
./data/synthetic/synthetic_data_b/Food_Syn/740.jpeg,"a photo of a Buick Enclave SUV 2012, a type of car."
./data/synthetic/synthetic_data_b/Food_Syn/741.jpeg,a photo of a Bouvier des Flandres dog.
./data/synthetic/synthetic_data_b/Food_Syn/742.jpeg,a photo of a patio.
./data/synthetic/synthetic_data_b/Food_Syn/743.jpeg,a photo of a unicycle.
./data/synthetic/synthetic_data_b/Food_Syn/744.jpeg,a photo of a Australian Kelpie.
./data/synthetic/synthetic_data_b/Food_Syn/745.jpeg,a photo of a greenhouse.
./data/synthetic/synthetic_data_b/Food_Syn/746.jpeg,a photo of a hen of the woods mushroom.
./data/synthetic/synthetic_data_b/Food_Syn/747.jpeg,"a photo of a Chrysler Crossfire Convertible 2008, a type of car."
./data/synthetic/synthetic_data_b/Food_Syn/748.jpeg,a photo of a lotion.
./data/synthetic/synthetic_data_b/Food_Syn/749.jpeg,a photo of a hornbill.
./data/synthetic/synthetic_data_b/Food_Syn/750.jpeg,a photo of a bolo tie.
./data/synthetic/synthetic_data_b/Food_Syn/751.jpeg,a photo of a soup bowl.
./data/synthetic/synthetic_data_b/Food_Syn/752.jpeg,a photo of a conch.
./data/synthetic/synthetic_data_b/Food_Syn/753.jpeg,a photo of a American robin.
./data/synthetic/synthetic_data_b/Food_Syn/754.jpeg,a photo of a ballpoint pen.
./data/synthetic/synthetic_data_b/Food_Syn/755.jpeg,a photo of a lab coat.
./data/synthetic/synthetic_data_b/Food_Syn/756.jpeg,a photo of a bassoon.
./data/synthetic/synthetic_data_b/Food_Syn/757.jpeg,a photo of a tabby cat.
./data/synthetic/synthetic_data_b/Food_Syn/758.jpeg,a photo of a crutch.
./data/synthetic/synthetic_data_b/Food_Syn/759.jpeg,a photo of a hard disk drive.
./data/synthetic/synthetic_data_b/Food_Syn/760.jpeg,a photo of a mountain bike.
./data/synthetic/synthetic_data_b/Food_Syn/761.jpeg,a photo of a French Bulldog.
./data/synthetic/synthetic_data_b/Food_Syn/762.jpeg,a photo of a American robin.
./data/synthetic/synthetic_data_b/Food_Syn/763.jpeg,"a photo of a Audi TT Hatchback 2011, a type of car."
./data/synthetic/synthetic_data_b/Food_Syn/764.jpeg,a photo of a upright piano.
./data/synthetic/synthetic_data_b/Food_Syn/765.jpeg,a photo of a black-footed ferret.
./data/synthetic/synthetic_data_b/Food_Syn/766.jpeg,a photo of a Cardigan Welsh Corgi.
./data/synthetic/synthetic_data_b/Food_Syn/767.jpeg,a photo of a weighing scale.
./data/synthetic/synthetic_data_b/Food_Syn/768.jpeg,"a photo of a Dodge Dakota Club Cab 2007, a type of car."
./data/synthetic/synthetic_data_b/Food_Syn/769.jpeg,a photo of a cannon.
./data/synthetic/synthetic_data_b/Food_Syn/770.jpeg,"a photo of a Audi TT RS Coupe 2012, a type of car."
./data/synthetic/synthetic_data_b/Food_Syn/771.jpeg,"a photo of a Jeep Patriot SUV 2012, a type of car."
./data/synthetic/synthetic_data_b/Food_Syn/772.jpeg,a photo of a drink pitcher.
./data/synthetic/synthetic_data_b/Food_Syn/773.jpeg,a photo of a grey whale.
./data/synthetic/synthetic_data_b/Food_Syn/774.jpeg,a photo of a spatula.
./data/synthetic/synthetic_data_b/Food_Syn/775.jpeg,a photo of a partridge.
./data/synthetic/synthetic_data_b/Food_Syn/776.jpeg,a photo of a wallet.
./data/synthetic/synthetic_data_b/Food_Syn/777.jpeg,a photo of a banded gecko.
./data/synthetic/synthetic_data_b/Food_Syn/778.jpeg,a photo of a acorn squash.
./data/synthetic/synthetic_data_b/Food_Syn/779.jpeg,a photo of a Rhodesian Ridgeback.
./data/synthetic/synthetic_data_b/Food_Syn/780.jpeg,a photo of a maraca.
./data/synthetic/synthetic_data_b/Food_Syn/781.jpeg,"a photo of a Spyker C8 Coupe 2009, a type of car."
./data/synthetic/synthetic_data_b/Food_Syn/782.jpeg,a photo of a umbrella.
./data/synthetic/synthetic_data_b/Food_Syn/783.jpeg,"a photo of a Rolls-Royce Phantom Drophead Coupe Convertible 2012, a type of car."
./data/synthetic/synthetic_data_b/Food_Syn/784.jpeg,a photo of a strainer.
./data/synthetic/synthetic_data_b/Food_Syn/785.jpeg,a photo of a thimble.
./data/synthetic/synthetic_data_b/Food_Syn/786.jpeg,a photo of a hard disk drive.
./data/synthetic/synthetic_data_b/Food_Syn/787.jpeg,a photo of a German Shepherd Dog.
./data/synthetic/synthetic_data_b/Food_Syn/788.jpeg,a photo of a tram.
./data/synthetic/synthetic_data_b/Food_Syn/789.jpeg,a photo of a agama.
./data/synthetic/synthetic_data_b/Food_Syn/790.jpeg,a photo of a moped.
./data/synthetic/synthetic_data_b/Food_Syn/791.jpeg,a photo of a hartebeest.
./data/synthetic/synthetic_data_b/Food_Syn/792.jpeg,a photo of a butternut squash.
./data/synthetic/synthetic_data_b/Food_Syn/793.jpeg,a photo of a prayer rug.
./data/synthetic/synthetic_data_b/Food_Syn/794.jpeg,a photo of a American Staffordshire Terrier.
./data/synthetic/synthetic_data_b/Food_Syn/795.jpeg,a photo of a wardrobe.
./data/synthetic/synthetic_data_b/Food_Syn/796.jpeg,a photo of a Clumber Spaniel.
./data/synthetic/synthetic_data_b/Food_Syn/797.jpeg,a photo of a movie theater.
./data/synthetic/synthetic_data_b/Food_Syn/798.jpeg,a photo of a wall clock.
./data/synthetic/synthetic_data_b/Food_Syn/799.jpeg,a photo of a steam locomotive.
./data/synthetic/synthetic_data_b/Food_Syn/800.jpeg,"a photo of a Chevrolet Silverado 1500 Extended Cab 2012, a type of car."
./data/synthetic/synthetic_data_b/Food_Syn/801.jpeg,a photo of a Basset Hound.
./data/synthetic/synthetic_data_b/Food_Syn/802.jpeg,a photo of a keyboard space bar.
./data/synthetic/synthetic_data_b/Food_Syn/803.jpeg,a photo of a magnetic compass.
./data/synthetic/synthetic_data_b/Food_Syn/804.jpeg,a photo of a padlock.
./data/synthetic/synthetic_data_b/Food_Syn/805.jpeg,a photo of a bookcase.
./data/synthetic/synthetic_data_b/Food_Syn/806.jpeg,a photo of a obelisk.
./data/synthetic/synthetic_data_b/Food_Syn/807.jpeg,a photo of a hippopotamus.
./data/synthetic/synthetic_data_b/Food_Syn/808.jpeg,a photo of a King Charles Spaniel.
./data/synthetic/synthetic_data_b/Food_Syn/809.jpeg,"a photo of a Bugatti Veyron 16.4 Coupe 2009, a type of car."
./data/synthetic/synthetic_data_b/Food_Syn/810.jpeg,a photo of a Bouvier des Flandres dog.
./data/synthetic/synthetic_data_b/Food_Syn/811.jpeg,"a photo of a Dodge Ram Pickup 3500 Quad Cab 2009, a type of car."
./data/synthetic/synthetic_data_b/Food_Syn/812.jpeg,"a photo of a Bugatti Veyron 16.4 Convertible 2009, a type of car."
./data/synthetic/synthetic_data_b/Food_Syn/813.jpeg,a photo of a pufferfish.
./data/synthetic/synthetic_data_b/Food_Syn/814.jpeg,a photo of a Pickelhaube.
./data/synthetic/synthetic_data_b/Food_Syn/815.jpeg,a photo of a piggy bank.
./data/synthetic/synthetic_data_b/Food_Syn/816.jpeg,a photo of a ground beetle.
./data/synthetic/synthetic_data_b/Food_Syn/817.jpeg,a photo of a castle.
./data/synthetic/synthetic_data_b/Food_Syn/818.jpeg,a photo of a German Shorthaired Pointer.
./data/synthetic/synthetic_data_b/Food_Syn/819.jpeg,a photo of a meerkat.
./data/synthetic/synthetic_data_b/Food_Syn/820.jpeg,a photo of a cuirass.
./data/synthetic/synthetic_data_b/Food_Syn/821.jpeg,a photo of a airliner.
./data/synthetic/synthetic_data_b/Food_Syn/822.jpeg,a photo of a llama.
./data/synthetic/synthetic_data_b/Food_Syn/823.jpeg,a photo of a stick insect.
./data/synthetic/synthetic_data_b/Food_Syn/824.jpeg,a photo of a Pekingese.
./data/synthetic/synthetic_data_b/Food_Syn/825.jpeg,a photo of a badger.
./data/synthetic/synthetic_data_b/Food_Syn/826.jpeg,"a photo of a Audi RS 4 Convertible 2008, a type of car."
./data/synthetic/synthetic_data_b/Food_Syn/827.jpeg,a photo of a orange.
./data/synthetic/synthetic_data_b/Food_Syn/828.jpeg,"a photo of a Land Rover LR2 SUV 2012, a type of car."
./data/synthetic/synthetic_data_b/Food_Syn/829.jpeg,"a photo of a Toyota Camry Sedan 2012, a type of car."
./data/synthetic/synthetic_data_b/Food_Syn/830.jpeg,a photo of a traffic or street sign.
./data/synthetic/synthetic_data_b/Food_Syn/831.jpeg,"a photo of a MINI Cooper Roadster Convertible 2012, a type of car."
./data/synthetic/synthetic_data_b/Food_Syn/832.jpeg,a photo of a ford model t.
./data/synthetic/synthetic_data_b/Food_Syn/833.jpeg,a photo of a measuring cup.
./data/synthetic/synthetic_data_b/Food_Syn/834.jpeg,a photo of a bee.
./data/synthetic/synthetic_data_b/Food_Syn/835.jpeg,a photo of a water tower.
./data/synthetic/synthetic_data_b/Food_Syn/836.jpeg,a photo of a ruddy turnstone.
./data/synthetic/synthetic_data_b/Food_Syn/837.jpeg,a photo of a chocolate syrup.
./data/synthetic/synthetic_data_b/Food_Syn/838.jpeg,a photo of a window shade.
./data/synthetic/synthetic_data_b/Food_Syn/839.jpeg,a photo of a laptop computer.
./data/synthetic/synthetic_data_b/Food_Syn/840.jpeg,a photo of a fountain.
./data/synthetic/synthetic_data_b/Food_Syn/841.jpeg,a photo of a sea slug.
./data/synthetic/synthetic_data_b/Food_Syn/842.jpeg,a photo of a pill bottle.
./data/synthetic/synthetic_data_b/Food_Syn/843.jpeg,"a photo of a Bentley Arnage Sedan 2009, a type of car."
./data/synthetic/synthetic_data_b/Food_Syn/844.jpeg,a photo of a Chihuahua.
./data/synthetic/synthetic_data_b/Food_Syn/845.jpeg,a photo of a magnetic compass.
./data/synthetic/synthetic_data_b/Food_Syn/846.jpeg,a photo of a bell pepper.
./data/synthetic/synthetic_data_b/Food_Syn/847.jpeg,a photo of a consomme.
./data/synthetic/synthetic_data_b/Food_Syn/848.jpeg,a photo of a wolf spider.
./data/synthetic/synthetic_data_b/Food_Syn/849.jpeg,a photo of a chiton.
./data/synthetic/synthetic_data_b/Food_Syn/850.jpeg,a photo of a radio telescope.
./data/synthetic/synthetic_data_b/Food_Syn/851.jpeg,a photo of a hammer.
./data/synthetic/synthetic_data_b/Food_Syn/852.jpeg,a photo of a Papillon.
./data/synthetic/synthetic_data_b/Food_Syn/853.jpeg,a photo of a Irish Terrier.
./data/synthetic/synthetic_data_b/Food_Syn/854.jpeg,"a photo of a Bentley Continental Supersports Conv. Convertible 2012, a type of car."
./data/synthetic/synthetic_data_b/Food_Syn/855.jpeg,a photo of a shield.
./data/synthetic/synthetic_data_b/Food_Syn/856.jpeg,a photo of a mushroom.
./data/synthetic/synthetic_data_b/Food_Syn/857.jpeg,"a photo of a Toyota 4Runner SUV 2012, a type of car."
./data/synthetic/synthetic_data_b/Food_Syn/858.jpeg,"a photo of a Hyundai Accent Sedan 2012, a type of car."
./data/synthetic/synthetic_data_b/Food_Syn/859.jpeg,a photo of a peafowl.
./data/synthetic/synthetic_data_b/Food_Syn/860.jpeg,a photo of a dust jacket.
./data/synthetic/synthetic_data_b/Food_Syn/861.jpeg,"a photo of a Nissan 240SX Coupe 1998, a type of car."
./data/synthetic/synthetic_data_b/Food_Syn/862.jpeg,a photo of a Asian elephant.
./data/synthetic/synthetic_data_b/Food_Syn/863.jpeg,a photo of a mitten.
./data/synthetic/synthetic_data_b/Food_Syn/864.jpeg,a photo of a geyser.
./data/synthetic/synthetic_data_b/Food_Syn/865.jpeg,"a photo of a BMW 1 Series Convertible 2012, a type of car."
./data/synthetic/synthetic_data_b/Food_Syn/866.jpeg,a photo of a fly.
./data/synthetic/synthetic_data_b/Food_Syn/867.jpeg,a photo of a isopod.
./data/synthetic/synthetic_data_b/Food_Syn/868.jpeg,a photo of a menu.
./data/synthetic/synthetic_data_b/Food_Syn/869.jpeg,a photo of a Vizsla.
./data/synthetic/synthetic_data_b/Food_Syn/870.jpeg,a photo of a park bench.
./data/synthetic/synthetic_data_b/Food_Syn/871.jpeg,a photo of a Whippet.
./data/synthetic/synthetic_data_b/Food_Syn/872.jpeg,"a photo of a BMW M3 Coupe 2012, a type of car."
./data/synthetic/synthetic_data_b/Food_Syn/873.jpeg,a photo of a gazelle.
./data/synthetic/synthetic_data_b/Food_Syn/874.jpeg,a photo of a black grouse.
./data/synthetic/synthetic_data_b/Food_Syn/875.jpeg,a photo of a combination lock.
./data/synthetic/synthetic_data_b/Food_Syn/876.jpeg,a photo of a sink.
./data/synthetic/synthetic_data_b/Food_Syn/877.jpeg,a photo of a water jug.
./data/synthetic/synthetic_data_b/Food_Syn/878.jpeg,"a photo of a Chevrolet Silverado 1500 Extended Cab 2012, a type of car."
./data/synthetic/synthetic_data_b/Food_Syn/879.jpeg,"a photo of a Chevrolet Express Van 2007, a type of car."
./data/synthetic/synthetic_data_b/Food_Syn/880.jpeg,a photo of a sulphur butterfly.
./data/synthetic/synthetic_data_b/Food_Syn/881.jpeg,a photo of a projector.
./data/synthetic/synthetic_data_b/Food_Syn/882.jpeg,a photo of a revolver.
./data/synthetic/synthetic_data_b/Food_Syn/883.jpeg,a photo of a grand piano.
./data/synthetic/synthetic_data_b/Food_Syn/884.jpeg,a photo of a shower cap.
./data/synthetic/synthetic_data_b/Food_Syn/885.jpeg,a photo of a sunglasses.
./data/synthetic/synthetic_data_b/Food_Syn/886.jpeg,a photo of a product packet / packaging.
./data/synthetic/synthetic_data_b/Food_Syn/887.jpeg,a photo of a jellyfish.
./data/synthetic/synthetic_data_b/Food_Syn/888.jpeg,a photo of a odometer.
./data/synthetic/synthetic_data_b/Food_Syn/889.jpeg,a photo of a crane bird.
./data/synthetic/synthetic_data_b/Food_Syn/890.jpeg,a photo of a moving van.
./data/synthetic/synthetic_data_b/Food_Syn/891.jpeg,a photo of a Australian Terrier.
./data/synthetic/synthetic_data_b/Food_Syn/892.jpeg,"a photo of a Isuzu Ascender SUV 2008, a type of car."
./data/synthetic/synthetic_data_b/Food_Syn/893.jpeg,a photo of a shopping cart.
./data/synthetic/synthetic_data_b/Food_Syn/894.jpeg,a photo of a radiator grille.
./data/synthetic/synthetic_data_b/Food_Syn/895.jpeg,a photo of a cradle.
./data/synthetic/synthetic_data_b/Food_Syn/896.jpeg,a photo of a weevil.
./data/synthetic/synthetic_data_b/Food_Syn/897.jpeg,a photo of a obelisk.
./data/synthetic/synthetic_data_b/Food_Syn/898.jpeg,a photo of a Treeing Walker Coonhound.
./data/synthetic/synthetic_data_b/Food_Syn/899.jpeg,"a photo of a Volvo 240 Sedan 1993, a type of car."
./data/synthetic/synthetic_data_b/Food_Syn/900.jpeg,a photo of a snow leopard.
./data/synthetic/synthetic_data_b/Food_Syn/901.jpeg,a photo of a picket fence.
./data/synthetic/synthetic_data_b/Food_Syn/902.jpeg,a photo of a magnetic compass.
./data/synthetic/synthetic_data_b/Food_Syn/903.jpeg,a photo of a snowmobile.
./data/synthetic/synthetic_data_b/Food_Syn/904.jpeg,a photo of a Cardigan Welsh Corgi.
./data/synthetic/synthetic_data_b/Food_Syn/905.jpeg,a photo of a Ibizan Hound.
./data/synthetic/synthetic_data_b/Food_Syn/906.jpeg,a photo of a sawmill.
./data/synthetic/synthetic_data_b/Food_Syn/907.jpeg,"a photo of a Jeep Patriot SUV 2012, a type of car."
./data/synthetic/synthetic_data_b/Food_Syn/908.jpeg,a photo of a safe.
./data/synthetic/synthetic_data_b/Food_Syn/909.jpeg,a photo of a tent.
./data/synthetic/synthetic_data_b/Food_Syn/910.jpeg,a photo of a Keeshond.
./data/synthetic/synthetic_data_b/Food_Syn/911.jpeg,"a photo of a Chrysler 300 SRT-8 2010, a type of car."
./data/synthetic/synthetic_data_b/Food_Syn/912.jpeg,a photo of a Airedale Terrier.
./data/synthetic/synthetic_data_b/Food_Syn/913.jpeg,a photo of a semi-trailer truck.
./data/synthetic/synthetic_data_b/Food_Syn/914.jpeg,"a photo of a Bentley Continental GT Coupe 2012, a type of car."
./data/synthetic/synthetic_data_b/Food_Syn/915.jpeg,a photo of a prayer rug.
./data/synthetic/synthetic_data_b/Food_Syn/916.jpeg,a photo of a box turtle.
./data/synthetic/synthetic_data_b/Food_Syn/917.jpeg,a photo of a printer.
./data/synthetic/synthetic_data_b/Food_Syn/918.jpeg,a photo of a music speaker.
./data/synthetic/synthetic_data_b/Food_Syn/919.jpeg,a photo of a siamang.
./data/synthetic/synthetic_data_b/Food_Syn/920.jpeg,a photo of a beaker.
./data/synthetic/synthetic_data_b/Food_Syn/921.jpeg,a photo of a pan flute.
./data/synthetic/synthetic_data_b/Food_Syn/922.jpeg,a photo of a earth star fungus.
./data/synthetic/synthetic_data_b/Food_Syn/923.jpeg,a photo of a clownfish.
./data/synthetic/synthetic_data_b/Food_Syn/924.jpeg,a photo of a bucket.
./data/synthetic/synthetic_data_b/Food_Syn/925.jpeg,a photo of a tabby cat.
./data/synthetic/synthetic_data_b/Food_Syn/926.jpeg,a photo of a leafhopper.
./data/synthetic/synthetic_data_b/Food_Syn/927.jpeg,a photo of a toy terrier.
./data/synthetic/synthetic_data_b/Food_Syn/928.jpeg,a photo of a iPod.
./data/synthetic/synthetic_data_b/Food_Syn/929.jpeg,a photo of a Golden Retriever.
./data/synthetic/synthetic_data_b/Food_Syn/930.jpeg,"a photo of a Bentley Arnage Sedan 2009, a type of car."
./data/synthetic/synthetic_data_b/Food_Syn/931.jpeg,"a photo of a Ford F-450 Super Duty Crew Cab 2012, a type of car."
./data/synthetic/synthetic_data_b/Food_Syn/932.jpeg,"a photo of a Chrysler 300 SRT-8 2010, a type of car."
./data/synthetic/synthetic_data_b/Food_Syn/933.jpeg,a photo of a wolf spider.
./data/synthetic/synthetic_data_b/Food_Syn/934.jpeg,a photo of a overskirt.
./data/synthetic/synthetic_data_b/Food_Syn/935.jpeg,a photo of a Mexican hairless dog (xoloitzcuintli).
./data/synthetic/synthetic_data_b/Food_Syn/936.jpeg,a photo of a safe.
./data/synthetic/synthetic_data_b/Food_Syn/937.jpeg,a photo of a praying mantis.
./data/synthetic/synthetic_data_b/Food_Syn/938.jpeg,a photo of a Angora rabbit.
./data/synthetic/synthetic_data_b/Food_Syn/939.jpeg,a photo of a guenon.
./data/synthetic/synthetic_data_b/Food_Syn/940.jpeg,a photo of a common sorrel horse.
./data/synthetic/synthetic_data_b/Food_Syn/941.jpeg,a photo of a sink.
./data/synthetic/synthetic_data_b/Food_Syn/942.jpeg,a photo of a sulphur-crested cockatoo.
./data/synthetic/synthetic_data_b/Food_Syn/943.jpeg,a photo of a sweatshirt.
./data/synthetic/synthetic_data_b/Food_Syn/944.jpeg,a photo of a hockey puck.
./data/synthetic/synthetic_data_b/Food_Syn/945.jpeg,a photo of a cello.
./data/synthetic/synthetic_data_b/Food_Syn/946.jpeg,a photo of a wok.
./data/synthetic/synthetic_data_b/Food_Syn/947.jpeg,a photo of a guillotine.
./data/synthetic/synthetic_data_b/Food_Syn/948.jpeg,a photo of a traffic or street sign.
./data/synthetic/synthetic_data_b/Food_Syn/949.jpeg,a photo of a car wheel.
./data/synthetic/synthetic_data_b/Food_Syn/950.jpeg,"a photo of a Dodge Durango SUV 2012, a type of car."
./data/synthetic/synthetic_data_b/Food_Syn/951.jpeg,a photo of a chain-link fence.
./data/synthetic/synthetic_data_b/Food_Syn/952.jpeg,a photo of a loupe magnifying glass.
./data/synthetic/synthetic_data_b/Food_Syn/953.jpeg,a photo of a chocolate syrup.
./data/synthetic/synthetic_data_b/Food_Syn/954.jpeg,a photo of a pufferfish.
./data/synthetic/synthetic_data_b/Food_Syn/955.jpeg,a photo of a radiator.
./data/synthetic/synthetic_data_b/Food_Syn/956.jpeg,"a photo of a Nissan NV Passenger Van 2012, a type of car."
./data/synthetic/synthetic_data_b/Food_Syn/957.jpeg,a photo of a whistle.
./data/synthetic/synthetic_data_b/Food_Syn/958.jpeg,a photo of a bell pepper.
./data/synthetic/synthetic_data_b/Food_Syn/959.jpeg,a photo of a gong.
./data/synthetic/synthetic_data_b/Food_Syn/960.jpeg,a photo of a CRT monitor.
./data/synthetic/synthetic_data_b/Food_Syn/961.jpeg,"a photo of a BMW 3 Series Wagon 2012, a type of car."
./data/synthetic/synthetic_data_b/Food_Syn/962.jpeg,"a photo of a Chrysler PT Cruiser Convertible 2008, a type of car."
./data/synthetic/synthetic_data_b/Food_Syn/963.jpeg,a photo of a throne.
./data/synthetic/synthetic_data_b/Food_Syn/964.jpeg,a photo of a hare.
./data/synthetic/synthetic_data_b/Food_Syn/965.jpeg,a photo of a amphibious vehicle.
./data/synthetic/synthetic_data_b/Food_Syn/966.jpeg,a photo of a Persian cat.
./data/synthetic/synthetic_data_b/Food_Syn/967.jpeg,a photo of a corkscrew.
./data/synthetic/synthetic_data_b/Food_Syn/968.jpeg,a photo of a wombat.
./data/synthetic/synthetic_data_b/Food_Syn/969.jpeg,a photo of a rapeseed.
./data/synthetic/synthetic_data_b/Food_Syn/970.jpeg,a photo of a refrigerator.
./data/synthetic/synthetic_data_b/Food_Syn/971.jpeg,"a photo of a Hyundai Accent Sedan 2012, a type of car."
./data/synthetic/synthetic_data_b/Food_Syn/972.jpeg,a photo of a German Shorthaired Pointer.
./data/synthetic/synthetic_data_b/Food_Syn/973.jpeg,"a photo of a Chevrolet Corvette Ron Fellows Edition Z06 2007, a type of car."
./data/synthetic/synthetic_data_b/Food_Syn/974.jpeg,a photo of a Leonberger.
./data/synthetic/synthetic_data_b/Food_Syn/975.jpeg,a photo of a guillotine.
./data/synthetic/synthetic_data_b/Food_Syn/976.jpeg,a photo of a Italian Greyhound.
./data/synthetic/synthetic_data_b/Food_Syn/977.jpeg,a photo of a sea urchin.
./data/synthetic/synthetic_data_b/Food_Syn/978.jpeg,a photo of a flute.
./data/synthetic/synthetic_data_b/Food_Syn/979.jpeg,a photo of a traffic light.
./data/synthetic/synthetic_data_b/Food_Syn/980.jpeg,"a photo of a Cadillac SRX SUV 2012, a type of car."
./data/synthetic/synthetic_data_b/Food_Syn/981.jpeg,a photo of a ladybug.
./data/synthetic/synthetic_data_b/Food_Syn/982.jpeg,a photo of a military aircraft.
./data/synthetic/synthetic_data_b/Food_Syn/983.jpeg,a photo of a Yorkshire Terrier.
./data/synthetic/synthetic_data_b/Food_Syn/984.jpeg,a photo of a bookstore.
./data/synthetic/synthetic_data_b/Food_Syn/985.jpeg,a photo of a plate.
./data/synthetic/synthetic_data_b/Food_Syn/986.jpeg,a photo of a Pickelhaube.
./data/synthetic/synthetic_data_b/Food_Syn/987.jpeg,a photo of a eastern hog-nosed snake.
./data/synthetic/synthetic_data_b/Food_Syn/988.jpeg,a photo of a teapot.
./data/synthetic/synthetic_data_b/Food_Syn/989.jpeg,a photo of a brain coral.
./data/synthetic/synthetic_data_b/Food_Syn/990.jpeg,a photo of a space heater.
./data/synthetic/synthetic_data_b/Food_Syn/991.jpeg,"a photo of a BMW 3 Series Sedan 2012, a type of car."
./data/synthetic/synthetic_data_b/Food_Syn/992.jpeg,a photo of a rocking chair.
./data/synthetic/synthetic_data_b/Food_Syn/993.jpeg,a photo of a cassette player.
./data/synthetic/synthetic_data_b/Food_Syn/994.jpeg,a photo of a shopping basket.
./data/synthetic/synthetic_data_b/Food_Syn/995.jpeg,a photo of a English foxhound.
./data/synthetic/synthetic_data_b/Food_Syn/996.jpeg,a photo of a eraser.
./data/synthetic/synthetic_data_b/Food_Syn/997.jpeg,a photo of a bra.
./data/synthetic/synthetic_data_b/Food_Syn/998.jpeg,a photo of a garter snake.
./data/synthetic/synthetic_data_b/Food_Syn/999.jpeg,a photo of a military uniform.
